	.section .rodata

	.global gSystemFileArchive
gSystemFileArchive: @ 8300500
@ replacing .incbin "baserom.gba", 0x00300500, 0x72e40
.string "pksdir0\0"
.4byte 11 @ 11 entries (421 level maps)
.4byte DataRootTable
.string "pksdir0\0"

@ Data Root Table
.global DataRootTable
DataRootTable:
.4byte gUnknown_8302014 @ Pointer to font string
.4byte gUnknown_8302024
.4byte gUnknown_8302008 @ Pointer to fontd8x8 string
.4byte gUnknown_8303128
.4byte gUnknown_8302000 @ Pointer to fontpal string
.4byte gUnknown_830612C
.4byte gUnknown_8301FF8 @ Pointer to fontsp string
.4byte gUnknown_830632C
.4byte gUnknown_8301FEC @ Pointer to fontsppa
.4byte gUnknown_8306530
.4byte gUnknown_8301FE0 @ Pointer to itempara
.4byte gUnknown_8306570
.4byte gUnknown_8301FD8 @ Pointer to kanji_a
.4byte gUnknown_830F66C
.4byte gUnknown_8301FD0 @ Pointer to kanji_b
.4byte gUnknown_83191B8
.4byte lvmpString
.4byte lvmpData
.4byte gUnknown_830129C @ Pointer to monspara
.4byte gUnknown_8357B88
.4byte gUnknown_8301290 @ Pointer to wazapara string
.4byte gUnknown_8360BF4
@ End of Data Root Table

.global lvmpString
lvmpString:
.byte 0x6c, 0x76, 0x6d, 0x70, 0x00
.global gUnknown_8301290
gUnknown_8301290:
.string "wazapara\0"
.align 2,0
.global gUnknown_830129C
gUnknown_830129C:
.byte 0x6d, 0x6f, 0x6e, 0x73, 0x70, 0x61, 0x72, 0x61, 0x00, 0x00, 0x00, 0x00
.global gUnknown_83012A8
gUnknown_8301F98:
.byte 0x6c, 0x76, 0x6d, 0x70, 0x30, 0x30, 0x37, 0x00
.global gUnknown_8301FA0
gUnknown_8301FA0:
.byte 0x6c, 0x76, 0x6d, 0x70, 0x30, 0x30, 0x36, 0x00
.global gUnknown_8301FA8
gUnknown_8301FA8:
.byte 0x6c, 0x76, 0x6d, 0x70, 0x30, 0x30, 0x35, 0x00
.global gUnknown_8301FB0
gUnknown_8301FB0:
.byte 0x6c, 0x76, 0x6d, 0x70, 0x30, 0x30, 0x34, 0x00
.global gUnknown_8301FB8
gUnknown_8301FB8:
.byte 0x6c, 0x76, 0x6d, 0x70, 0x30, 0x30, 0x33, 0x00
.global gUnknown_8301FC0
gUnknown_8301FC0:
.byte 0x6c, 0x76, 0x6d, 0x70, 0x30, 0x30, 0x32, 0x00
.global gUnknown_8301FC8
gUnknown_8301FC8:
.byte 0x6c, 0x76, 0x6d, 0x70, 0x30, 0x30, 0x31, 0x00
.global gUnknown_8301FD0
gUnknown_8301FD0:
.byte 0x6b, 0x61, 0x6e, 0x6a, 0x69, 0x5f, 0x62, 0x00
.global gUnknown_8301FD8
gUnknown_8301FD8:
.byte 0x6b, 0x61, 0x6e, 0x6a, 0x69, 0x5f, 0x61, 0x00
.global gUnknown_8301FE0
gUnknown_8301FE0:
.byte 0x69, 0x74, 0x65, 0x6d, 0x70, 0x61, 0x72, 0x61, 0x00, 0x00, 0x00, 0x00
.global gUnknown_8301FEC
gUnknown_8301FEC:
.byte 0x66, 0x6f, 0x6e, 0x74, 0x73, 0x70, 0x70, 0x61, 0x00, 0x00, 0x00, 0x00
.global gUnknown_8301FF8
gUnknown_8301FF8:
.byte 0x66, 0x6f, 0x6e, 0x74, 0x73, 0x70, 0x00, 0x00
.global gUnknown_8302000
gUnknown_8302000:
.byte 0x66, 0x6f, 0x6e, 0x74, 0x70, 0x61, 0x6c, 0x00
.global gUnknown_8302008
gUnknown_8302008:
.byte 0x66, 0x6f, 0x6e, 0x74, 0x64, 0x38, 0x78, 0x38, 0x00, 0x00, 0x00, 0x00
.global gUnknown_8302014
gUnknown_8302014:
.byte 0x66, 0x6f, 0x6e, 0x74, 0x00, 0x00, 0x00, 0x00, 0x70, 0x6b, 0x73, 0x64
.byte 0x69, 0x72, 0x30, 0x00
.global gUnknown_8302024
gUnknown_8302024:
.byte 0x88, 0x00, 0x00, 0x00, 0x00, 0x00, 0x00, 0x00, 0x00, 0x00, 0x00, 0x00, 0x00, 0x00, 0x00, 0x00, 0x00, 0x00, 0x00, 0x00, 0x00, 0x00, 0x00, 0x00, 0x00, 0x00, 0x00, 0x00
.byte 0x00, 0x00, 0x00, 0x00, 0x00, 0x00, 0x00, 0x00, 0x03, 0x00, 0x00, 0x00, 0x03, 0x00, 0x00, 0x00, 0x03, 0x00, 0x00, 0x00, 0x03, 0x00, 0x00, 0x00, 0x03, 0x00, 0x00, 0x00, 0x03, 0x00, 0x00, 0x00
.byte 0x03, 0x00, 0x00, 0x00, 0x03, 0x00, 0x00, 0x00, 0x77, 0x77, 0x77, 0x77, 0x77, 0x77, 0x77, 0x77, 0x77, 0x77, 0x77, 0x77, 0x77, 0x77, 0x77, 0x77, 0x77, 0x77, 0x77, 0x77, 0x77, 0x77, 0x77, 0x77
.byte 0x77, 0x77, 0x77, 0x77, 0x77, 0x77, 0x77, 0x77, 0x00, 0x00, 0x00, 0x00, 0x10, 0x11, 0x11, 0x00, 0x11, 0x17, 0x17, 0x01, 0x71, 0x77, 0x77, 0x01, 0x11, 0x17, 0x17, 0x01, 0x71, 0x77, 0x77, 0x01
.byte 0x11, 0x17, 0x17, 0x01, 0x10, 0x11, 0x11, 0x00, 0x00, 0x11, 0x01, 0x00, 0x10, 0x71, 0x11, 0x01, 0x11, 0x77, 0x77, 0x01, 0x71, 0x71, 0x11, 0x01, 0x11, 0x77, 0x17, 0x01, 0x11, 0x71, 0x71, 0x01
.byte 0x71, 0x77, 0x17, 0x01, 0x11, 0x71, 0x11, 0x00, 0x00, 0x00, 0x00, 0x00, 0x11, 0x11, 0x11, 0x01, 0x71, 0x17, 0x71, 0x01, 0x71, 0x17, 0x17, 0x01, 0x11, 0x71, 0x11, 0x01, 0x11, 0x17, 0x77, 0x01
.byte 0x71, 0x11, 0x77, 0x01, 0x11, 0x11, 0x11, 0x01, 0x10, 0x11, 0x01, 0x00, 0x11, 0x77, 0x11, 0x00, 0x71, 0x11, 0x17, 0x00, 0x71, 0x11, 0x17, 0x00, 0x11, 0x77, 0x11, 0x11, 0x71, 0x11, 0x17, 0x17
.byte 0x71, 0x11, 0x71, 0x11, 0x11, 0x77, 0x17, 0x17, 0x00, 0x10, 0x11, 0x00, 0x00, 0x11, 0x17, 0x00, 0x10, 0x71, 0x11, 0x00, 0x10, 0x17, 0x01, 0x00, 0x10, 0x11, 0x00, 0x00, 0x00, 0x00, 0x00, 0x00
.byte 0x00, 0x00, 0x00, 0x00, 0x00, 0x00, 0x00, 0x00, 0x00, 0x10, 0x11, 0x00, 0x00, 0x11, 0x17, 0x00, 0x10, 0x71, 0x11, 0x00, 0x10, 0x17, 0x01, 0x00, 0x10, 0x17, 0x01, 0x00, 0x10, 0x71, 0x11, 0x00
.byte 0x00, 0x11, 0x17, 0x00, 0x00, 0x10, 0x11, 0x00, 0x10, 0x11, 0x00, 0x00, 0x10, 0x17, 0x01, 0x00, 0x10, 0x71, 0x11, 0x00, 0x00, 0x11, 0x17, 0x00, 0x00, 0x11, 0x17, 0x00, 0x10, 0x71, 0x11, 0x00
.byte 0x10, 0x17, 0x01, 0x00, 0x10, 0x11, 0x00, 0x00, 0x00, 0x00, 0x00, 0x00, 0x11, 0x11, 0x11, 0x01, 0x71, 0x71, 0x71, 0x01, 0x11, 0x77, 0x17, 0x01, 0x71, 0x77, 0x77, 0x01, 0x11, 0x77, 0x17, 0x01
.byte 0x71, 0x71, 0x71, 0x01, 0x11, 0x11, 0x11, 0x01, 0x00, 0x00, 0x00, 0x00, 0x00, 0x11, 0x01, 0x00, 0x00, 0x71, 0x01, 0x00, 0x11, 0x71, 0x11, 0x01, 0x71, 0x77, 0x77, 0x01, 0x11, 0x71, 0x11, 0x01
.byte 0x00, 0x71, 0x01, 0x00, 0x00, 0x11, 0x01, 0x00, 0x00, 0x00, 0x00, 0x00, 0x00, 0x00, 0x00, 0x00, 0x00, 0x00, 0x00, 0x00, 0x00, 0x11, 0x01, 0x00, 0x00, 0x71, 0x01, 0x00, 0x10, 0x71, 0x01, 0x00
.byte 0x10, 0x17, 0x01, 0x00, 0x10, 0x11, 0x00, 0x00, 0x00, 0x00, 0x00, 0x00, 0x00, 0x00, 0x00, 0x00, 0x00, 0x00, 0x00, 0x00, 0x11, 0x11, 0x11, 0x01, 0x71, 0x77, 0x77, 0x01, 0x11, 0x11, 0x11, 0x01
.byte 0x00, 0x00, 0x00, 0x00, 0x00, 0x00, 0x00, 0x00, 0x00, 0x00, 0x00, 0x00, 0x00, 0x00, 0x00, 0x00, 0x00, 0x00, 0x00, 0x00, 0x00, 0x00, 0x00, 0x00, 0x10, 0x11, 0x01, 0x00, 0x10, 0x77, 0x01, 0x00
.byte 0x10, 0x77, 0x01, 0x00, 0x10, 0x11, 0x01, 0x00, 0x00, 0x00, 0x00, 0x00, 0x00, 0x00, 0x11, 0x01, 0x00, 0x10, 0x71, 0x01, 0x00, 0x11, 0x17, 0x01, 0x10, 0x71, 0x11, 0x00, 0x11, 0x17, 0x01, 0x00
.byte 0x71, 0x11, 0x00, 0x00, 0x11, 0x01, 0x00, 0x00, 0x00, 0x88, 0x88, 0x00, 0x80, 0x77, 0x77, 0x08, 0x78, 0x87, 0x78, 0x87, 0x78, 0x87, 0x78, 0x87, 0x78, 0x87, 0x78, 0x87, 0x78, 0x87, 0x78, 0x87
.byte 0x80, 0x77, 0x77, 0x08, 0x00, 0x88, 0x88, 0x00, 0x00, 0x80, 0x88, 0x00, 0x00, 0x78, 0x87, 0x00, 0x80, 0x77, 0x87, 0x00, 0x00, 0x78, 0x87, 0x00, 0x00, 0x78, 0x87, 0x00, 0x00, 0x78, 0x87, 0x00
.byte 0x80, 0x77, 0x77, 0x08, 0x00, 0x88, 0x88, 0x00, 0x00, 0x88, 0x88, 0x00, 0x80, 0x77, 0x77, 0x08, 0x78, 0x87, 0x78, 0x87, 0x80, 0x88, 0x77, 0x87, 0x80, 0x77, 0x87, 0x08, 0x78, 0x87, 0x88, 0x08
.byte 0x78, 0x77, 0x77, 0x87, 0x80, 0x88, 0x88, 0x08, 0x00, 0x88, 0x88, 0x08, 0x80, 0x77, 0x77, 0x88, 0x78, 0x87, 0x78, 0x87, 0x80, 0x78, 0x77, 0x08, 0x80, 0x88, 0x78, 0x87, 0x78, 0x87, 0x78, 0x87
.byte 0x80, 0x77, 0x77, 0x08, 0x00, 0x88, 0x88, 0x00, 0x00, 0x00, 0x88, 0x08, 0x00, 0x80, 0x77, 0x87, 0x00, 0x78, 0x77, 0x87, 0x80, 0x77, 0x78, 0x87, 0x78, 0x87, 0x78, 0x87, 0x78, 0x77, 0x77, 0x77
.byte 0x80, 0x88, 0x78, 0x87, 0x00, 0x00, 0x80, 0x08, 0x80, 0x88, 0x88, 0x08, 0x78, 0x77, 0x77, 0x87, 0x78, 0x87, 0x88, 0x08, 0x78, 0x77, 0x77, 0x08, 0x80, 0x88, 0x78, 0x87, 0x78, 0x87, 0x78, 0x87
.byte 0x80, 0x77, 0x77, 0x08, 0x00, 0x88, 0x88, 0x00, 0x00, 0x88, 0x88, 0x00, 0x80, 0x77, 0x77, 0x08, 0x78, 0x87, 0x88, 0x00, 0x78, 0x77, 0x77, 0x08, 0x78, 0x87, 0x78, 0x87, 0x78, 0x87, 0x78, 0x87
.byte 0x80, 0x77, 0x77, 0x08, 0x00, 0x88, 0x88, 0x00, 0x80, 0x88, 0x88, 0x00, 0x78, 0x77, 0x77, 0x08, 0x80, 0x88, 0x77, 0x08, 0x00, 0x78, 0x87, 0x00, 0x00, 0x78, 0x87, 0x00, 0x80, 0x77, 0x08, 0x00
.byte 0x80, 0x77, 0x08, 0x00, 0x00, 0x88, 0x00, 0x00, 0x00, 0x88, 0x88, 0x00, 0x80, 0x77, 0x77, 0x08, 0x78, 0x87, 0x78, 0x87, 0x80, 0x77, 0x77, 0x08, 0x78, 0x87, 0x78, 0x87, 0x78, 0x87, 0x78, 0x87
.byte 0x80, 0x77, 0x77, 0x08, 0x00, 0x88, 0x88, 0x00, 0x00, 0x88, 0x88, 0x00, 0x80, 0x77, 0x77, 0x08, 0x78, 0x87, 0x78, 0x87, 0x78, 0x87, 0x78, 0x87, 0x80, 0x77, 0x77, 0x87, 0x00, 0x88, 0x78, 0x87
.byte 0x80, 0x77, 0x77, 0x08, 0x00, 0x88, 0x88, 0x00, 0x00, 0x00, 0x00, 0x00, 0x00, 0x11, 0x01, 0x00, 0x00, 0x71, 0x01, 0x00, 0x00, 0x11, 0x01, 0x00, 0x00, 0x11, 0x01, 0x00, 0x00, 0x71, 0x01, 0x00
.byte 0x00, 0x11, 0x01, 0x00, 0x00, 0x00, 0x00, 0x00, 0x00, 0x10, 0x11, 0x11, 0x00, 0x11, 0x11, 0x11, 0x10, 0x11, 0x11, 0x11, 0x11, 0x11, 0x11, 0x11, 0x11, 0x11, 0x11, 0x11, 0x11, 0x11, 0x11, 0x11
.byte 0x11, 0x11, 0x11, 0x11, 0x11, 0x11, 0x11, 0x11, 0x80, 0x08, 0x80, 0x88, 0x78, 0x87, 0x78, 0x77, 0x77, 0x87, 0x77, 0x88, 0x78, 0x87, 0x77, 0x88, 0x78, 0x87, 0x77, 0x88, 0x78, 0x87, 0x77, 0x88
.byte 0x77, 0x77, 0x78, 0x77, 0x88, 0x88, 0x80, 0x88, 0x00, 0x88, 0x88, 0x00, 0x88, 0x78, 0x77, 0x08, 0x87, 0x77, 0x88, 0x87, 0x87, 0x77, 0x88, 0x87, 0x87, 0x77, 0x88, 0x87, 0x87, 0x77, 0x88, 0x87
.byte 0x88, 0x78, 0x77, 0x08, 0x00, 0x88, 0x88, 0x00, 0x10, 0x11, 0x00, 0x00, 0x10, 0x17, 0x01, 0x00, 0x10, 0x71, 0x11, 0x00, 0x00, 0x11, 0x17, 0x00, 0x00, 0x11, 0x17, 0x00, 0x10, 0x71, 0x11, 0x00
.byte 0x10, 0x17, 0x01, 0x00, 0x10, 0x11, 0x00, 0x00, 0x00, 0xf0, 0xff, 0xff, 0x00, 0xef, 0xee, 0xee, 0xf0, 0xee, 0xee, 0xde, 0xef, 0xee, 0xee, 0x0d, 0xef, 0xee, 0xee, 0x0d, 0xef, 0xee, 0xee, 0x0d
.byte 0xef, 0xee, 0xee, 0x0d, 0xef, 0xee, 0xee, 0x0d, 0x00, 0x11, 0x11, 0x01, 0x10, 0x71, 0x77, 0x11, 0x11, 0x17, 0x11, 0x17, 0x71, 0x71, 0x17, 0x17, 0x71, 0x71, 0x71, 0x11, 0x71, 0x11, 0x17, 0x11
.byte 0x11, 0x77, 0x77, 0x17, 0x10, 0x11, 0x11, 0x11, 0x00, 0x11, 0x11, 0x00, 0x10, 0x71, 0x17, 0x01, 0x11, 0x17, 0x71, 0x11, 0x71, 0x11, 0x11, 0x17, 0x71, 0x11, 0x11, 0x17, 0x71, 0x77, 0x77, 0x17
.byte 0x71, 0x11, 0x11, 0x17, 0x11, 0x01, 0x10, 0x11, 0x11, 0x11, 0x11, 0x01, 0x71, 0x77, 0x77, 0x11, 0x71, 0x11, 0x11, 0x17, 0x71, 0x77, 0x77, 0x11, 0x71, 0x11, 0x11, 0x17, 0x71, 0x11, 0x11, 0x17
.byte 0x71, 0x77, 0x77, 0x11, 0x11, 0x11, 0x11, 0x01, 0x10, 0x11, 0x11, 0x01, 0x11, 0x77, 0x77, 0x11, 0x71, 0x11, 0x11, 0x17, 0x71, 0x01, 0x10, 0x11, 0x71, 0x01, 0x10, 0x11, 0x71, 0x11, 0x11, 0x17
.byte 0x11, 0x77, 0x77, 0x11, 0x10, 0x11, 0x11, 0x01, 0x11, 0x11, 0x11, 0x01, 0x71, 0x77, 0x77, 0x11, 0x71, 0x11, 0x11, 0x17, 0x71, 0x01, 0x10, 0x17, 0x71, 0x01, 0x10, 0x17, 0x71, 0x11, 0x11, 0x17
.byte 0x71, 0x77, 0x77, 0x11, 0x11, 0x11, 0x11, 0x01, 0x11, 0x11, 0x11, 0x11, 0x71, 0x77, 0x77, 0x17, 0x71, 0x11, 0x11, 0x11, 0x71, 0x77, 0x77, 0x01, 0x71, 0x11, 0x11, 0x01, 0x71, 0x11, 0x11, 0x11
.byte 0x71, 0x77, 0x77, 0x17, 0x11, 0x11, 0x11, 0x11, 0x11, 0x11, 0x11, 0x11, 0x71, 0x77, 0x77, 0x17, 0x71, 0x11, 0x11, 0x11, 0x71, 0x77, 0x77, 0x01, 0x71, 0x11, 0x11, 0x01, 0x71, 0x01, 0x00, 0x00
.byte 0x71, 0x01, 0x00, 0x00, 0x11, 0x01, 0x00, 0x00, 0x10, 0x11, 0x11, 0x11, 0x11, 0x77, 0x77, 0x17, 0x71, 0x11, 0x11, 0x11, 0x71, 0x01, 0x11, 0x11, 0x71, 0x01, 0x77, 0x17, 0x71, 0x11, 0x11, 0x17
.byte 0x11, 0x77, 0x77, 0x17, 0x10, 0x11, 0x11, 0x11, 0x11, 0x01, 0x10, 0x11, 0x71, 0x01, 0x10, 0x17, 0x71, 0x11, 0x11, 0x17, 0x71, 0x77, 0x77, 0x17, 0x71, 0x11, 0x11, 0x17, 0x71, 0x01, 0x10, 0x17
.byte 0x71, 0x01, 0x10, 0x17, 0x11, 0x01, 0x10, 0x11, 0x10, 0x11, 0x11, 0x00, 0x10, 0x77, 0x17, 0x00, 0x10, 0x71, 0x11, 0x00, 0x00, 0x71, 0x01, 0x00, 0x00, 0x71, 0x01, 0x00, 0x10, 0x71, 0x11, 0x00
.byte 0x10, 0x77, 0x17, 0x00, 0x10, 0x11, 0x11, 0x00, 0x10, 0x11, 0x11, 0x01, 0x10, 0x77, 0x77, 0x01, 0x10, 0x11, 0x17, 0x01, 0x00, 0x10, 0x17, 0x00, 0x11, 0x11, 0x17, 0x00, 0x71, 0x11, 0x17, 0x00
.byte 0x11, 0x77, 0x11, 0x00, 0x10, 0x11, 0x01, 0x00, 0x11, 0x11, 0x11, 0x00, 0x71, 0x11, 0x17, 0x00, 0x71, 0x71, 0x11, 0x00, 0x71, 0x17, 0x01, 0x00, 0x71, 0x17, 0x01, 0x00, 0x71, 0x71, 0x11, 0x01
.byte 0x71, 0x11, 0x77, 0x01, 0x11, 0x11, 0x11, 0x01, 0x11, 0x01, 0x00, 0x00, 0x71, 0x01, 0x00, 0x00, 0x71, 0x01, 0x00, 0x00, 0x71, 0x01, 0x00, 0x00, 0x71, 0x01, 0x00, 0x00, 0x71, 0x11, 0x11, 0x11
.byte 0x71, 0x77, 0x77, 0x17, 0x11, 0x11, 0x11, 0x11, 0x11, 0x01, 0x00, 0x11, 0x71, 0x11, 0x10, 0x17, 0x71, 0x17, 0x71, 0x17, 0x71, 0x71, 0x17, 0x17, 0x71, 0x11, 0x11, 0x17, 0x71, 0x11, 0x11, 0x17
.byte 0x71, 0x01, 0x10, 0x17, 0x11, 0x01, 0x10, 0x11, 0x11, 0x01, 0x10, 0x11, 0x71, 0x11, 0x10, 0x17, 0x71, 0x17, 0x11, 0x17, 0x71, 0x71, 0x11, 0x17, 0x71, 0x11, 0x17, 0x17, 0x71, 0x11, 0x71, 0x17
.byte 0x71, 0x01, 0x11, 0x17, 0x11, 0x01, 0x10, 0x11, 0x10, 0x11, 0x11, 0x01, 0x11, 0x77, 0x77, 0x11, 0x71, 0x11, 0x11, 0x17, 0x71, 0x01, 0x10, 0x17, 0x71, 0x01, 0x10, 0x17, 0x71, 0x11, 0x11, 0x17
.byte 0x11, 0x77, 0x77, 0x11, 0x10, 0x11, 0x11, 0x01, 0x11, 0x11, 0x11, 0x01, 0x71, 0x77, 0x77, 0x11, 0x71, 0x11, 0x11, 0x17, 0x71, 0x11, 0x11, 0x17, 0x71, 0x77, 0x77, 0x11, 0x71, 0x11, 0x11, 0x01
.byte 0x71, 0x01, 0x00, 0x00, 0x11, 0x01, 0x00, 0x00, 0x10, 0x11, 0x11, 0x01, 0x11, 0x77, 0x77, 0x11, 0x71, 0x11, 0x11, 0x17, 0x71, 0x01, 0x10, 0x17, 0x71, 0x01, 0x17, 0x17, 0x71, 0x11, 0x71, 0x11
.byte 0x11, 0x77, 0x17, 0x17, 0x10, 0x11, 0x11, 0x11, 0x11, 0x11, 0x11, 0x01, 0x71, 0x77, 0x77, 0x11, 0x71, 0x11, 0x11, 0x17, 0x71, 0x11, 0x11, 0x17, 0x71, 0x77, 0x77, 0x11, 0x71, 0x11, 0x17, 0x11
.byte 0x71, 0x11, 0x71, 0x17, 0x11, 0x01, 0x11, 0x11, 0x10, 0x11, 0x11, 0x01, 0x11, 0x77, 0x77, 0x11, 0x71, 0x11, 0x11, 0x17, 0x11, 0x77, 0x11, 0x11, 0x11, 0x11, 0x77, 0x11, 0x71, 0x11, 0x11, 0x17
.byte 0x11, 0x77, 0x77, 0x11, 0x10, 0x11, 0x11, 0x01, 0x11, 0x11, 0x11, 0x01, 0x71, 0x77, 0x77, 0x01, 0x11, 0x71, 0x11, 0x01, 0x00, 0x71, 0x01, 0x00, 0x00, 0x71, 0x01, 0x00, 0x00, 0x71, 0x01, 0x00
.byte 0x00, 0x71, 0x01, 0x00, 0x00, 0x11, 0x01, 0x00, 0x11, 0x01, 0x10, 0x11, 0x71, 0x01, 0x10, 0x17, 0x71, 0x01, 0x10, 0x17, 0x71, 0x01, 0x10, 0x17, 0x71, 0x01, 0x10, 0x17, 0x71, 0x11, 0x11, 0x17
.byte 0x11, 0x77, 0x77, 0x11, 0x10, 0x11, 0x11, 0x01, 0x11, 0x01, 0x11, 0x01, 0x71, 0x01, 0x71, 0x01, 0x71, 0x01, 0x71, 0x01, 0x71, 0x11, 0x71, 0x01, 0x11, 0x17, 0x17, 0x01, 0x10, 0x17, 0x17, 0x00
.byte 0x10, 0x71, 0x11, 0x00, 0x00, 0x11, 0x01, 0x00, 0x11, 0x01, 0x10, 0x11, 0x71, 0x01, 0x10, 0x17, 0x71, 0x01, 0x10, 0x17, 0x71, 0x11, 0x11, 0x17, 0x71, 0x71, 0x17, 0x17, 0x71, 0x17, 0x71, 0x17
.byte 0x71, 0x11, 0x11, 0x17, 0x11, 0x01, 0x10, 0x11, 0x00, 0x00, 0x00, 0x00, 0x10, 0x11, 0x10, 0x11, 0x10, 0x17, 0x11, 0x17, 0x10, 0x71, 0x71, 0x11, 0x00, 0x11, 0x17, 0x01, 0x10, 0x71, 0x71, 0x11
.byte 0x10, 0x17, 0x11, 0x17, 0x10, 0x11, 0x10, 0x11, 0x11, 0x01, 0x11, 0x01, 0x71, 0x01, 0x71, 0x01, 0x71, 0x11, 0x71, 0x01, 0x11, 0x17, 0x17, 0x01, 0x10, 0x71, 0x11, 0x00, 0x00, 0x71, 0x01, 0x00
.byte 0x00, 0x71, 0x01, 0x00, 0x00, 0x11, 0x01, 0x00, 0x11, 0x11, 0x11, 0x11, 0x71, 0x77, 0x77, 0x17, 0x11, 0x11, 0x71, 0x11, 0x00, 0x71, 0x11, 0x01, 0x00, 0x11, 0x17, 0x00, 0x11, 0x17, 0x11, 0x11
.byte 0x71, 0x77, 0x77, 0x17, 0x11, 0x11, 0x11, 0x11, 0x00, 0x00, 0x00, 0x00, 0x00, 0x00, 0x00, 0x00, 0x00, 0x00, 0x00, 0x00, 0x00, 0x00, 0x11, 0x11, 0x00, 0x11, 0x71, 0x17, 0x11, 0x71, 0x17, 0x11
.byte 0x71, 0x17, 0x11, 0x00, 0x11, 0x11, 0x00, 0x00, 0x00, 0x00, 0x00, 0x00, 0x00, 0x00, 0x00, 0x00, 0x10, 0x11, 0x11, 0x11, 0x11, 0x77, 0x11, 0x17, 0x71, 0x11, 0x77, 0x11, 0x11, 0x11, 0x11, 0x01
.byte 0x00, 0x00, 0x00, 0x00, 0x00, 0x00, 0x00, 0x00, 0x00, 0x00, 0x00, 0x00, 0x00, 0x00, 0x00, 0x00, 0x00, 0x11, 0x11, 0x00, 0x00, 0x71, 0x17, 0x00, 0x00, 0x71, 0x17, 0x00, 0x00, 0x11, 0x11, 0x00
.byte 0x00, 0x00, 0x00, 0x00, 0x00, 0x00, 0x00, 0x00, 0x44, 0x44, 0x44, 0x44, 0x44, 0x44, 0x44, 0x44, 0x44, 0x44, 0x44, 0x44, 0x44, 0x44, 0x44, 0x44, 0x44, 0x44, 0x44, 0x44, 0x44, 0x44, 0x44, 0x44
.byte 0x44, 0x44, 0x44, 0x44, 0x44, 0x44, 0x44, 0x44, 0x00, 0x00, 0x00, 0x00, 0x00, 0x00, 0x00, 0x00, 0x00, 0x00, 0x00, 0x00, 0x00, 0x00, 0x00, 0x00, 0x00, 0x00, 0x00, 0x00, 0x11, 0x11, 0x11, 0x11
.byte 0x71, 0x77, 0x77, 0x17, 0x11, 0x11, 0x11, 0x11, 0x80, 0x88, 0x88, 0x00, 0xc8, 0xcc, 0xcc, 0x08, 0xc8, 0x8c, 0x88, 0x00, 0xc8, 0x8c, 0x08, 0x00, 0xc8, 0xcc, 0x8c, 0x00, 0xc8, 0x8c, 0x08, 0x00
.byte 0xc8, 0x8c, 0x00, 0x00, 0x80, 0x08, 0x00, 0x00, 0x00, 0x88, 0x00, 0x00, 0x80, 0xcc, 0x08, 0x00, 0x80, 0xcc, 0x08, 0x80, 0x80, 0xcc, 0x08, 0xc8, 0x80, 0xcc, 0x08, 0xc8, 0x80, 0xcc, 0x88, 0xc8
.byte 0x80, 0xcc, 0xcc, 0x88, 0x00, 0x88, 0x88, 0x80, 0x00, 0x00, 0x00, 0x00, 0x00, 0x00, 0x00, 0x00, 0x80, 0x00, 0x00, 0x00, 0xc8, 0x08, 0x00, 0x00, 0xc8, 0x08, 0x00, 0x00, 0xc8, 0x08, 0x00, 0x00
.byte 0x8c, 0x00, 0x00, 0x00, 0x08, 0x00, 0x00, 0x00, 0x00, 0x00, 0x88, 0x80, 0x00, 0x80, 0xcc, 0xc8, 0x00, 0x80, 0xcc, 0xc8, 0x00, 0x80, 0xcc, 0xcc, 0x00, 0x80, 0xcc, 0xc8, 0x00, 0x80, 0xcc, 0xc8
.byte 0x00, 0x80, 0xcc, 0xc8, 0x00, 0x00, 0x88, 0x80, 0x08, 0x88, 0x88, 0x00, 0x8c, 0xcc, 0xcc, 0x08, 0x8c, 0xcc, 0xc8, 0x8c, 0x8c, 0xcc, 0xc8, 0x8c, 0x8c, 0xcc, 0xcc, 0x08, 0x8c, 0xcc, 0x88, 0x00
.byte 0x8c, 0xcc, 0x08, 0x00, 0x08, 0x88, 0x00, 0x00, 0x00, 0x80, 0x08, 0x00, 0x00, 0xc8, 0x8c, 0x00, 0x00, 0xc8, 0x8c, 0x00, 0x80, 0xcc, 0x08, 0x00, 0x80, 0xcc, 0x08, 0x00, 0xc8, 0x8c, 0x00, 0x00
.byte 0xc8, 0x8c, 0x00, 0x00, 0x80, 0x08, 0x00, 0x00, 0x80, 0x88, 0x88, 0x00, 0xc8, 0xcc, 0xcc, 0x08, 0xc8, 0x8c, 0xc8, 0x8c, 0xc8, 0xcc, 0xcc, 0x08, 0xc8, 0x8c, 0xc8, 0x8c, 0xc8, 0x8c, 0xc8, 0x8c
.byte 0xc8, 0xcc, 0xcc, 0x08, 0x80, 0x88, 0x88, 0x00, 0x00, 0x88, 0x88, 0x00, 0x80, 0x44, 0x44, 0x08, 0x48, 0x84, 0x48, 0x84, 0x48, 0x84, 0x48, 0x84, 0x48, 0x84, 0x48, 0x84, 0x48, 0x84, 0x48, 0x84
.byte 0x80, 0x44, 0x44, 0x08, 0x00, 0x88, 0x88, 0x00, 0x00, 0x80, 0x88, 0x00, 0x00, 0x48, 0x84, 0x00, 0x80, 0x44, 0x84, 0x00, 0x00, 0x48, 0x84, 0x00, 0x00, 0x48, 0x84, 0x00, 0x00, 0x48, 0x84, 0x00
.byte 0x80, 0x44, 0x44, 0x08, 0x00, 0x88, 0x88, 0x00, 0x00, 0x88, 0x88, 0x00, 0x80, 0x44, 0x44, 0x08, 0x48, 0x84, 0x48, 0x84, 0x80, 0x88, 0x44, 0x84, 0x80, 0x44, 0x84, 0x08, 0x48, 0x84, 0x88, 0x08
.byte 0x48, 0x44, 0x44, 0x84, 0x80, 0x88, 0x88, 0x08, 0x00, 0x88, 0x88, 0x08, 0x80, 0x44, 0x44, 0x88, 0x48, 0x84, 0x48, 0x84, 0x80, 0x48, 0x44, 0x08, 0x80, 0x88, 0x48, 0x84, 0x48, 0x84, 0x48, 0x84
.byte 0x80, 0x44, 0x44, 0x08, 0x00, 0x88, 0x88, 0x00, 0x00, 0x00, 0x88, 0x08, 0x00, 0x80, 0x44, 0x84, 0x00, 0x48, 0x44, 0x84, 0x80, 0x44, 0x48, 0x84, 0x48, 0x84, 0x48, 0x84, 0x48, 0x44, 0x44, 0x44
.byte 0x80, 0x88, 0x48, 0x84, 0x00, 0x00, 0x80, 0x08, 0x80, 0x88, 0x88, 0x08, 0x48, 0x44, 0x44, 0x84, 0x48, 0x84, 0x88, 0x08, 0x48, 0x44, 0x44, 0x08, 0x80, 0x88, 0x48, 0x84, 0x48, 0x84, 0x48, 0x84
.byte 0x80, 0x44, 0x44, 0x08, 0x00, 0x88, 0x88, 0x00, 0x00, 0x88, 0x88, 0x00, 0x80, 0x44, 0x44, 0x08, 0x48, 0x84, 0x88, 0x00, 0x48, 0x44, 0x44, 0x08, 0x48, 0x84, 0x48, 0x84, 0x48, 0x84, 0x48, 0x84
.byte 0x80, 0x44, 0x44, 0x08, 0x00, 0x88, 0x88, 0x00, 0x80, 0x88, 0x88, 0x00, 0x48, 0x44, 0x44, 0x08, 0x80, 0x88, 0x44, 0x08, 0x00, 0x48, 0x84, 0x00, 0x00, 0x48, 0x84, 0x00, 0x80, 0x44, 0x08, 0x00
.byte 0x80, 0x44, 0x08, 0x00, 0x00, 0x88, 0x00, 0x00, 0x00, 0x88, 0x88, 0x00, 0x80, 0x44, 0x44, 0x08, 0x48, 0x84, 0x48, 0x84, 0x80, 0x44, 0x44, 0x08, 0x48, 0x84, 0x48, 0x84, 0x48, 0x84, 0x48, 0x84
.byte 0x80, 0x44, 0x44, 0x08, 0x00, 0x88, 0x88, 0x00, 0x00, 0x88, 0x88, 0x00, 0x80, 0x44, 0x44, 0x08, 0x48, 0x84, 0x48, 0x84, 0x48, 0x84, 0x48, 0x84, 0x80, 0x44, 0x44, 0x84, 0x00, 0x88, 0x48, 0x84
.byte 0x80, 0x44, 0x44, 0x08, 0x00, 0x88, 0x88, 0x00, 0x00, 0x88, 0x88, 0x00, 0x80, 0x77, 0x37, 0x08, 0x78, 0xd3, 0x78, 0x83, 0x78, 0x83, 0x78, 0x83, 0x78, 0x83, 0x78, 0x83, 0x78, 0xd3, 0x77, 0x83
.byte 0x80, 0x37, 0x73, 0x87, 0x00, 0x88, 0x88, 0x88, 0x55, 0x55, 0x55, 0x55, 0x55, 0x55, 0x55, 0x55, 0x55, 0x55, 0x55, 0x55, 0x55, 0x55, 0x55, 0x55, 0x55, 0x55, 0x55, 0x55, 0x55, 0x55, 0x55, 0x55
.byte 0x55, 0x55, 0x55, 0x55, 0x55, 0x55, 0x55, 0x55, 0x55, 0x55, 0x55, 0x55, 0x55, 0x55, 0x55, 0x55, 0x55, 0x55, 0x55, 0x55, 0x55, 0x55, 0x55, 0x55, 0x55, 0x55, 0x55, 0x55, 0x55, 0x55, 0x55, 0x55
.byte 0x55, 0x55, 0x55, 0x55, 0x55, 0x55, 0x55, 0x55, 0x77, 0x77, 0x77, 0x77, 0x57, 0x44, 0x44, 0x55, 0x47, 0x45, 0x54, 0x54, 0x47, 0x54, 0x45, 0x54, 0x47, 0x54, 0x45, 0x54, 0x47, 0x45, 0x54, 0x54
.byte 0x57, 0x44, 0x44, 0x55, 0x77, 0x77, 0x77, 0x77, 0x77, 0x77, 0x77, 0x77, 0x55, 0x44, 0x44, 0x55, 0x45, 0x45, 0x54, 0x54, 0x45, 0x54, 0x45, 0x54, 0x45, 0x54, 0x45, 0x54, 0x45, 0x45, 0x54, 0x54
.byte 0x55, 0x44, 0x44, 0x55, 0x77, 0x77, 0x77, 0x77, 0x77, 0x77, 0x77, 0x77, 0x55, 0x44, 0x44, 0x55, 0x45, 0x45, 0x54, 0x54, 0x45, 0x54, 0x45, 0x54, 0x45, 0x54, 0x45, 0x54, 0x45, 0x45, 0x54, 0x54
.byte 0x55, 0x44, 0x44, 0x55, 0x77, 0x77, 0x77, 0x77, 0x77, 0x77, 0x77, 0x77, 0x55, 0x44, 0x44, 0x55, 0x45, 0x45, 0x54, 0x54, 0x45, 0x54, 0x45, 0x54, 0x45, 0x54, 0x45, 0x54, 0x45, 0x45, 0x54, 0x54
.byte 0x55, 0x44, 0x44, 0x55, 0x77, 0x77, 0x77, 0x77, 0x77, 0x77, 0x77, 0x77, 0x55, 0x44, 0x44, 0x55, 0x45, 0x45, 0x54, 0x54, 0x45, 0x54, 0x45, 0x54, 0x45, 0x54, 0x45, 0x54, 0x45, 0x45, 0x54, 0x54
.byte 0x55, 0x44, 0x44, 0x55, 0x77, 0x77, 0x77, 0x77, 0x77, 0x77, 0x77, 0x77, 0x55, 0x44, 0x44, 0x55, 0x45, 0x45, 0x54, 0x54, 0x45, 0x54, 0x45, 0x54, 0x45, 0x54, 0x45, 0x54, 0x45, 0x45, 0x54, 0x54
.byte 0x55, 0x44, 0x44, 0x55, 0x77, 0x77, 0x77, 0x77, 0x77, 0x77, 0x77, 0x77, 0x55, 0x44, 0x44, 0x55, 0x45, 0x45, 0x54, 0x54, 0x45, 0x54, 0x45, 0x54, 0x45, 0x54, 0x45, 0x54, 0x45, 0x45, 0x54, 0x54
.byte 0x55, 0x44, 0x44, 0x55, 0x77, 0x77, 0x77, 0x77, 0x77, 0x77, 0x77, 0x77, 0x55, 0x44, 0x44, 0x55, 0x45, 0x45, 0x54, 0x54, 0x45, 0x54, 0x45, 0x54, 0x45, 0x54, 0x45, 0x54, 0x45, 0x45, 0x54, 0x54
.byte 0x55, 0x44, 0x44, 0x55, 0x77, 0x77, 0x77, 0x77, 0x77, 0x77, 0x77, 0x77, 0x55, 0x44, 0x44, 0x55, 0x45, 0x45, 0x54, 0x54, 0x45, 0x54, 0x45, 0x54, 0x45, 0x54, 0x45, 0x54, 0x45, 0x45, 0x54, 0x54
.byte 0x55, 0x44, 0x44, 0x55, 0x77, 0x77, 0x77, 0x77, 0x77, 0x77, 0x77, 0x77, 0x55, 0x44, 0x44, 0x55, 0x45, 0x45, 0x54, 0x54, 0x45, 0x54, 0x45, 0x54, 0x45, 0x54, 0x45, 0x54, 0x45, 0x45, 0x54, 0x54
.byte 0x55, 0x44, 0x44, 0x55, 0x77, 0x77, 0x77, 0x77, 0x77, 0x77, 0x77, 0x77, 0x55, 0x44, 0x44, 0x55, 0x45, 0x45, 0x54, 0x54, 0x45, 0x54, 0x45, 0x54, 0x45, 0x54, 0x45, 0x54, 0x45, 0x45, 0x54, 0x54
.byte 0x55, 0x44, 0x44, 0x55, 0x77, 0x77, 0x77, 0x77, 0x77, 0x77, 0x77, 0x77, 0x55, 0x44, 0x44, 0x75, 0x45, 0x45, 0x54, 0x74, 0x45, 0x54, 0x45, 0x74, 0x45, 0x54, 0x45, 0x74, 0x45, 0x45, 0x54, 0x74
.byte 0x55, 0x44, 0x44, 0x75, 0x77, 0x77, 0x77, 0x77, 0x00, 0xf0, 0xff, 0xff, 0x00, 0xef, 0xee, 0xee, 0xf0, 0xee, 0xee, 0xee, 0xef, 0xee, 0xee, 0xee, 0xef, 0xee, 0xee, 0xde, 0xef, 0xee, 0xee, 0x0d
.byte 0xef, 0xee, 0xee, 0x0d, 0xef, 0xee, 0xee, 0x0d, 0xff, 0xff, 0xff, 0xff, 0xee, 0xee, 0xee, 0xee, 0xee, 0xee, 0xee, 0xee, 0xdd, 0xdd, 0xdd, 0xdd, 0x00, 0x00, 0x00, 0x00, 0x00, 0x00, 0x00, 0x00
.byte 0x00, 0x00, 0x00, 0x00, 0x00, 0x00, 0x00, 0x00, 0xef, 0xee, 0xee, 0x0d, 0xef, 0xee, 0xee, 0x0d, 0xef, 0xee, 0xee, 0x0d, 0xef, 0xee, 0xee, 0x0d, 0xef, 0xee, 0xee, 0x0d, 0xef, 0xee, 0xee, 0x0d
.byte 0xef, 0xee, 0xee, 0x0d, 0xef, 0xee, 0xee, 0x0d, 0x11, 0x11, 0x11, 0x11, 0x11, 0x11, 0x11, 0x11, 0x11, 0x11, 0x11, 0x11, 0x11, 0x11, 0x11, 0x11, 0x11, 0x11, 0x11, 0x11, 0x11, 0x11, 0x11, 0x11
.byte 0x11, 0x11, 0x11, 0x11, 0x11, 0x11, 0x11, 0x11, 0x00, 0x00, 0x00, 0x00, 0x00, 0x00, 0x00, 0x00, 0x00, 0x00, 0x00, 0x00, 0x00, 0x00, 0x00, 0x00, 0x00, 0x00, 0x00, 0xff, 0x00, 0x00, 0xf0, 0xee
.byte 0x00, 0x00, 0xef, 0xee, 0x00, 0x00, 0xef, 0xee, 0x00, 0x00, 0x00, 0x00, 0x00, 0x00, 0x00, 0x00, 0x00, 0x00, 0x00, 0x00, 0x00, 0x00, 0x00, 0x00, 0xff, 0xff, 0xff, 0xff, 0xee, 0xee, 0xee, 0xee
.byte 0xee, 0xee, 0xee, 0xee, 0xdd, 0xdd, 0xdd, 0xdd, 0x00, 0x00, 0xef, 0xde, 0x00, 0x00, 0xef, 0xde, 0x00, 0x00, 0xef, 0xde, 0x00, 0x00, 0xef, 0xde, 0x00, 0x00, 0xef, 0xde, 0x00, 0x00, 0xef, 0xde
.byte 0x00, 0x00, 0xef, 0xde, 0x00, 0x00, 0xef, 0xde, 0x00, 0x00, 0x00, 0x00, 0x00, 0x00, 0x00, 0x00, 0x00, 0x00, 0x00, 0x00, 0x00, 0x00, 0x00, 0x00, 0xee, 0xff, 0x0f, 0x00, 0xdd, 0xed, 0xfe, 0x00
.byte 0xdd, 0xdd, 0xed, 0x0f, 0x88, 0xd8, 0xdd, 0xee, 0x00, 0x00, 0x00, 0x00, 0x00, 0x00, 0x00, 0x00, 0x00, 0xf0, 0xff, 0xff, 0x00, 0xef, 0xee, 0xee, 0xf0, 0xee, 0xee, 0xee, 0xef, 0xee, 0xee, 0xee
.byte 0xef, 0xee, 0xee, 0xde, 0xef, 0xee, 0xee, 0x0d, 0x00, 0x00, 0x00, 0x00, 0x00, 0x00, 0x00, 0x00, 0xff, 0xff, 0xff, 0xff, 0xee, 0xee, 0xee, 0xee, 0xee, 0xee, 0xee, 0xee, 0xdd, 0xdd, 0xdd, 0xdd
.byte 0x00, 0x00, 0x00, 0x00, 0x00, 0x00, 0x00, 0x00, 0x88, 0x88, 0x88, 0x88, 0x88, 0x88, 0x88, 0x88, 0x88, 0x88, 0x88, 0x88, 0x88, 0x88, 0x88, 0x88, 0x11, 0x11, 0x11, 0x11, 0x11, 0x11, 0x11, 0x11
.byte 0x11, 0x11, 0x11, 0x11, 0x11, 0x11, 0x11, 0x11, 0x00, 0x00, 0x00, 0x00, 0x00, 0x00, 0x00, 0x00, 0x00, 0x00, 0x00, 0x00, 0x00, 0x00, 0x00, 0x00, 0xee, 0xfe, 0xdf, 0xee, 0xdd, 0xed, 0xfe, 0xdd
.byte 0xdd, 0xdd, 0xed, 0xdf, 0x88, 0xd8, 0xdd, 0xee, 0x00, 0xff, 0xff, 0xff, 0xf0, 0xee, 0xee, 0xee, 0xef, 0xee, 0xee, 0xee, 0xef, 0xee, 0xde, 0xdd, 0xef, 0xee, 0x0d, 0x00, 0xef, 0xde, 0x00, 0x00
.byte 0xef, 0xde, 0x00, 0x00, 0xef, 0xde, 0x00, 0x00, 0xff, 0xff, 0xff, 0xff, 0xee, 0xee, 0xee, 0xee, 0xee, 0xee, 0xee, 0xee, 0xdd, 0xdd, 0xdd, 0xdd, 0x00, 0x00, 0x00, 0x00, 0x00, 0x00, 0x00, 0x00
.byte 0x00, 0x00, 0x00, 0x00, 0x00, 0x00, 0x00, 0x00, 0xef, 0xde, 0x00, 0x00, 0xef, 0xde, 0x00, 0x00, 0xef, 0xde, 0x00, 0x00, 0xef, 0xde, 0x00, 0x00, 0xef, 0xde, 0x00, 0x00, 0xef, 0xde, 0x00, 0x00
.byte 0xef, 0xde, 0x00, 0x00, 0xef, 0xde, 0x00, 0x00, 0xd0, 0xee, 0xee, 0xfe, 0xed, 0xee, 0xee, 0xee, 0xee, 0xee, 0xee, 0xee, 0xdd, 0xdd, 0xdd, 0xdd, 0x00, 0x00, 0x00, 0x00, 0x00, 0x00, 0x00, 0x00
.byte 0x00, 0x00, 0x00, 0x00, 0x00, 0x00, 0x00, 0x00, 0xf0, 0xff, 0xff, 0xff, 0xef, 0xee, 0xee, 0xee, 0xef, 0xee, 0xee, 0xee, 0xef, 0xee, 0xee, 0xde, 0xef, 0xee, 0xee, 0x0d, 0xef, 0xee, 0xee, 0x0d
.byte 0xef, 0xee, 0xee, 0x0d, 0xef, 0xee, 0xee, 0x0d, 0xff, 0xff, 0xff, 0xff, 0xee, 0xee, 0xee, 0xee, 0xee, 0xee, 0xee, 0xee, 0xdd, 0xdd, 0xdd, 0xdd, 0x00, 0x00, 0x00, 0x00, 0x00, 0x00, 0x00, 0x00
.byte 0x00, 0x00, 0x00, 0x00, 0x00, 0x00, 0x00, 0x00, 0xef, 0xee, 0xee, 0x0d, 0xef, 0xee, 0xee, 0x0d, 0xef, 0xee, 0xee, 0x0d, 0xef, 0xee, 0xee, 0x0d, 0xef, 0xee, 0xee, 0x0d, 0xef, 0xee, 0xee, 0x0d
.byte 0xef, 0xee, 0xee, 0x0d, 0xef, 0xee, 0xee, 0x0d, 0x88, 0x88, 0x88, 0x88, 0x88, 0x88, 0x88, 0x88, 0x11, 0x11, 0x11, 0x11, 0x11, 0x11, 0x11, 0x11, 0x11, 0x11, 0x11, 0x11, 0x11, 0x11, 0x11, 0x11
.byte 0x11, 0x11, 0x11, 0x11, 0x11, 0x11, 0x11, 0x11, 0x88, 0x88, 0x88, 0x88, 0x88, 0x88, 0x88, 0x88, 0x88, 0x88, 0x88, 0x88, 0x88, 0x88, 0x88, 0x88, 0x11, 0x11, 0x11, 0x11, 0x11, 0x11, 0x11, 0x11
.byte 0x11, 0x11, 0x11, 0x11, 0x11, 0x11, 0x11, 0x11, 0x88, 0x88, 0x88, 0x88, 0x18, 0x11, 0x11, 0x11, 0x18, 0x11, 0x11, 0x11, 0x18, 0x11, 0x11, 0x11, 0x18, 0x11, 0x11, 0x11, 0x18, 0x11, 0x11, 0x11
.byte 0x18, 0x11, 0x11, 0x11, 0x18, 0x11, 0x11, 0x11, 0x11, 0x11, 0x11, 0x11, 0x11, 0x11, 0x11, 0x11, 0x11, 0x11, 0x11, 0x11, 0x11, 0x11, 0x11, 0x11, 0x11, 0x11, 0x11, 0x11, 0x11, 0x11, 0x11, 0x11
.byte 0x11, 0x11, 0x11, 0x11, 0x11, 0x11, 0x11, 0x11, 0xde, 0xdd, 0x08, 0x00, 0xde, 0xdd, 0x08, 0x00, 0xde, 0xdd, 0x08, 0x00, 0xde, 0xdd, 0x08, 0x00, 0xde, 0xdd, 0x08, 0x00, 0xde, 0xdd, 0x08, 0x00
.byte 0xde, 0xdd, 0x08, 0x00, 0xde, 0xdd, 0x08, 0x00, 0x11, 0x11, 0x08, 0x00, 0x11, 0x11, 0x08, 0x00, 0x11, 0x11, 0x08, 0x00, 0x11, 0x11, 0x08, 0x00, 0x11, 0x11, 0x08, 0x00, 0x11, 0x11, 0x08, 0x00
.byte 0x11, 0x11, 0x08, 0x00, 0x11, 0x11, 0x08, 0x00, 0x55, 0x55, 0x55, 0x55, 0x55, 0x55, 0x55, 0x55, 0x55, 0x55, 0x55, 0x55, 0x55, 0x55, 0x55, 0x55, 0x55, 0x55, 0x55, 0x55, 0x55, 0x55, 0x55, 0x55
.byte 0x55, 0x55, 0x55, 0x55, 0x55, 0x55, 0x55, 0x55, 0x55, 0x55, 0x55, 0x55, 0x55, 0x55, 0x55, 0x55, 0x55, 0x55, 0x55, 0x55, 0x55, 0x55, 0x55, 0x55, 0x55, 0x55, 0x55, 0x55, 0x55, 0x55, 0x55, 0x55
.byte 0x55, 0x55, 0x55, 0x55, 0x55, 0x55, 0x55, 0x55, 0x55, 0x55, 0x55, 0x55, 0x55, 0x55, 0x55, 0x55, 0x55, 0x55, 0x55, 0x55, 0x55, 0x55, 0x55, 0x55, 0x55, 0x55, 0x55, 0x55, 0x55, 0x55, 0x55, 0x55
.byte 0x55, 0x55, 0x55, 0x55, 0x55, 0x55, 0x55, 0x55, 0x55, 0x55, 0x55, 0x55, 0x55, 0x55, 0x55, 0x55, 0x55, 0x55, 0x55, 0x55, 0x55, 0x55, 0x55, 0x55, 0x55, 0x55, 0x55, 0x55, 0x55, 0x55, 0x55, 0x55
.byte 0x55, 0x55, 0x55, 0x55, 0x55, 0x55, 0x55, 0x55, 0x55, 0x55, 0x55, 0x55, 0x55, 0x55, 0x55, 0x55, 0x55, 0x55, 0x55, 0x55, 0x55, 0x55, 0x55, 0x55, 0x55, 0x55, 0x55, 0x55, 0x55, 0x55, 0x55, 0x55
.byte 0x55, 0x55, 0x55, 0x55, 0x55, 0x55, 0x55, 0x55, 0x55, 0x55, 0x55, 0x55, 0x55, 0x55, 0x55, 0x55, 0x55, 0x55, 0x55, 0x55, 0x55, 0x55, 0x55, 0x55, 0x55, 0x55, 0x55, 0x55, 0x55, 0x55, 0x55, 0x55
.byte 0x55, 0x55, 0x55, 0x55, 0x55, 0x55, 0x55, 0x55, 0x55, 0x55, 0x55, 0x55, 0x55, 0x55, 0x55, 0x55, 0x55, 0x55, 0x55, 0x55, 0x55, 0x55, 0x55, 0x55, 0x55, 0x55, 0x55, 0x55, 0x55, 0x55, 0x55, 0x55
.byte 0x55, 0x55, 0x55, 0x55, 0x55, 0x55, 0x55, 0x55, 0x77, 0x77, 0x77, 0x77, 0x77, 0x77, 0x77, 0x77, 0x77, 0x77, 0x77, 0x77, 0x77, 0x77, 0x77, 0x77, 0x77, 0x77, 0x77, 0x77, 0x77, 0x77, 0x77, 0x77
.byte 0x77, 0x77, 0x77, 0x77, 0x77, 0x77, 0x77, 0x77, 0x77, 0x77, 0x77, 0x77, 0x77, 0x77, 0x77, 0x77, 0x77, 0x77, 0x77, 0x77, 0x77, 0x77, 0x77, 0x77, 0x77, 0x77, 0x77, 0x77, 0x77, 0x77, 0x77, 0x77
.byte 0x77, 0x77, 0x77, 0x77, 0x77, 0x77, 0x77, 0x77, 0x77, 0x77, 0x77, 0x77, 0x77, 0x77, 0x77, 0x77, 0x77, 0x77, 0x77, 0x77, 0x77, 0x77, 0x77, 0x77, 0x77, 0x77, 0x77, 0x77, 0x77, 0x77, 0x77, 0x77
.byte 0x77, 0x77, 0x77, 0x77, 0x77, 0x77, 0x77, 0x77, 0x77, 0x77, 0x77, 0x77, 0x77, 0x77, 0x77, 0x77, 0x77, 0x77, 0x77, 0x77, 0x77, 0x77, 0x77, 0x77, 0x77, 0x77, 0x77, 0x77, 0x77, 0x77, 0x77, 0x77
.byte 0x77, 0x77, 0x77, 0x77, 0x77, 0x77, 0x77, 0x77, 0x00, 0x00, 0x00, 0x00, 0x00, 0x00, 0x00, 0x00, 0x00, 0x00, 0x00, 0x00, 0x00, 0x00, 0x00, 0x00, 0x00, 0x00, 0x00, 0x00, 0x00, 0x00, 0x00, 0x00
.byte 0x00, 0x00, 0x00, 0x00, 0x00, 0x00, 0x00, 0x00, 0x00, 0x00, 0x00, 0x00, 0x00, 0x00, 0x00, 0x00, 0x00, 0x00, 0x00, 0x00, 0x00, 0x00, 0x00, 0x00, 0x00, 0x00, 0x00, 0x00, 0x00, 0x00, 0x00, 0x00
.byte 0x00, 0x00, 0x00, 0x00, 0x00, 0x00, 0x00, 0x00, 0x00, 0x00, 0x00, 0x00, 0x00, 0x00, 0x00, 0x00, 0x00, 0x00, 0x00, 0x00, 0x00, 0x00, 0x00, 0x00, 0x00, 0x00, 0x00, 0x00, 0x00, 0x00, 0x00, 0x00
.byte 0x00, 0x00, 0x00, 0x00, 0x00, 0x00, 0x00, 0x00, 0x00, 0x00, 0x00, 0x00, 0x00, 0x00, 0x00, 0x00, 0x00, 0x00, 0x00, 0x00, 0x00, 0x00, 0x00, 0x00, 0x00, 0x00, 0x00, 0x00, 0x00, 0x00, 0x00, 0x00
.byte 0x00, 0x00, 0x00, 0x00, 0x00, 0x00, 0x00, 0x00
.global gUnknown_8303128
gUnknown_8303128:
.byte 0x80, 0x01, 0x00, 0x00, 0x00, 0x00, 0x00, 0x00, 0x00, 0x00, 0x00, 0x00, 0x00, 0x00, 0x00, 0x00, 0x00, 0x00, 0x00, 0x00, 0x00, 0x00, 0x00, 0x00
.byte 0x00, 0x00, 0x00, 0x00, 0x00, 0x00, 0x00, 0x00, 0x00, 0x00, 0x00, 0x00, 0x00, 0x88, 0x08, 0x00, 0x00, 0x78, 0x08, 0x00, 0x00, 0x78, 0x08, 0x00, 0x00, 0x78, 0x08, 0x00, 0x00, 0x78, 0x08, 0x00
.byte 0x00, 0x88, 0x08, 0x00, 0x00, 0x78, 0x08, 0x00, 0x00, 0x88, 0x08, 0x00, 0x80, 0x88, 0x88, 0x00, 0x80, 0x87, 0x87, 0x00, 0x80, 0x87, 0x87, 0x00, 0x80, 0x88, 0x88, 0x00, 0x00, 0x00, 0x00, 0x00
.byte 0x00, 0x00, 0x00, 0x00, 0x00, 0x00, 0x00, 0x00, 0x00, 0x00, 0x00, 0x00, 0x00, 0x00, 0x00, 0x00, 0x80, 0x88, 0x88, 0x00, 0x88, 0x87, 0x87, 0x08, 0x78, 0x77, 0x77, 0x08, 0x88, 0x87, 0x87, 0x08
.byte 0x78, 0x77, 0x77, 0x08, 0x88, 0x87, 0x87, 0x08, 0x80, 0x88, 0x88, 0x00, 0x00, 0x88, 0x08, 0x00, 0x80, 0x78, 0x88, 0x08, 0x88, 0x77, 0x77, 0x08, 0x78, 0x78, 0x88, 0x08, 0x88, 0x77, 0x87, 0x08
.byte 0x88, 0x78, 0x78, 0x08, 0x78, 0x77, 0x87, 0x08, 0x88, 0x78, 0x88, 0x00, 0x00, 0x00, 0x00, 0x00, 0x88, 0x88, 0x88, 0x08, 0x78, 0x87, 0x78, 0x08, 0x78, 0x87, 0x87, 0x08, 0x88, 0x78, 0x88, 0x08
.byte 0x88, 0x87, 0x77, 0x08, 0x78, 0x88, 0x77, 0x08, 0x88, 0x88, 0x88, 0x08, 0x80, 0x88, 0x08, 0x00, 0x88, 0x77, 0x88, 0x00, 0x78, 0x88, 0x87, 0x00, 0x78, 0x88, 0x87, 0x00, 0x88, 0x77, 0x88, 0x88
.byte 0x78, 0x88, 0x87, 0x87, 0x78, 0x88, 0x78, 0x88, 0x88, 0x77, 0x87, 0x87, 0x00, 0x80, 0x88, 0x00, 0x00, 0x88, 0x87, 0x00, 0x80, 0x78, 0x88, 0x00, 0x80, 0x87, 0x08, 0x00, 0x80, 0x88, 0x00, 0x00
.byte 0x00, 0x00, 0x00, 0x00, 0x00, 0x00, 0x00, 0x00, 0x00, 0x00, 0x00, 0x00, 0x00, 0x80, 0x88, 0x00, 0x00, 0x88, 0x87, 0x00, 0x80, 0x78, 0x88, 0x00, 0x80, 0x87, 0x08, 0x00, 0x80, 0x87, 0x08, 0x00
.byte 0x80, 0x78, 0x88, 0x00, 0x00, 0x88, 0x87, 0x00, 0x00, 0x80, 0x88, 0x00, 0x80, 0x88, 0x00, 0x00, 0x80, 0x87, 0x08, 0x00, 0x80, 0x78, 0x88, 0x00, 0x00, 0x88, 0x87, 0x00, 0x00, 0x88, 0x87, 0x00
.byte 0x80, 0x78, 0x88, 0x00, 0x80, 0x87, 0x08, 0x00, 0x80, 0x88, 0x00, 0x00, 0x00, 0x00, 0x00, 0x00, 0x88, 0x88, 0x88, 0x08, 0x78, 0x78, 0x78, 0x08, 0x88, 0x77, 0x87, 0x08, 0x78, 0x77, 0x77, 0x08
.byte 0x88, 0x77, 0x87, 0x08, 0x78, 0x78, 0x78, 0x08, 0x88, 0x88, 0x88, 0x08, 0x00, 0x00, 0x00, 0x00, 0x00, 0x88, 0x08, 0x00, 0x00, 0x78, 0x08, 0x00, 0x88, 0x78, 0x88, 0x08, 0x78, 0x77, 0x77, 0x08
.byte 0x88, 0x78, 0x88, 0x08, 0x00, 0x78, 0x08, 0x00, 0x00, 0x88, 0x08, 0x00, 0x00, 0x00, 0x00, 0x00, 0x00, 0x00, 0x00, 0x00, 0x00, 0x00, 0x00, 0x00, 0x00, 0x88, 0x08, 0x00, 0x00, 0x78, 0x08, 0x00
.byte 0x80, 0x78, 0x08, 0x00, 0x80, 0x87, 0x08, 0x00, 0x80, 0x88, 0x00, 0x00, 0x00, 0x00, 0x00, 0x00, 0x00, 0x00, 0x00, 0x00, 0x00, 0x00, 0x00, 0x00, 0x88, 0x88, 0x88, 0x08, 0x78, 0x77, 0x77, 0x08
.byte 0x88, 0x88, 0x88, 0x08, 0x00, 0x00, 0x00, 0x00, 0x00, 0x00, 0x00, 0x00, 0x00, 0x00, 0x00, 0x00, 0x00, 0x00, 0x00, 0x00, 0x00, 0x00, 0x00, 0x00, 0x00, 0x00, 0x00, 0x00, 0x80, 0x88, 0x08, 0x00
.byte 0x80, 0x77, 0x08, 0x00, 0x80, 0x77, 0x08, 0x00, 0x80, 0x88, 0x08, 0x00, 0x00, 0x00, 0x00, 0x00, 0x00, 0x00, 0x88, 0x08, 0x00, 0x80, 0x78, 0x08, 0x00, 0x88, 0x87, 0x08, 0x80, 0x78, 0x88, 0x00
.byte 0x88, 0x87, 0x08, 0x00, 0x78, 0x88, 0x00, 0x00, 0x88, 0x08, 0x00, 0x00, 0x00, 0x88, 0x88, 0x00, 0x80, 0x77, 0x77, 0x08, 0x78, 0x87, 0x78, 0x87, 0x78, 0x87, 0x78, 0x87, 0x78, 0x87, 0x78, 0x87
.byte 0x78, 0x87, 0x78, 0x87, 0x80, 0x77, 0x77, 0x08, 0x00, 0x88, 0x88, 0x00, 0x00, 0x80, 0x88, 0x00, 0x00, 0x78, 0x87, 0x00, 0x80, 0x77, 0x87, 0x00, 0x00, 0x78, 0x87, 0x00, 0x00, 0x78, 0x87, 0x00
.byte 0x00, 0x78, 0x87, 0x00, 0x80, 0x77, 0x77, 0x08, 0x00, 0x88, 0x88, 0x00, 0x00, 0x88, 0x08, 0x00, 0x80, 0x77, 0x87, 0x00, 0x78, 0x87, 0x77, 0x08, 0x80, 0x78, 0x77, 0x08, 0x80, 0x77, 0x87, 0x00
.byte 0x78, 0x77, 0x88, 0x00, 0x78, 0x77, 0x77, 0x08, 0x80, 0x88, 0x88, 0x00, 0x00, 0x88, 0x08, 0x00, 0x80, 0x77, 0x87, 0x00, 0x78, 0x87, 0x77, 0x08, 0x80, 0x78, 0x87, 0x00, 0x80, 0x88, 0x77, 0x08
.byte 0x78, 0x87, 0x77, 0x08, 0x80, 0x77, 0x87, 0x00, 0x00, 0x88, 0x08, 0x00, 0x00, 0x00, 0x88, 0x00, 0x00, 0x80, 0x77, 0x08, 0x00, 0x78, 0x77, 0x08, 0x80, 0x77, 0x77, 0x08, 0x78, 0x87, 0x77, 0x08
.byte 0x78, 0x77, 0x77, 0x87, 0x80, 0x88, 0x77, 0x08, 0x00, 0x00, 0x88, 0x00, 0x80, 0x88, 0x88, 0x00, 0x78, 0x77, 0x77, 0x08, 0x78, 0x87, 0x88, 0x00, 0x78, 0x77, 0x87, 0x00, 0x80, 0x88, 0x77, 0x08
.byte 0x78, 0x87, 0x77, 0x08, 0x80, 0x77, 0x87, 0x00, 0x00, 0x88, 0x08, 0x00, 0x00, 0x88, 0x88, 0x00, 0x80, 0x77, 0x77, 0x08, 0x78, 0x77, 0x88, 0x00, 0x78, 0x77, 0x77, 0x08, 0x78, 0x87, 0x78, 0x87
.byte 0x78, 0x87, 0x78, 0x87, 0x80, 0x77, 0x77, 0x08, 0x00, 0x88, 0x88, 0x00, 0x80, 0x88, 0x88, 0x00, 0x78, 0x77, 0x77, 0x08, 0x80, 0x88, 0x77, 0x08, 0x00, 0x78, 0x87, 0x00, 0x00, 0x78, 0x87, 0x00
.byte 0x80, 0x77, 0x08, 0x00, 0x80, 0x77, 0x08, 0x00, 0x00, 0x88, 0x00, 0x00, 0x00, 0x88, 0x88, 0x00, 0x80, 0x77, 0x77, 0x08, 0x78, 0x87, 0x78, 0x87, 0x80, 0x77, 0x77, 0x08, 0x78, 0x87, 0x78, 0x87
.byte 0x78, 0x87, 0x78, 0x87, 0x80, 0x77, 0x77, 0x08, 0x00, 0x88, 0x88, 0x00, 0x00, 0x88, 0x88, 0x00, 0x80, 0x77, 0x77, 0x08, 0x78, 0x87, 0x78, 0x87, 0x78, 0x87, 0x78, 0x87, 0x80, 0x77, 0x77, 0x87
.byte 0x00, 0x88, 0x77, 0x87, 0x80, 0x77, 0x77, 0x08, 0x00, 0x88, 0x88, 0x00, 0x00, 0x00, 0x00, 0x00, 0x00, 0x88, 0x08, 0x00, 0x00, 0x78, 0x08, 0x00, 0x00, 0x88, 0x08, 0x00, 0x00, 0x88, 0x08, 0x00
.byte 0x00, 0x78, 0x08, 0x00, 0x00, 0x88, 0x08, 0x00, 0x00, 0x00, 0x00, 0x00, 0x00, 0x00, 0x00, 0x00, 0x00, 0x88, 0x08, 0x00, 0x00, 0x78, 0x08, 0x00, 0x00, 0x88, 0x08, 0x00, 0x00, 0x78, 0x08, 0x00
.byte 0x80, 0x78, 0x08, 0x00, 0x80, 0x87, 0x08, 0x00, 0x80, 0x88, 0x08, 0x00, 0x00, 0x88, 0x88, 0x08, 0x80, 0x78, 0x77, 0x08, 0x88, 0x77, 0x88, 0x08, 0x78, 0x87, 0x08, 0x00, 0x78, 0x87, 0x08, 0x00
.byte 0x88, 0x77, 0x88, 0x08, 0x80, 0x78, 0x77, 0x08, 0x00, 0x88, 0x88, 0x08, 0x00, 0x00, 0x00, 0x00, 0x00, 0x00, 0x00, 0x00, 0x88, 0x88, 0x88, 0x88, 0x78, 0x77, 0x77, 0x87, 0x88, 0x88, 0x88, 0x88
.byte 0x78, 0x77, 0x77, 0x87, 0x88, 0x88, 0x88, 0x88, 0x00, 0x00, 0x00, 0x00, 0x88, 0x88, 0x08, 0x00, 0x78, 0x77, 0x88, 0x00, 0x88, 0x78, 0x87, 0x08, 0x00, 0x88, 0x77, 0x08, 0x00, 0x88, 0x77, 0x08
.byte 0x88, 0x78, 0x87, 0x08, 0x78, 0x77, 0x88, 0x00, 0x88, 0x88, 0x08, 0x00, 0x80, 0x88, 0x88, 0x00, 0x88, 0x77, 0x87, 0x08, 0x78, 0x88, 0x78, 0x08, 0x88, 0x88, 0x87, 0x08, 0x88, 0x78, 0x88, 0x08
.byte 0x00, 0x88, 0x88, 0x00, 0x00, 0x78, 0x08, 0x00, 0x00, 0x88, 0x08, 0x00, 0x00, 0x88, 0x88, 0x08, 0x80, 0x78, 0x77, 0x88, 0x88, 0x87, 0x88, 0x87, 0x78, 0x78, 0x87, 0x87, 0x78, 0x78, 0x78, 0x88
.byte 0x78, 0x88, 0x87, 0x88, 0x88, 0x77, 0x77, 0x87, 0x80, 0x88, 0x88, 0x88, 0x00, 0x88, 0x88, 0x00, 0x80, 0x78, 0x87, 0x08, 0x88, 0x87, 0x78, 0x88, 0x78, 0x88, 0x88, 0x87, 0x78, 0x88, 0x88, 0x87
.byte 0x78, 0x77, 0x77, 0x87, 0x78, 0x88, 0x88, 0x87, 0x88, 0x08, 0x80, 0x88, 0x88, 0x88, 0x88, 0x08, 0x78, 0x77, 0x77, 0x88, 0x78, 0x88, 0x88, 0x87, 0x78, 0x77, 0x77, 0x88, 0x78, 0x88, 0x88, 0x87
.byte 0x78, 0x88, 0x88, 0x87, 0x78, 0x77, 0x77, 0x88, 0x88, 0x88, 0x88, 0x08, 0x80, 0x88, 0x88, 0x08, 0x88, 0x77, 0x77, 0x88, 0x78, 0x88, 0x88, 0x87, 0x78, 0x08, 0x80, 0x88, 0x78, 0x08, 0x80, 0x88
.byte 0x78, 0x88, 0x88, 0x87, 0x88, 0x77, 0x77, 0x88, 0x80, 0x88, 0x88, 0x08, 0x88, 0x88, 0x88, 0x08, 0x78, 0x77, 0x77, 0x88, 0x78, 0x88, 0x88, 0x87, 0x78, 0x08, 0x80, 0x87, 0x78, 0x08, 0x80, 0x87
.byte 0x78, 0x88, 0x88, 0x87, 0x78, 0x77, 0x77, 0x88, 0x88, 0x88, 0x88, 0x08, 0x88, 0x88, 0x88, 0x88, 0x78, 0x77, 0x77, 0x87, 0x78, 0x88, 0x88, 0x88, 0x78, 0x77, 0x77, 0x08, 0x78, 0x88, 0x88, 0x08
.byte 0x78, 0x88, 0x88, 0x88, 0x78, 0x77, 0x77, 0x87, 0x88, 0x88, 0x88, 0x88, 0x88, 0x88, 0x88, 0x88, 0x78, 0x77, 0x77, 0x87, 0x78, 0x88, 0x88, 0x88, 0x78, 0x77, 0x77, 0x08, 0x78, 0x88, 0x88, 0x08
.byte 0x78, 0x08, 0x00, 0x00, 0x78, 0x08, 0x00, 0x00, 0x88, 0x08, 0x00, 0x00, 0x80, 0x88, 0x88, 0x88, 0x88, 0x77, 0x77, 0x87, 0x78, 0x88, 0x88, 0x88, 0x78, 0x08, 0x88, 0x88, 0x78, 0x08, 0x77, 0x87
.byte 0x78, 0x88, 0x88, 0x87, 0x88, 0x77, 0x77, 0x87, 0x80, 0x88, 0x88, 0x88, 0x88, 0x08, 0x80, 0x88, 0x78, 0x08, 0x80, 0x87, 0x78, 0x88, 0x88, 0x87, 0x78, 0x77, 0x77, 0x87, 0x78, 0x88, 0x88, 0x87
.byte 0x78, 0x08, 0x80, 0x87, 0x78, 0x08, 0x80, 0x87, 0x88, 0x08, 0x80, 0x88, 0x80, 0x88, 0x88, 0x00, 0x80, 0x77, 0x87, 0x00, 0x80, 0x78, 0x88, 0x00, 0x00, 0x78, 0x08, 0x00, 0x00, 0x78, 0x08, 0x00
.byte 0x80, 0x78, 0x88, 0x00, 0x80, 0x77, 0x87, 0x00, 0x80, 0x88, 0x88, 0x00, 0x80, 0x88, 0x88, 0x08, 0x80, 0x77, 0x77, 0x08, 0x80, 0x88, 0x87, 0x08, 0x00, 0x80, 0x87, 0x00, 0x88, 0x88, 0x87, 0x00
.byte 0x78, 0x88, 0x87, 0x00, 0x88, 0x77, 0x88, 0x00, 0x80, 0x88, 0x08, 0x00, 0x88, 0x88, 0x88, 0x00, 0x78, 0x88, 0x87, 0x00, 0x78, 0x78, 0x88, 0x00, 0x78, 0x87, 0x08, 0x00, 0x78, 0x87, 0x08, 0x00
.byte 0x78, 0x78, 0x88, 0x08, 0x78, 0x88, 0x77, 0x08, 0x88, 0x88, 0x88, 0x08, 0x88, 0x08, 0x00, 0x00, 0x78, 0x08, 0x00, 0x00, 0x78, 0x08, 0x00, 0x00, 0x78, 0x08, 0x00, 0x00, 0x78, 0x08, 0x00, 0x00
.byte 0x78, 0x88, 0x88, 0x88, 0x78, 0x77, 0x77, 0x87, 0x88, 0x88, 0x88, 0x88, 0x88, 0x08, 0x00, 0x88, 0x78, 0x88, 0x80, 0x87, 0x78, 0x87, 0x78, 0x87, 0x78, 0x78, 0x87, 0x87, 0x78, 0x88, 0x88, 0x87
.byte 0x78, 0x88, 0x88, 0x87, 0x78, 0x08, 0x80, 0x87, 0x88, 0x08, 0x80, 0x88, 0x88, 0x08, 0x80, 0x88, 0x78, 0x88, 0x80, 0x87, 0x78, 0x87, 0x88, 0x87, 0x78, 0x78, 0x88, 0x87, 0x78, 0x88, 0x87, 0x87
.byte 0x78, 0x88, 0x78, 0x87, 0x78, 0x08, 0x88, 0x87, 0x88, 0x08, 0x80, 0x88, 0x80, 0x88, 0x88, 0x08, 0x88, 0x77, 0x77, 0x88, 0x78, 0x88, 0x88, 0x87, 0x78, 0x08, 0x80, 0x87, 0x78, 0x08, 0x80, 0x87
.byte 0x78, 0x88, 0x88, 0x87, 0x88, 0x77, 0x77, 0x88, 0x80, 0x88, 0x88, 0x08, 0x88, 0x88, 0x88, 0x08, 0x78, 0x77, 0x77, 0x88, 0x78, 0x88, 0x88, 0x87, 0x78, 0x88, 0x88, 0x87, 0x78, 0x77, 0x77, 0x88
.byte 0x78, 0x88, 0x88, 0x08, 0x78, 0x08, 0x00, 0x00, 0x88, 0x08, 0x00, 0x00, 0x80, 0x88, 0x88, 0x08, 0x88, 0x77, 0x77, 0x88, 0x78, 0x88, 0x88, 0x87, 0x78, 0x08, 0x80, 0x87, 0x78, 0x08, 0x87, 0x87
.byte 0x78, 0x88, 0x78, 0x88, 0x88, 0x77, 0x87, 0x87, 0x80, 0x88, 0x88, 0x88, 0x88, 0x88, 0x88, 0x08, 0x78, 0x77, 0x77, 0x88, 0x78, 0x88, 0x88, 0x87, 0x78, 0x88, 0x88, 0x87, 0x78, 0x77, 0x77, 0x88
.byte 0x78, 0x88, 0x87, 0x88, 0x78, 0x88, 0x78, 0x87, 0x88, 0x08, 0x88, 0x88, 0x80, 0x88, 0x88, 0x08, 0x88, 0x77, 0x77, 0x88, 0x78, 0x88, 0x88, 0x87, 0x88, 0x77, 0x88, 0x88, 0x88, 0x88, 0x77, 0x88
.byte 0x78, 0x88, 0x88, 0x87, 0x88, 0x77, 0x77, 0x88, 0x80, 0x88, 0x88, 0x08, 0x88, 0x88, 0x88, 0x08, 0x78, 0x77, 0x77, 0x08, 0x88, 0x78, 0x88, 0x08, 0x00, 0x78, 0x08, 0x00, 0x00, 0x78, 0x08, 0x00
.byte 0x00, 0x78, 0x08, 0x00, 0x00, 0x78, 0x08, 0x00, 0x00, 0x88, 0x08, 0x00, 0x88, 0x08, 0x80, 0x88, 0x78, 0x08, 0x80, 0x87, 0x78, 0x08, 0x80, 0x87, 0x78, 0x08, 0x80, 0x87, 0x78, 0x08, 0x80, 0x87
.byte 0x78, 0x88, 0x88, 0x87, 0x88, 0x77, 0x77, 0x88, 0x80, 0x88, 0x88, 0x08, 0x88, 0x08, 0x88, 0x08, 0x78, 0x08, 0x78, 0x08, 0x78, 0x08, 0x78, 0x08, 0x78, 0x88, 0x78, 0x08, 0x88, 0x87, 0x87, 0x08
.byte 0x80, 0x87, 0x87, 0x00, 0x80, 0x78, 0x88, 0x00, 0x00, 0x88, 0x08, 0x00, 0x88, 0x08, 0x80, 0x88, 0x78, 0x08, 0x80, 0x87, 0x78, 0x08, 0x80, 0x87, 0x78, 0x88, 0x88, 0x87, 0x78, 0x78, 0x87, 0x87
.byte 0x78, 0x87, 0x78, 0x87, 0x78, 0x88, 0x88, 0x87, 0x88, 0x08, 0x80, 0x88, 0x00, 0x00, 0x00, 0x00, 0x80, 0x88, 0x80, 0x88, 0x80, 0x87, 0x88, 0x87, 0x80, 0x78, 0x78, 0x88, 0x00, 0x88, 0x87, 0x08
.byte 0x80, 0x78, 0x78, 0x88, 0x80, 0x87, 0x88, 0x87, 0x80, 0x88, 0x80, 0x88, 0x88, 0x08, 0x88, 0x08, 0x78, 0x08, 0x78, 0x08, 0x78, 0x88, 0x78, 0x08, 0x88, 0x87, 0x87, 0x08, 0x80, 0x78, 0x88, 0x00
.byte 0x00, 0x78, 0x08, 0x00, 0x00, 0x78, 0x08, 0x00, 0x00, 0x88, 0x08, 0x00, 0x88, 0x88, 0x88, 0x88, 0x78, 0x77, 0x77, 0x87, 0x88, 0x88, 0x78, 0x88, 0x00, 0x78, 0x88, 0x08, 0x00, 0x88, 0x87, 0x00
.byte 0x88, 0x87, 0x88, 0x88, 0x78, 0x77, 0x77, 0x87, 0x88, 0x88, 0x88, 0x88, 0x00, 0x00, 0x00, 0x00, 0x88, 0x08, 0x00, 0x00, 0x78, 0x88, 0x88, 0x88, 0x88, 0x77, 0x77, 0x87, 0x80, 0x88, 0x88, 0x88
.byte 0x00, 0x00, 0x00, 0x00, 0x00, 0x00, 0x00, 0x00, 0x00, 0x00, 0x00, 0x00, 0x00, 0x00, 0x00, 0x00, 0x00, 0x00, 0x00, 0x00, 0x80, 0x88, 0x88, 0x88, 0x88, 0x77, 0x88, 0x87, 0x78, 0x88, 0x77, 0x88
.byte 0x88, 0x88, 0x88, 0x08, 0x00, 0x00, 0x00, 0x00, 0x00, 0x00, 0x00, 0x00, 0x00, 0x00, 0x00, 0x00, 0x00, 0x00, 0x00, 0x00, 0x00, 0x88, 0x88, 0x00, 0x00, 0x78, 0x87, 0x00, 0x00, 0x78, 0x87, 0x00
.byte 0x00, 0x88, 0x88, 0x00, 0x00, 0x00, 0x00, 0x00, 0x00, 0x00, 0x00, 0x00, 0x00, 0x80, 0x88, 0x00, 0x00, 0x88, 0x87, 0x08, 0x80, 0x78, 0x78, 0x88, 0x80, 0x87, 0x88, 0x87, 0x80, 0x88, 0x80, 0x88
.byte 0x00, 0x00, 0x00, 0x00, 0x00, 0x00, 0x00, 0x00, 0x00, 0x00, 0x00, 0x00, 0x00, 0x00, 0x00, 0x00, 0x00, 0x00, 0x00, 0x00, 0x00, 0x00, 0x00, 0x00, 0x00, 0x00, 0x00, 0x00, 0x00, 0x00, 0x00, 0x00
.byte 0x88, 0x88, 0x88, 0x88, 0x78, 0x77, 0x77, 0x87, 0x88, 0x88, 0x88, 0x88, 0x00, 0x00, 0x88, 0x00, 0x00, 0x80, 0x77, 0x08, 0x00, 0x80, 0x87, 0x00, 0x00, 0x00, 0x78, 0x08, 0x00, 0x00, 0x80, 0x00
.byte 0x00, 0x00, 0x00, 0x00, 0x00, 0x00, 0x00, 0x00, 0x00, 0x00, 0x00, 0x00, 0x00, 0x88, 0x88, 0x00, 0x80, 0x77, 0x77, 0x08, 0x00, 0x88, 0x88, 0x87, 0x80, 0x77, 0x77, 0x87, 0x78, 0x88, 0x88, 0x87
.byte 0x78, 0x88, 0x88, 0x87, 0x80, 0x77, 0x77, 0x78, 0x00, 0x88, 0x88, 0x80, 0x80, 0x00, 0x00, 0x00, 0x78, 0x08, 0x00, 0x00, 0x78, 0x88, 0x88, 0x00, 0x78, 0x77, 0x77, 0x08, 0x78, 0x88, 0x88, 0x87
.byte 0x78, 0x88, 0x88, 0x87, 0x78, 0x77, 0x77, 0x08, 0x80, 0x88, 0x88, 0x00, 0x00, 0x00, 0x00, 0x00, 0x00, 0x00, 0x00, 0x00, 0x00, 0x88, 0x88, 0x08, 0x80, 0x77, 0x77, 0x87, 0x78, 0x88, 0x88, 0x08
.byte 0x78, 0x88, 0x88, 0x08, 0x80, 0x77, 0x77, 0x87, 0x00, 0x88, 0x88, 0x08, 0x00, 0x00, 0x00, 0x08, 0x00, 0x00, 0x80, 0x87, 0x00, 0x88, 0x88, 0x87, 0x80, 0x77, 0x77, 0x87, 0x78, 0x88, 0x88, 0x87
.byte 0x78, 0x88, 0x88, 0x87, 0x80, 0x77, 0x77, 0x87, 0x00, 0x88, 0x88, 0x08, 0x00, 0x00, 0x00, 0x00, 0x00, 0x88, 0x88, 0x00, 0x80, 0x77, 0x77, 0x08, 0x78, 0x88, 0x88, 0x87, 0x78, 0x77, 0x77, 0x87
.byte 0x78, 0x88, 0x88, 0x08, 0x80, 0x77, 0x77, 0x08, 0x00, 0x88, 0x88, 0x00, 0x00, 0x00, 0x88, 0x08, 0x00, 0x80, 0x77, 0x87, 0x80, 0x78, 0x88, 0x08, 0x78, 0x77, 0x77, 0x87, 0x80, 0x78, 0x88, 0x08
.byte 0x00, 0x78, 0x08, 0x00, 0x00, 0x78, 0x08, 0x00, 0x00, 0x80, 0x00, 0x00, 0x00, 0x00, 0x00, 0x00, 0x00, 0x00, 0x00, 0x00, 0x00, 0x88, 0x88, 0x00, 0x80, 0x77, 0x77, 0x08, 0x78, 0x88, 0x88, 0x87
.byte 0x80, 0x77, 0x77, 0x87, 0x00, 0x88, 0x88, 0x87, 0x80, 0x77, 0x77, 0x08, 0x80, 0x00, 0x00, 0x00, 0x78, 0x08, 0x00, 0x00, 0x78, 0x88, 0x88, 0x00, 0x78, 0x77, 0x77, 0x08, 0x78, 0x88, 0x88, 0x87
.byte 0x78, 0x08, 0x80, 0x87, 0x78, 0x08, 0x80, 0x87, 0x80, 0x00, 0x00, 0x08, 0x00, 0x00, 0x08, 0x00, 0x00, 0x80, 0x87, 0x00, 0x00, 0x00, 0x08, 0x00, 0x00, 0x80, 0x87, 0x00, 0x00, 0x80, 0x87, 0x00
.byte 0x00, 0x80, 0x87, 0x00, 0x00, 0x80, 0x77, 0x08, 0x00, 0x00, 0x88, 0x00, 0x00, 0x00, 0x80, 0x00, 0x00, 0x00, 0x78, 0x08, 0x00, 0x00, 0x80, 0x00, 0x00, 0x00, 0x78, 0x08, 0x00, 0x08, 0x78, 0x08
.byte 0x80, 0x87, 0x78, 0x08, 0x80, 0x87, 0x78, 0x08, 0x00, 0x78, 0x87, 0x00, 0x80, 0x00, 0x08, 0x00, 0x78, 0x88, 0x87, 0x00, 0x78, 0x78, 0x08, 0x00, 0x78, 0x87, 0x00, 0x00, 0x78, 0x78, 0x08, 0x00
.byte 0x78, 0x88, 0x87, 0x00, 0x78, 0x08, 0x78, 0x08, 0x80, 0x00, 0x80, 0x00, 0x00, 0x80, 0x00, 0x00, 0x00, 0x78, 0x08, 0x00, 0x00, 0x78, 0x08, 0x00, 0x00, 0x78, 0x08, 0x00, 0x00, 0x78, 0x08, 0x00
.byte 0x00, 0x78, 0x08, 0x00, 0x00, 0x78, 0x87, 0x00, 0x00, 0x80, 0x08, 0x00, 0x00, 0x00, 0x00, 0x00, 0x80, 0x88, 0x80, 0x08, 0x78, 0x77, 0x78, 0x87, 0x78, 0x88, 0x87, 0x78, 0x78, 0x88, 0x87, 0x78
.byte 0x78, 0x88, 0x87, 0x78, 0x78, 0x88, 0x87, 0x78, 0x80, 0x00, 0x08, 0x80, 0x00, 0x00, 0x00, 0x00, 0x80, 0x88, 0x88, 0x00, 0x78, 0x77, 0x77, 0x08, 0x78, 0x88, 0x88, 0x87, 0x78, 0x08, 0x80, 0x87
.byte 0x78, 0x08, 0x80, 0x87, 0x78, 0x08, 0x80, 0x87, 0x80, 0x00, 0x00, 0x08, 0x00, 0x00, 0x00, 0x00, 0x00, 0x88, 0x88, 0x00, 0x80, 0x77, 0x77, 0x08, 0x78, 0x88, 0x88, 0x87, 0x78, 0x08, 0x80, 0x87
.byte 0x78, 0x88, 0x88, 0x87, 0x80, 0x77, 0x77, 0x08, 0x00, 0x88, 0x88, 0x00, 0x00, 0x00, 0x00, 0x00, 0x80, 0x88, 0x88, 0x00, 0x78, 0x77, 0x77, 0x08, 0x78, 0x88, 0x88, 0x87, 0x78, 0x88, 0x88, 0x87
.byte 0x78, 0x77, 0x77, 0x08, 0x78, 0x88, 0x88, 0x00, 0x78, 0x08, 0x00, 0x00, 0x00, 0x00, 0x00, 0x00, 0x00, 0x88, 0x88, 0x08, 0x80, 0x77, 0x77, 0x87, 0x78, 0x88, 0x88, 0x87, 0x78, 0x88, 0x88, 0x87
.byte 0x80, 0x77, 0x77, 0x87, 0x00, 0x88, 0x88, 0x87, 0x00, 0x00, 0x80, 0x87, 0x00, 0x00, 0x00, 0x00, 0x80, 0x80, 0x88, 0x08, 0x78, 0x78, 0x77, 0x87, 0x78, 0x87, 0x88, 0x08, 0x78, 0x08, 0x00, 0x00
.byte 0x78, 0x08, 0x00, 0x00, 0x78, 0x08, 0x00, 0x00, 0x80, 0x00, 0x00, 0x00, 0x00, 0x00, 0x00, 0x00, 0x00, 0x88, 0x88, 0x08, 0x80, 0x77, 0x77, 0x87, 0x78, 0x88, 0x88, 0x08, 0x80, 0x77, 0x77, 0x08
.byte 0x80, 0x88, 0x88, 0x87, 0x78, 0x77, 0x77, 0x08, 0x80, 0x88, 0x88, 0x00, 0x00, 0x00, 0x08, 0x00, 0x00, 0x80, 0x87, 0x00, 0x00, 0x88, 0x87, 0x08, 0x80, 0x77, 0x77, 0x87, 0x00, 0x88, 0x87, 0x08
.byte 0x00, 0x80, 0x87, 0x08, 0x00, 0x00, 0x78, 0x87, 0x00, 0x00, 0x80, 0x08, 0x00, 0x00, 0x00, 0x00, 0x80, 0x00, 0x00, 0x08, 0x78, 0x08, 0x80, 0x87, 0x78, 0x08, 0x80, 0x87, 0x78, 0x08, 0x80, 0x87
.byte 0x78, 0x88, 0x88, 0x87, 0x80, 0x77, 0x77, 0x78, 0x00, 0x88, 0x88, 0x80, 0x00, 0x00, 0x00, 0x00, 0x80, 0x00, 0x00, 0x80, 0x78, 0x08, 0x00, 0x78, 0x78, 0x08, 0x00, 0x78, 0x80, 0x87, 0x80, 0x87
.byte 0x00, 0x78, 0x78, 0x08, 0x00, 0x80, 0x87, 0x00, 0x00, 0x00, 0x08, 0x00, 0x00, 0x00, 0x00, 0x00, 0x80, 0x00, 0x00, 0x80, 0x78, 0x08, 0x00, 0x78, 0x78, 0x08, 0x00, 0x78, 0x78, 0x08, 0x08, 0x78
.byte 0x80, 0x87, 0x87, 0x87, 0x00, 0x78, 0x78, 0x08, 0x00, 0x80, 0x80, 0x00, 0x00, 0x00, 0x00, 0x00, 0x80, 0x08, 0x00, 0x88, 0x78, 0x87, 0x80, 0x77, 0x80, 0x78, 0x78, 0x88, 0x00, 0x80, 0x87, 0x00
.byte 0x80, 0x78, 0x78, 0x88, 0x78, 0x87, 0x80, 0x77, 0x80, 0x08, 0x00, 0x88, 0x00, 0x00, 0x00, 0x00, 0x80, 0x00, 0x00, 0x08, 0x78, 0x08, 0x80, 0x87, 0x78, 0x88, 0x80, 0x87, 0x80, 0x77, 0x78, 0x08
.byte 0x00, 0x88, 0x87, 0x00, 0x80, 0x78, 0x08, 0x00, 0x78, 0x87, 0x00, 0x00, 0x00, 0x00, 0x00, 0x00, 0x80, 0x88, 0x88, 0x08, 0x78, 0x77, 0x77, 0x87, 0x80, 0x88, 0x78, 0x08, 0x00, 0x78, 0x87, 0x00
.byte 0x80, 0x87, 0x88, 0x08, 0x78, 0x77, 0x77, 0x87, 0x80, 0x88, 0x88, 0x08, 0x00, 0x80, 0x77, 0x08, 0x00, 0x78, 0x88, 0x00, 0x00, 0x78, 0x08, 0x00, 0x80, 0x87, 0x00, 0x00, 0x00, 0x78, 0x08, 0x00
.byte 0x00, 0x78, 0x88, 0x00, 0x00, 0x80, 0x77, 0x08, 0x00, 0x00, 0x88, 0x00, 0x00, 0x80, 0x87, 0x00, 0x00, 0x80, 0x87, 0x00, 0x00, 0x80, 0x87, 0x00, 0x00, 0x80, 0x87, 0x00, 0x00, 0x80, 0x87, 0x00
.byte 0x00, 0x80, 0x87, 0x00, 0x00, 0x80, 0x87, 0x00, 0x00, 0x00, 0x08, 0x00, 0x00, 0x78, 0x87, 0x00, 0x00, 0x80, 0x78, 0x08, 0x00, 0x00, 0x78, 0x08, 0x00, 0x00, 0x80, 0x87, 0x00, 0x00, 0x78, 0x08
.byte 0x00, 0x80, 0x78, 0x08, 0x00, 0x78, 0x87, 0x00, 0x00, 0x80, 0x08, 0x00, 0x00, 0x00, 0x00, 0x00, 0x00, 0x88, 0x00, 0x00, 0x80, 0x77, 0x08, 0x80, 0x78, 0x88, 0x87, 0x78, 0x78, 0x88, 0x87, 0x78
.byte 0x80, 0x00, 0x78, 0x87, 0x00, 0x00, 0x80, 0x08, 0x00, 0x00, 0x00, 0x00, 0x00, 0x00, 0x00, 0x00, 0x00, 0x00, 0x20, 0x00, 0x00, 0x00, 0x20, 0x02, 0x00, 0x22, 0x22, 0x22, 0x00, 0x00, 0x20, 0x02
.byte 0x00, 0x00, 0x20, 0x00, 0x00, 0x00, 0x00, 0x00, 0x00, 0x00, 0x00, 0x00, 0xaa, 0xa7, 0x7a, 0x7a, 0x7a, 0x77, 0x7a, 0x7a, 0x77, 0x7c, 0x77, 0x7a, 0xaa, 0xa7, 0x7a, 0x7a, 0xc7, 0xc7, 0x77, 0x7a
.byte 0x77, 0x77, 0x77, 0x7a, 0x7a, 0x77, 0xac, 0x7a, 0x77, 0x7a, 0xc7, 0x77, 0xca, 0x77, 0x77, 0xa7, 0x7a, 0xaa, 0xa7, 0xaa, 0x7a, 0x77, 0x77, 0x77, 0x7a, 0x7c, 0x77, 0xa7, 0x7c, 0x7c, 0xaa, 0xa7
.byte 0xc7, 0x7c, 0x77, 0xa7, 0xa7, 0x7c, 0xaa, 0xa7, 0xaa, 0x7c, 0x77, 0xa7, 0x7a, 0xaa, 0xaa, 0xa7, 0x7a, 0x7a, 0x77, 0x77, 0x77, 0xa7, 0xaa, 0xa7, 0x7a, 0xaa, 0xa7, 0xa7, 0x7c, 0xac, 0x7a, 0xac
.byte 0x77, 0xc7, 0x7a, 0xa7, 0x7a, 0xaa, 0xc7, 0x7a, 0x7a, 0x7a, 0xac, 0xaa, 0x7a, 0x77, 0x77, 0xa7, 0x7a, 0x7c, 0x7c, 0xaa, 0x7a, 0x7a, 0x7a, 0xaa, 0x7a, 0x7a, 0x7a, 0xaa, 0x7a, 0x7a, 0x7a, 0xaa
.byte 0x7a, 0x7a, 0x7a, 0xac, 0x7a, 0x7a, 0xaa, 0xa7, 0xc7, 0xaa, 0xaa, 0x77, 0x7a, 0x7a, 0xaa, 0xaa, 0x7a, 0x7a, 0x77, 0xa7, 0x77, 0x77, 0xaa, 0xca, 0x7a, 0x7a, 0x77, 0x77, 0x7a, 0x77, 0xaa, 0xa7
.byte 0x77, 0x7a, 0x77, 0xa7, 0x7a, 0x7a, 0xaa, 0xa7, 0x7a, 0x7a, 0x77, 0xa7, 0x7a, 0xaa, 0x7a, 0xaa, 0x77, 0xa7, 0xc7, 0xa7, 0x7c, 0x7c, 0xaa, 0x7c, 0x77, 0xc7, 0xcc, 0xcc, 0x77, 0x77, 0x77, 0x77
.byte 0x7c, 0x7c, 0x7c, 0x7c, 0x77, 0x77, 0x77, 0x77, 0x7a, 0x7a, 0x7a, 0x7a, 0xaa, 0x7a, 0xaa, 0xaa, 0x77, 0x77, 0x77, 0xa7, 0xca, 0x7c, 0xcc, 0xaa, 0x77, 0x77, 0x77, 0xa7, 0xa7, 0xc7, 0xa7, 0xa7
.byte 0x7a, 0xac, 0x7c, 0xaa, 0xaa, 0xc7, 0xa7, 0xaa, 0x77, 0x77, 0x77, 0xa7, 0xaa, 0xa7, 0xa7, 0xaa, 0x77, 0x77, 0x77, 0xa7, 0xaa, 0xa7, 0xa7, 0xaa, 0x7a, 0x77, 0x77, 0xaa, 0x7a, 0xac, 0x7c, 0xaa
.byte 0x7a, 0x77, 0x77, 0xaa, 0x77, 0x77, 0x77, 0xa7, 0xaa, 0x7a, 0xaa, 0xaa, 0xaa, 0x7a, 0xaa, 0xaa, 0xaa, 0x7a, 0xaa, 0xaa, 0x77, 0x77, 0x77, 0xa7, 0xaa, 0x7a, 0xaa, 0xaa, 0xaa, 0x77, 0xa7, 0xaa
.byte 0x7a, 0x7a, 0x7a, 0xaa, 0xa7, 0x7a, 0xaa, 0xa7, 0xaa, 0x7a, 0xaa, 0xaa, 0xaa, 0x7a, 0xaa, 0xaa, 0xca, 0xa7, 0xc7, 0xaa, 0x77, 0xaa, 0x7a, 0xa7, 0x7c, 0x77, 0x77, 0xac, 0xaa, 0x7a, 0xaa, 0xaa
.byte 0x7c, 0x77, 0x77, 0xac, 0x7a, 0x7a, 0x7a, 0xaa, 0x77, 0x77, 0x77, 0xa7, 0x7a, 0x7a, 0x77, 0x77, 0x7a, 0x77, 0xaa, 0x7a, 0x77, 0x77, 0x77, 0x77, 0x7c, 0x7a, 0xcc, 0x7c, 0x77, 0x77, 0xa7, 0x7c
.byte 0x7a, 0x7a, 0x77, 0x77, 0x7c, 0x7c, 0xaa, 0x7a, 0x77, 0x77, 0xaa, 0x77, 0x7a, 0xaa, 0xa7, 0xac, 0x7a, 0xa7, 0xc7, 0xa7, 0x77, 0x77, 0x77, 0x77, 0x7c, 0x7a, 0xca, 0xa7, 0x77, 0xa7, 0x77, 0x77
.byte 0x7a, 0xaa, 0x7a, 0xa7, 0x7c, 0xac, 0xc7, 0xa7, 0x77, 0x77, 0xac, 0x7c, 0xaa, 0xa7, 0xa7, 0xaa, 0x7c, 0x77, 0x77, 0xac, 0xaa, 0xa7, 0xa7, 0xaa, 0x77, 0x77, 0x77, 0xa7, 0x7a, 0x77, 0x77, 0xaa
.byte 0x7a, 0x7c, 0x7c, 0xaa, 0x7a, 0x77, 0x77, 0xaa, 0xa7, 0xaa, 0xaa, 0xa7, 0xaa, 0x77, 0x77, 0xac, 0xaa, 0xc7, 0x7c, 0xaa, 0x7a, 0x77, 0x77, 0xa7, 0x77, 0xaa, 0xa7, 0xa7, 0x7a, 0x77, 0x77, 0xa7
.byte 0x7a, 0xaa, 0xaa, 0xaa, 0x7a, 0xaa, 0xaa, 0xa7, 0x7a, 0x77, 0x77, 0xa7, 0x77, 0xa7, 0xc7, 0xcc, 0xa7, 0xc7, 0x77, 0x77, 0x77, 0x77, 0x77, 0x77, 0xa7, 0x77, 0xcc, 0x7c, 0x77, 0x77, 0x77, 0x77
.byte 0xc7, 0xa7, 0xc7, 0xc7, 0xa7, 0xc7, 0x7c, 0xac, 0xa7, 0x77, 0xa7, 0x77, 0x7a, 0x77, 0x77, 0xa7, 0x7a, 0xaa, 0xcc, 0xa7, 0x7a, 0x77, 0x77, 0xa7, 0x77, 0x77, 0x77, 0x77, 0x7c, 0x7a, 0xcc, 0xc7
.byte 0x7a, 0x7c, 0x77, 0xc7, 0x7a, 0x77, 0x7c, 0xaa, 0xc7, 0x7a, 0xa7, 0x77, 0xaa, 0x7a, 0xaa, 0xaa, 0xaa, 0x7a, 0xaa, 0xaa, 0x77, 0x77, 0x77, 0xa7, 0xaa, 0x7a, 0xaa, 0xaa, 0xaa, 0x7a, 0xaa, 0xaa
.byte 0xaa, 0xa7, 0xa7, 0xaa, 0x7a, 0xaa, 0x7a, 0xaa, 0xa7, 0xaa, 0xaa, 0x77, 0xaa, 0x7a, 0xaa, 0xaa, 0xaa, 0x7a, 0xaa, 0xaa, 0x7a, 0x7a, 0xaa, 0xa7, 0x7a, 0x7a, 0xaa, 0xa7, 0x7a, 0x7a, 0xaa, 0xa7
.byte 0x7a, 0x7a, 0xaa, 0xa7, 0xa7, 0x7a, 0xaa, 0x7a, 0xaa, 0x7a, 0xaa, 0xaa, 0xaa, 0xa7, 0xa7, 0xaa, 0x7a, 0x77, 0x77, 0xaa, 0xaa, 0x7a, 0xaa, 0xaa, 0x77, 0x77, 0x77, 0xa7, 0x7a, 0xaa, 0x77, 0xaa
.byte 0xa7, 0x77, 0xa7, 0xa7, 0x7a, 0xaa, 0xaa, 0xaa, 0x7a, 0x77, 0x77, 0xaa, 0x7a, 0x7a, 0xaa, 0xaa, 0x79, 0x7a, 0x77, 0x97, 0x77, 0x97, 0x97, 0x7a, 0x79, 0xaa, 0x97, 0x7a, 0x7a, 0xaa, 0x97, 0x7a
.byte 0x77, 0xaa, 0x97, 0x7a, 0x7a, 0x7a, 0xa9, 0x7a, 0x7a, 0xaa, 0x7a, 0xa7, 0xaa, 0x97, 0x7a, 0xaa, 0x7a, 0x97, 0x7a, 0xaa, 0x79, 0x79, 0x77, 0x77, 0x77, 0x77, 0x7a, 0x7a, 0x77, 0x7a, 0x9a, 0x7a
.byte 0x7a, 0x7a, 0xaa, 0xa7, 0x7a, 0x7a, 0xaa, 0xaa, 0x7a, 0xaa, 0x77, 0x97, 0x7a, 0x7a, 0x77, 0xc7, 0x7a, 0x77, 0xaa, 0xc7, 0x77, 0x77, 0x77, 0xc7, 0x7c, 0x7a, 0x77, 0xa7, 0x77, 0x77, 0xa7, 0x7a
.byte 0x7a, 0x7a, 0x7a, 0x7c, 0x7c, 0x7c, 0xca, 0xa7, 0x77, 0x77, 0xa7, 0x7c, 0x7a, 0xaa, 0xaa, 0xaa, 0x7a, 0x77, 0x77, 0xac, 0xc7, 0x7a, 0xaa, 0xaa, 0xac, 0x7a, 0xaa, 0xaa, 0x77, 0x77, 0x77, 0xa7
.byte 0xaa, 0x7c, 0xac, 0xaa, 0x7a, 0xa7, 0x77, 0xaa, 0xc7, 0xaa, 0xca, 0x77, 0x77, 0x77, 0x77, 0xa7, 0xaa, 0xa7, 0xaa, 0xaa, 0x7a, 0xac, 0xaa, 0xaa, 0x7c, 0xaa, 0xaa, 0xaa, 0xa7, 0x77, 0x77, 0xa7
.byte 0xaa, 0xa7, 0xaa, 0xa7, 0xaa, 0xa7, 0xaa, 0xa7, 0xaa, 0x77, 0x77, 0xa7, 0x22, 0x22, 0x22, 0xa2, 0xaa, 0xaa, 0xaa, 0xaa, 0xaa, 0xaa, 0xaa, 0xaa, 0xaa, 0xaa, 0xaa, 0xaa, 0xaa, 0xaa, 0xaa, 0xaa
.byte 0xaa, 0xaa, 0xaa, 0xaa, 0xaa, 0xaa, 0xaa, 0xaa, 0xaa, 0xaa, 0xaa, 0xaa, 0x22, 0x22, 0x22, 0xa2, 0xaa, 0xaa, 0xaa, 0xaa, 0xaa, 0x2a, 0xaa, 0xaa, 0xaa, 0x22, 0xa2, 0xaa, 0x2a, 0x22, 0x22, 0xaa
.byte 0xaa, 0x2a, 0xaa, 0xaa, 0xaa, 0x2a, 0xaa, 0xaa, 0xaa, 0xaa, 0xaa, 0xaa, 0x77, 0x77, 0x77, 0x77, 0x9a, 0xa7, 0xa7, 0xaa, 0x7a, 0xa7, 0x77, 0x77, 0x97, 0xa7, 0xa7, 0xaa, 0xa7, 0xa7, 0xa7, 0xaa
.byte 0x7a, 0xa9, 0xa7, 0x7a, 0x7a, 0xaa, 0xa7, 0x7a, 0x97, 0xaa, 0x79, 0x97, 0xaa, 0xa7, 0xa7, 0xaa, 0x9a, 0xa7, 0xa7, 0xaa, 0x7a, 0x77, 0x77, 0xa7, 0x77, 0x7a, 0x77, 0xaa, 0x79, 0xa9, 0xa7, 0xa7
.byte 0x7a, 0x77, 0x77, 0xa7, 0x7a, 0xa7, 0xa7, 0x97, 0x7a, 0xaa, 0xa7, 0x7a, 0xaa, 0x7a, 0xaa, 0xaa, 0xaa, 0x7a, 0xaa, 0xaa, 0x77, 0x77, 0x77, 0xa7, 0xaa, 0x7a, 0xaa, 0xaa, 0xaa, 0x7a, 0xaa, 0xaa
.byte 0xaa, 0x7a, 0xaa, 0xaa, 0xaa, 0x7a, 0xaa, 0xaa, 0x7a, 0x77, 0x77, 0xaa, 0xaa, 0xa7, 0x77, 0xa9, 0x9a, 0x77, 0x77, 0x77, 0x7a, 0x77, 0x7a, 0x7a, 0x77, 0x7a, 0x77, 0x77, 0x79, 0x99, 0x77, 0xaa
.byte 0x7a, 0xa7, 0x97, 0xa7, 0x7a, 0x77, 0x79, 0x97, 0x7a, 0xaa, 0x77, 0x9a, 0xaa, 0x7a, 0xaa, 0xaa, 0x77, 0x77, 0x77, 0xa7, 0x9a, 0xa7, 0x97, 0xaa, 0xa7, 0xa7, 0xa7, 0xa7, 0x9a, 0x77, 0x77, 0xaa
.byte 0x77, 0xa9, 0x7a, 0xaa, 0xaa, 0x7a, 0xa9, 0xaa, 0x77, 0xa7, 0x7a, 0xa7, 0xaa, 0xa7, 0xa7, 0xaa, 0xaa, 0xa7, 0xa7, 0xaa, 0x7a, 0xa7, 0x77, 0x77, 0x77, 0xaa, 0xa7, 0xaa, 0x7a, 0xaa, 0xa7, 0xaa
.byte 0x7a, 0xaa, 0xa7, 0xaa, 0x7a, 0xaa, 0xa7, 0x7a, 0x7a, 0xaa, 0x7a, 0x77, 0xaa, 0xaa, 0xaa, 0xaa, 0xaa, 0xaa, 0xaa, 0xaa, 0xaa, 0xaa, 0xaa, 0xaa, 0xaa, 0xaa, 0xaa, 0xaa, 0xaa, 0xaa, 0xaa, 0xaa
.byte 0xaa, 0xaa, 0xaa, 0xaa, 0xaa, 0xaa, 0xaa, 0xaa, 0xaa, 0xaa, 0xaa, 0xaa, 0xaa, 0xaa, 0xaa, 0xaa, 0xaa, 0xaa, 0xaa, 0xaa, 0xaa, 0xaa, 0xaa, 0xaa, 0xaa, 0xaa, 0xaa, 0xaa, 0xaa, 0xaa, 0xaa, 0xaa
.byte 0x7a, 0xaa, 0xaa, 0xaa, 0xa7, 0xa7, 0xaa, 0xaa, 0x7a, 0xaa, 0xaa, 0xaa, 0x7a, 0xa7, 0xaa, 0xaa, 0x7a, 0xaa, 0xaa, 0xaa, 0x7a, 0xaa, 0xaa, 0xaa, 0x7a, 0xaa, 0xaa, 0xaa, 0x7a, 0xaa, 0xaa, 0xaa
.byte 0x7a, 0xaa, 0xaa, 0xaa, 0xaa, 0xaa, 0xaa, 0xaa, 0xaa, 0xaa, 0xaa, 0xaa, 0xaa, 0xaa, 0xaa, 0xaa, 0xaa, 0xaa, 0xaa, 0xaa, 0xaa, 0xa7, 0xaa, 0xaa, 0xaa, 0xa7, 0xaa, 0xaa, 0xaa, 0xa7, 0xaa, 0xaa
.byte 0xaa, 0xa7, 0xaa, 0xaa, 0xaa, 0xa7, 0xaa, 0xaa, 0x7a, 0xa7, 0xaa, 0xaa, 0xaa, 0xaa, 0xaa, 0xaa, 0xaa, 0xaa, 0xaa, 0xaa, 0xaa, 0xaa, 0xaa, 0xaa, 0xaa, 0xaa, 0xaa, 0xaa, 0xaa, 0xaa, 0xaa, 0xaa
.byte 0xaa, 0xaa, 0xaa, 0xaa, 0xa7, 0xaa, 0xaa, 0xaa, 0x7a, 0xaa, 0xaa, 0xaa, 0xaa, 0xaa, 0xaa, 0xaa, 0xaa, 0xaa, 0xaa, 0xaa, 0xaa, 0xaa, 0xaa, 0xaa, 0xaa, 0xaa, 0xaa, 0xaa, 0x77, 0xaa, 0xaa, 0xaa
.byte 0x77, 0xaa, 0xaa, 0xaa, 0xaa, 0xaa, 0xaa, 0xaa, 0xaa, 0xaa, 0xaa, 0xaa, 0xaa, 0xaa, 0xaa, 0xaa, 0xaa, 0xaa, 0xaa, 0xaa, 0x7a, 0x77, 0x77, 0xaa, 0xaa, 0xaa, 0x7a, 0xaa, 0x7a, 0x77, 0x77, 0xaa
.byte 0xaa, 0xaa, 0x7a, 0xaa, 0xaa, 0xaa, 0xa7, 0xaa, 0xaa, 0x77, 0xaa, 0xaa, 0xaa, 0xaa, 0xaa, 0xaa, 0xaa, 0xaa, 0xaa, 0xaa, 0xaa, 0xaa, 0xaa, 0xaa, 0x77, 0x77, 0xaa, 0xaa, 0xaa, 0x7a, 0xaa, 0xaa
.byte 0x7a, 0x7a, 0xaa, 0xaa, 0x7a, 0xaa, 0xaa, 0xaa, 0xa7, 0xaa, 0xaa, 0xaa, 0xaa, 0xaa, 0xaa, 0xaa, 0xaa, 0xaa, 0xaa, 0xaa, 0xaa, 0xaa, 0xaa, 0xaa, 0xaa, 0x7a, 0xaa, 0xaa, 0xaa, 0xa7, 0xaa, 0xaa
.byte 0x7a, 0xa7, 0xaa, 0xaa, 0xa7, 0xa7, 0xaa, 0xaa, 0xaa, 0xa7, 0xaa, 0xaa, 0xaa, 0xaa, 0xaa, 0xaa, 0xaa, 0xaa, 0xaa, 0xaa, 0xaa, 0xaa, 0xaa, 0xaa, 0xaa, 0xa7, 0xaa, 0xaa, 0x77, 0x77, 0xa7, 0xaa
.byte 0xa7, 0xaa, 0xa7, 0xaa, 0xaa, 0xaa, 0xa7, 0xaa, 0xaa, 0x7a, 0xaa, 0xaa, 0xaa, 0xaa, 0xaa, 0xaa, 0xaa, 0xaa, 0xaa, 0xaa, 0xaa, 0xaa, 0xaa, 0xaa, 0xaa, 0xaa, 0xaa, 0xaa, 0x7a, 0x77, 0xaa, 0xaa
.byte 0xaa, 0xa7, 0xaa, 0xaa, 0xaa, 0xa7, 0xaa, 0xaa, 0x77, 0x77, 0xa7, 0xaa, 0xaa, 0xaa, 0xaa, 0xaa, 0xaa, 0xaa, 0xaa, 0xaa, 0xaa, 0xaa, 0xaa, 0xaa, 0xaa, 0x7a, 0xaa, 0xaa, 0x77, 0x77, 0xa7, 0xaa
.byte 0xaa, 0x77, 0xaa, 0xaa, 0x7a, 0x7a, 0xaa, 0xaa, 0xa7, 0x7a, 0xaa, 0xaa, 0xaa, 0xaa, 0xaa, 0xaa, 0xaa, 0xaa, 0xaa, 0xaa, 0xaa, 0xaa, 0xaa, 0xaa, 0x7a, 0xaa, 0xaa, 0xaa, 0x7a, 0x7a, 0x77, 0xaa
.byte 0x77, 0xa7, 0xa7, 0xaa, 0xaa, 0xa7, 0xaa, 0xaa, 0xaa, 0xa7, 0xaa, 0xaa, 0xaa, 0xaa, 0xaa, 0xaa, 0xaa, 0xaa, 0xaa, 0xaa, 0xaa, 0xaa, 0xaa, 0xaa, 0xaa, 0xaa, 0xaa, 0xaa, 0x7a, 0xa7, 0xaa, 0xaa
.byte 0xaa, 0x7a, 0xaa, 0xaa, 0xaa, 0x7a, 0xaa, 0xaa, 0x77, 0x77, 0xa7, 0xaa, 0xaa, 0xaa, 0xaa, 0xaa, 0xaa, 0xaa, 0xaa, 0xaa, 0xaa, 0xaa, 0xaa, 0xaa, 0x77, 0xa7, 0xaa, 0xaa, 0xaa, 0x7a, 0xaa, 0xaa
.byte 0x77, 0x77, 0xaa, 0xaa, 0xaa, 0x7a, 0xaa, 0xaa, 0x77, 0x77, 0xaa, 0xaa, 0xaa, 0xaa, 0xaa, 0xaa, 0xaa, 0xaa, 0xaa, 0xaa, 0xaa, 0xaa, 0xaa, 0xaa, 0xaa, 0xa7, 0xaa, 0xaa, 0xa7, 0xa7, 0xa7, 0xaa
.byte 0xa7, 0xaa, 0xa7, 0xaa, 0xaa, 0x7a, 0xaa, 0xaa, 0xaa, 0xa7, 0xaa, 0xaa, 0xaa, 0xaa, 0xaa, 0xaa, 0xaa, 0xaa, 0xaa, 0xaa, 0xaa, 0xaa, 0xaa, 0xaa, 0xaa, 0xaa, 0xaa, 0xaa, 0xaa, 0x77, 0x77, 0xaa
.byte 0xaa, 0xaa, 0xaa, 0xaa, 0xaa, 0xaa, 0xaa, 0xaa, 0xaa, 0xaa, 0xaa, 0xaa, 0xaa, 0xaa, 0xaa, 0xaa, 0x77, 0x77, 0x77, 0xaa, 0xaa, 0xaa, 0x7a, 0xaa, 0xaa, 0xaa, 0x7a, 0xaa, 0xaa, 0xa7, 0xa7, 0xaa
.byte 0xaa, 0xa7, 0xaa, 0xaa, 0x7a, 0xaa, 0xaa, 0xaa, 0x7a, 0xaa, 0xaa, 0xaa, 0xaa, 0xaa, 0x7a, 0xaa, 0xaa, 0x7a, 0xa7, 0xaa, 0xaa, 0x77, 0xaa, 0xaa, 0x7a, 0x7a, 0xaa, 0xaa, 0xa7, 0x7a, 0xaa, 0xaa
.byte 0xaa, 0x7a, 0xaa, 0xaa, 0xaa, 0x7a, 0xaa, 0xaa, 0xaa, 0x7a, 0xaa, 0xaa, 0xaa, 0x7a, 0xaa, 0xaa, 0x77, 0x77, 0x77, 0xa7, 0xa7, 0xaa, 0xaa, 0xa7, 0xaa, 0xaa, 0xaa, 0xa7, 0xaa, 0xaa, 0x7a, 0xaa
.byte 0xaa, 0xaa, 0x7a, 0xaa, 0xaa, 0xaa, 0xa7, 0xaa, 0xaa, 0x7a, 0xaa, 0xaa, 0xaa, 0xaa, 0xaa, 0xaa, 0x7a, 0x77, 0x77, 0xaa, 0xaa, 0x7a, 0xaa, 0xaa, 0xaa, 0x7a, 0xaa, 0xaa, 0xaa, 0x7a, 0xaa, 0xaa
.byte 0xaa, 0x7a, 0xaa, 0xaa, 0xaa, 0x7a, 0xaa, 0xaa, 0x77, 0x77, 0x77, 0xa7, 0xaa, 0xaa, 0xa7, 0xaa, 0x77, 0x77, 0x77, 0xaa, 0xaa, 0x7a, 0xa7, 0xaa, 0xaa, 0x77, 0xa7, 0xaa, 0xaa, 0xa7, 0xa7, 0xaa
.byte 0x7a, 0xaa, 0xa7, 0xaa, 0xa7, 0xaa, 0xa7, 0xaa, 0xaa, 0xaa, 0xa7, 0xaa, 0xaa, 0xa7, 0xaa, 0xaa, 0x77, 0x77, 0x77, 0xaa, 0xaa, 0xa7, 0x7a, 0xaa, 0xaa, 0xa7, 0x7a, 0xaa, 0x7a, 0xaa, 0x7a, 0xaa
.byte 0x7a, 0xaa, 0x7a, 0xaa, 0xa7, 0xaa, 0x7a, 0xaa, 0xa7, 0xaa, 0x7a, 0xaa, 0xaa, 0xa7, 0xaa, 0xaa, 0x77, 0x77, 0x77, 0xaa, 0xaa, 0x7a, 0xaa, 0xaa, 0xaa, 0x7a, 0xaa, 0xaa, 0x77, 0x77, 0x77, 0xa7
.byte 0xaa, 0xaa, 0xa7, 0xaa, 0xaa, 0xaa, 0xa7, 0xaa, 0xaa, 0xaa, 0xa7, 0xaa, 0x7a, 0xaa, 0xaa, 0xaa, 0x7a, 0x77, 0x77, 0xaa, 0x7a, 0xaa, 0x7a, 0xaa, 0xa7, 0xaa, 0x7a, 0xaa, 0xaa, 0xaa, 0x7a, 0xaa
.byte 0xaa, 0xaa, 0xa7, 0xaa, 0xaa, 0x7a, 0xaa, 0xaa, 0x7a, 0xa7, 0xaa, 0xaa, 0x7a, 0xaa, 0xaa, 0xaa, 0x7a, 0x77, 0x77, 0xa7, 0xa7, 0xaa, 0xa7, 0xaa, 0xa7, 0xaa, 0xa7, 0xaa, 0xaa, 0xaa, 0xa7, 0xaa
.byte 0xaa, 0x7a, 0xaa, 0xaa, 0xaa, 0x7a, 0xaa, 0xaa, 0xaa, 0xa7, 0xaa, 0xaa, 0xaa, 0xaa, 0xaa, 0xaa, 0x77, 0x77, 0xa7, 0xaa, 0xaa, 0xaa, 0x7a, 0xaa, 0xaa, 0xaa, 0x7a, 0xaa, 0xaa, 0xaa, 0x7a, 0xaa
.byte 0xaa, 0xaa, 0x7a, 0xaa, 0xaa, 0xaa, 0x7a, 0xaa, 0x77, 0x77, 0x77, 0xaa, 0x7a, 0xaa, 0xa7, 0xaa, 0x7a, 0xaa, 0xa7, 0xaa, 0x77, 0x77, 0x77, 0xaa, 0x7a, 0xaa, 0xa7, 0xaa, 0x7a, 0xaa, 0xa7, 0xaa
.byte 0xaa, 0x7a, 0xaa, 0xaa, 0xaa, 0x7a, 0xaa, 0xaa, 0xaa, 0xa7, 0xaa, 0xaa, 0x7a, 0xaa, 0xaa, 0xaa, 0xaa, 0x77, 0xaa, 0xaa, 0xa7, 0xaa, 0xaa, 0xaa, 0x7a, 0xa7, 0xaa, 0xaa, 0xaa, 0xaa, 0xaa, 0xa7
.byte 0xaa, 0xaa, 0x77, 0xaa, 0xaa, 0x7a, 0xa7, 0xaa, 0x7a, 0xa7, 0xaa, 0xaa, 0xaa, 0xaa, 0xaa, 0xaa, 0x77, 0x77, 0x77, 0xaa, 0xaa, 0xaa, 0xa7, 0xaa, 0xaa, 0xaa, 0xa7, 0xaa, 0xaa, 0x7a, 0xaa, 0xaa
.byte 0xaa, 0x77, 0xaa, 0xaa, 0x7a, 0xaa, 0xa7, 0xaa, 0xa7, 0xaa, 0x7a, 0xaa, 0x7a, 0xaa, 0xaa, 0xaa, 0x7a, 0xaa, 0xaa, 0xaa, 0x77, 0x77, 0x77, 0xaa, 0x7a, 0xaa, 0x7a, 0xaa, 0x7a, 0xaa, 0x7a, 0xaa
.byte 0x7a, 0xaa, 0xa7, 0xaa, 0x7a, 0xaa, 0xaa, 0xaa, 0xaa, 0x77, 0x77, 0xaa, 0xaa, 0xaa, 0x7a, 0xaa, 0xa7, 0xaa, 0x7a, 0xaa, 0xa7, 0xaa, 0x7a, 0xaa, 0x7a, 0xaa, 0x7a, 0xaa, 0xaa, 0xaa, 0xa7, 0xaa
.byte 0xaa, 0xaa, 0xa7, 0xaa, 0xaa, 0x7a, 0xaa, 0xaa, 0xaa, 0xa7, 0xaa, 0xaa, 0x7a, 0xaa, 0xaa, 0xaa, 0x7a, 0x77, 0x77, 0xaa, 0x7a, 0xaa, 0x7a, 0xaa, 0xa7, 0xaa, 0x7a, 0xaa, 0xaa, 0xa7, 0xa7, 0xaa
.byte 0xaa, 0x7a, 0xa7, 0xaa, 0xaa, 0x7a, 0x7a, 0xaa, 0x7a, 0xa7, 0xaa, 0xaa, 0xaa, 0xaa, 0x77, 0xaa, 0x7a, 0x77, 0xaa, 0xaa, 0xaa, 0x7a, 0xaa, 0xaa, 0x77, 0x77, 0x77, 0xa7, 0xaa, 0x7a, 0xaa, 0xaa
.byte 0xaa, 0x7a, 0xaa, 0xaa, 0xaa, 0xa7, 0xaa, 0xaa, 0xaa, 0xa7, 0xaa, 0xaa, 0xaa, 0xa7, 0xaa, 0xa7, 0xa7, 0xa7, 0xaa, 0xa7, 0xa7, 0x7a, 0xaa, 0xa7, 0x7a, 0xaa, 0x7a, 0xaa, 0xaa, 0xaa, 0x7a, 0xaa
.byte 0xaa, 0xaa, 0xa7, 0xaa, 0xaa, 0xaa, 0xa7, 0xaa, 0xaa, 0x7a, 0xaa, 0xaa, 0xaa, 0xaa, 0xaa, 0xaa, 0x7a, 0x77, 0x77, 0xaa, 0xaa, 0xaa, 0xaa, 0xaa, 0x77, 0x77, 0x77, 0xa7, 0xaa, 0x7a, 0xaa, 0xaa
.byte 0xaa, 0x7a, 0xaa, 0xaa, 0xaa, 0x7a, 0xaa, 0xaa, 0xaa, 0xa7, 0xaa, 0xaa, 0x7a, 0xaa, 0xaa, 0xaa, 0x7a, 0xaa, 0xaa, 0xaa, 0x7a, 0xaa, 0xaa, 0xaa, 0x7a, 0xaa, 0xaa, 0xaa, 0x7a, 0xa7, 0xaa, 0xaa
.byte 0x7a, 0xaa, 0xa7, 0xaa, 0x7a, 0xaa, 0xaa, 0xaa, 0x7a, 0xaa, 0xaa, 0xaa, 0xaa, 0xaa, 0xa7, 0xaa, 0xaa, 0xaa, 0xa7, 0xaa, 0x77, 0x77, 0x77, 0xa7, 0xaa, 0x7a, 0xaa, 0xaa, 0xaa, 0x7a, 0xaa, 0xaa
.byte 0xaa, 0x7a, 0xaa, 0xaa, 0xaa, 0xa7, 0xaa, 0xaa, 0xaa, 0xa7, 0xaa, 0xaa, 0xaa, 0xaa, 0xaa, 0xaa, 0xaa, 0xaa, 0xaa, 0xaa, 0x7a, 0x77, 0x77, 0xaa, 0xaa, 0xaa, 0xaa, 0xaa, 0xaa, 0xaa, 0xaa, 0xaa
.byte 0xaa, 0xaa, 0xaa, 0xaa, 0xaa, 0xaa, 0xaa, 0xaa, 0x77, 0x77, 0x77, 0xa7, 0xaa, 0xaa, 0xaa, 0xaa, 0x77, 0x77, 0x77, 0xa7, 0xaa, 0xaa, 0x7a, 0xaa, 0xaa, 0xaa, 0xa7, 0xaa, 0x7a, 0x7a, 0xaa, 0xaa
.byte 0xaa, 0x77, 0xaa, 0xaa, 0x7a, 0xaa, 0xa7, 0xaa, 0xa7, 0xaa, 0xaa, 0xaa, 0xaa, 0x7a, 0xaa, 0xaa, 0x77, 0x77, 0x77, 0xaa, 0xaa, 0xaa, 0xa7, 0xaa, 0xaa, 0x7a, 0xaa, 0xaa, 0xaa, 0x77, 0xaa, 0xaa
.byte 0x7a, 0x7a, 0x7a, 0xaa, 0xa7, 0x7a, 0xaa, 0xa7, 0xaa, 0x7a, 0xaa, 0xaa, 0xaa, 0xaa, 0xaa, 0xaa, 0xaa, 0xaa, 0xa7, 0xaa, 0xaa, 0xaa, 0xa7, 0xaa, 0xaa, 0x7a, 0xaa, 0xaa, 0xaa, 0x7a, 0xaa, 0xaa
.byte 0xaa, 0xa7, 0xaa, 0xaa, 0x7a, 0xaa, 0xaa, 0xaa, 0xa7, 0xaa, 0xaa, 0xaa, 0xaa, 0xaa, 0xaa, 0xaa, 0xaa, 0xa7, 0xaa, 0xaa, 0xaa, 0xa7, 0xa7, 0xaa, 0xaa, 0xa7, 0xa7, 0xaa, 0x7a, 0xaa, 0x7a, 0xaa
.byte 0x7a, 0xaa, 0x7a, 0xaa, 0xa7, 0xaa, 0xaa, 0xa7, 0xa7, 0xaa, 0xaa, 0xa7, 0xa7, 0xaa, 0xaa, 0xaa, 0xa7, 0xaa, 0xaa, 0xaa, 0xa7, 0x7a, 0xa7, 0xaa, 0x77, 0xa7, 0xaa, 0xaa, 0xa7, 0xaa, 0xaa, 0xaa
.byte 0xa7, 0xaa, 0xaa, 0xaa, 0xa7, 0xaa, 0xaa, 0xaa, 0x7a, 0x77, 0x77, 0xaa, 0xaa, 0xaa, 0xaa, 0xaa, 0x77, 0x77, 0x77, 0xaa, 0xaa, 0xaa, 0x7a, 0xaa, 0xaa, 0xaa, 0xa7, 0xaa, 0xaa, 0xaa, 0xa7, 0xaa
.byte 0xaa, 0x7a, 0xaa, 0xaa, 0xaa, 0x7a, 0xaa, 0xaa, 0xaa, 0xa7, 0xaa, 0xaa, 0xaa, 0xaa, 0xaa, 0xaa, 0xaa, 0xaa, 0xaa, 0xaa, 0xaa, 0xa7, 0xaa, 0xaa, 0x7a, 0x7a, 0xaa, 0xaa, 0xa7, 0xaa, 0xa7, 0xaa
.byte 0xaa, 0xaa, 0x7a, 0xaa, 0xaa, 0xaa, 0xaa, 0xa7, 0xaa, 0xaa, 0xaa, 0xaa, 0xaa, 0x7a, 0xaa, 0xaa, 0xaa, 0x7a, 0xaa, 0xaa, 0x77, 0x77, 0x77, 0xa7, 0xaa, 0x7a, 0xaa, 0xaa, 0x7a, 0x7a, 0x7a, 0xaa
.byte 0xa7, 0x7a, 0xaa, 0xa7, 0xaa, 0x7a, 0xaa, 0xaa, 0xaa, 0x7a, 0xaa, 0xaa, 0xaa, 0xaa, 0xaa, 0xaa, 0xaa, 0x7a, 0x77, 0xa7, 0x77, 0xa7, 0xaa, 0xa7, 0xaa, 0xaa, 0x7a, 0xaa, 0xaa, 0xaa, 0x7a, 0xaa
.byte 0x7a, 0xa7, 0xa7, 0xaa, 0xaa, 0x7a, 0xaa, 0xaa, 0xaa, 0xaa, 0xa7, 0xaa, 0x77, 0xa7, 0xaa, 0xaa, 0xaa, 0x7a, 0x77, 0xaa, 0xaa, 0xaa, 0xaa, 0xaa, 0x7a, 0xa7, 0xaa, 0xaa, 0xaa, 0x7a, 0xa7, 0xaa
.byte 0xaa, 0xaa, 0xaa, 0xaa, 0x77, 0xa7, 0xaa, 0xaa, 0xaa, 0x7a, 0x77, 0xaa, 0xaa, 0xaa, 0xaa, 0xaa, 0xaa, 0x7a, 0xaa, 0xaa, 0xaa, 0xa7, 0xaa, 0xaa, 0xaa, 0xa7, 0xaa, 0xaa, 0x7a, 0xaa, 0xaa, 0xaa
.byte 0x7a, 0xaa, 0xa7, 0xaa, 0xa7, 0xaa, 0x7a, 0xaa, 0x77, 0x77, 0x77, 0xaa, 0xaa, 0xaa, 0x7a, 0xaa, 0xa7, 0xaa, 0xa7, 0xaa, 0x7a, 0x7a, 0xaa, 0xaa, 0xaa, 0x77, 0xaa, 0xaa, 0xaa, 0x77, 0xaa, 0xaa
.byte 0x7a, 0xaa, 0xa7, 0xaa, 0x7a, 0xaa, 0xaa, 0xaa, 0xa7, 0xaa, 0xaa, 0xaa, 0xaa, 0xaa, 0xaa, 0xaa, 0x7a, 0x77, 0x77, 0xa7, 0xaa, 0xa7, 0xaa, 0xaa, 0xaa, 0xa7, 0xaa, 0xaa, 0x7a, 0x77, 0x77, 0xa7
.byte 0xaa, 0xa7, 0xaa, 0xaa, 0xaa, 0xa7, 0xaa, 0xaa, 0xaa, 0x7a, 0x77, 0xa7, 0x77, 0xaa, 0xaa, 0xaa, 0x7a, 0x7a, 0x77, 0xa7, 0x77, 0xa7, 0xaa, 0xa7, 0x7a, 0xaa, 0x7a, 0xaa, 0xaa, 0xa7, 0xaa, 0xaa
.byte 0xaa, 0xa7, 0xaa, 0xaa, 0xaa, 0x7a, 0xaa, 0xaa, 0xaa, 0x7a, 0xaa, 0xaa, 0xaa, 0xaa, 0xaa, 0xaa, 0x7a, 0x77, 0xa7, 0xaa, 0xaa, 0xaa, 0xa7, 0xaa, 0xaa, 0xaa, 0xa7, 0xaa, 0xaa, 0xaa, 0xa7, 0xaa
.byte 0xaa, 0x7a, 0xaa, 0xaa, 0x77, 0x77, 0x77, 0xa7, 0xaa, 0xaa, 0xaa, 0xaa, 0xaa, 0xaa, 0xaa, 0xaa, 0x77, 0x77, 0xa7, 0xaa, 0xaa, 0xaa, 0x7a, 0xaa, 0xaa, 0xaa, 0x7a, 0xaa, 0x77, 0x77, 0x77, 0xaa
.byte 0xaa, 0xaa, 0x7a, 0xaa, 0xaa, 0xaa, 0x7a, 0xaa, 0x77, 0x77, 0x77, 0xaa, 0x7a, 0x77, 0xa7, 0xaa, 0xaa, 0xaa, 0xaa, 0xaa, 0x77, 0x77, 0x77, 0xaa, 0xaa, 0xaa, 0x7a, 0xaa, 0xaa, 0xaa, 0x7a, 0xaa
.byte 0xaa, 0xaa, 0xa7, 0xaa, 0xaa, 0xaa, 0xa7, 0xaa, 0xaa, 0x7a, 0xaa, 0xaa, 0xa7, 0x7a, 0xaa, 0xaa, 0xa7, 0x7a, 0xaa, 0xaa, 0xa7, 0x7a, 0xaa, 0xaa, 0xa7, 0x7a, 0xaa, 0xaa, 0xa7, 0x7a, 0xaa, 0xaa
.byte 0xaa, 0x7a, 0xaa, 0xaa, 0xaa, 0x7a, 0xaa, 0xaa, 0xaa, 0xa7, 0xaa, 0xaa, 0x7a, 0x7a, 0xaa, 0xaa, 0x7a, 0x7a, 0xaa, 0xaa, 0x7a, 0x7a, 0xaa, 0xaa, 0x7a, 0x7a, 0xaa, 0xaa, 0x7a, 0x7a, 0xaa, 0xaa
.byte 0xa7, 0x7a, 0xaa, 0xa7, 0xa7, 0x7a, 0x7a, 0xaa, 0xa7, 0x7a, 0xa7, 0xaa, 0xa7, 0xaa, 0xaa, 0xaa, 0xa7, 0xaa, 0xaa, 0xaa, 0xa7, 0xaa, 0xaa, 0xaa, 0xa7, 0xaa, 0xaa, 0xaa, 0xa7, 0xaa, 0xaa, 0xaa
.byte 0xa7, 0xaa, 0xaa, 0xaa, 0xa7, 0x7a, 0xa7, 0xaa, 0x77, 0xa7, 0xaa, 0xaa, 0xaa, 0xaa, 0xaa, 0xaa, 0x77, 0x77, 0xa7, 0xaa, 0xa7, 0xaa, 0x7a, 0xaa, 0xa7, 0xaa, 0x7a, 0xaa, 0xa7, 0xaa, 0x7a, 0xaa
.byte 0xa7, 0xaa, 0x7a, 0xaa, 0xa7, 0xaa, 0x7a, 0xaa, 0x77, 0x77, 0x77, 0xaa, 0xaa, 0xaa, 0xaa, 0xaa, 0x77, 0x77, 0x77, 0xaa, 0xa7, 0xaa, 0x7a, 0xaa, 0xa7, 0xaa, 0x7a, 0xaa, 0xa7, 0xaa, 0x7a, 0xaa
.byte 0xaa, 0xaa, 0xa7, 0xaa, 0xaa, 0xaa, 0xa7, 0xaa, 0xaa, 0x7a, 0xaa, 0xaa, 0xaa, 0xaa, 0xaa, 0xaa, 0xa7, 0xaa, 0xaa, 0xaa, 0x7a, 0xaa, 0xaa, 0xaa, 0xaa, 0xaa, 0xaa, 0xaa, 0xaa, 0xaa, 0xaa, 0xa7
.byte 0xaa, 0xaa, 0x7a, 0xaa, 0xaa, 0x7a, 0xa7, 0xaa, 0x7a, 0xa7, 0xaa, 0xaa, 0xaa, 0xaa, 0xaa, 0xaa, 0xaa, 0xaa, 0xaa, 0xaa, 0xaa, 0xaa, 0xaa, 0xaa, 0xaa, 0xaa, 0xaa, 0xaa, 0xaa, 0xaa, 0xaa, 0xaa
.byte 0xaa, 0xaa, 0xaa, 0xaa, 0xaa, 0xaa, 0xaa, 0xaa, 0xaa, 0xaa, 0xaa, 0xaa, 0xaa, 0xaa, 0xaa, 0xaa, 0xaa, 0xaa, 0xaa, 0xaa, 0xaa, 0xaa, 0xaa, 0xaa, 0xaa, 0xaa, 0xaa, 0xaa, 0xaa, 0xaa, 0xaa, 0xaa
.byte 0xaa, 0xaa, 0xaa, 0xaa, 0xaa, 0xaa, 0xaa, 0xaa, 0xaa, 0xaa, 0xaa, 0xaa, 0xaa, 0xaa, 0xaa, 0xaa, 0xaa, 0xaa, 0xaa, 0xaa, 0xaa, 0xaa, 0xaa, 0xaa, 0xaa, 0xaa, 0xaa, 0xaa, 0xaa, 0xaa, 0xaa, 0xaa
.byte 0xaa, 0xaa, 0xaa, 0xaa, 0xaa, 0xaa, 0xaa, 0xaa, 0xaa, 0xaa, 0xaa, 0xaa, 0xaa, 0xaa, 0xaa, 0xaa, 0xaa, 0xaa, 0xaa, 0xaa, 0xaa, 0xaa, 0xaa, 0xaa, 0xaa, 0xaa, 0xaa, 0xaa, 0xaa, 0xaa, 0xaa, 0xaa
.byte 0xaa, 0xaa, 0xaa, 0xaa, 0xaa, 0xaa, 0xaa, 0xaa, 0xaa, 0xaa, 0xaa, 0xaa, 0xaa, 0xaa, 0xaa, 0xaa, 0xaa, 0xaa, 0xaa, 0xaa, 0xaa, 0xaa, 0xaa, 0xaa, 0xaa, 0xaa, 0xaa, 0xaa, 0xaa, 0xaa, 0xaa, 0xaa
.byte 0xaa, 0xaa, 0xaa, 0xaa, 0xaa, 0xaa, 0xaa, 0xaa, 0xaa, 0xaa, 0xaa, 0xaa, 0xaa, 0xaa, 0xaa, 0xaa, 0xaa, 0xaa, 0xaa, 0xaa, 0xaa, 0xaa, 0xaa, 0xaa, 0xaa, 0xaa, 0xaa, 0xaa, 0xaa, 0xaa, 0xaa, 0xaa
.byte 0xaa, 0xaa, 0xaa, 0xaa, 0xaa, 0xaa, 0xaa, 0xaa, 0xaa, 0xaa, 0xaa, 0xaa, 0xaa, 0xaa, 0xaa, 0xaa, 0xaa, 0xaa, 0xaa, 0xaa, 0xaa, 0xaa, 0xaa, 0xaa, 0xaa, 0xaa, 0xaa, 0xaa, 0xaa, 0xaa, 0xaa, 0xaa
.byte 0xaa, 0xaa, 0xaa, 0xaa, 0xaa, 0xaa, 0xaa, 0xaa, 0xaa, 0xaa, 0xaa, 0xaa, 0xaa, 0xaa, 0xaa, 0xaa, 0xaa, 0xaa, 0xaa, 0xaa, 0xaa, 0xaa, 0xaa, 0xaa, 0xaa, 0xaa, 0xaa, 0xaa, 0xaa, 0xaa, 0xaa, 0xaa
.byte 0xaa, 0xaa, 0xaa, 0xaa, 0xaa, 0xaa, 0xaa, 0xaa, 0xaa, 0xaa, 0xaa, 0xaa, 0xaa, 0xa7, 0xaa, 0xaa, 0x77, 0x77, 0xa7, 0xaa, 0xaa, 0xa7, 0xaa, 0xaa, 0x7a, 0x77, 0x7a, 0xaa, 0x7a, 0x7a, 0xa7, 0xaa
.byte 0xa7, 0xa7, 0xa7, 0xaa, 0xaa, 0xa7, 0xaa, 0xaa, 0xaa, 0x7a, 0x77, 0xaa, 0xaa, 0xaa, 0xaa, 0xaa, 0xaa, 0xaa, 0xaa, 0xaa, 0xaa, 0xa7, 0xaa, 0xaa, 0x77, 0x77, 0xa7, 0xaa, 0xaa, 0xa7, 0x7a, 0xaa
.byte 0x7a, 0x77, 0xa7, 0xaa, 0xa7, 0x77, 0x7a, 0xaa, 0x7a, 0xa7, 0x7a, 0xaa, 0xaa, 0xaa, 0xaa, 0xaa, 0xaa, 0xaa, 0xaa, 0xaa, 0xaa, 0xaa, 0xaa, 0xaa, 0xa7, 0xaa, 0xa7, 0xaa, 0xa7, 0xaa, 0x7a, 0xaa
.byte 0xa7, 0xaa, 0x7a, 0xaa, 0x7a, 0xa7, 0xaa, 0xaa, 0x7a, 0xaa, 0xaa, 0xaa, 0xaa, 0xaa, 0xaa, 0xaa, 0x7a, 0x77, 0xaa, 0xaa, 0xaa, 0xaa, 0xaa, 0xaa, 0x7a, 0x77, 0xaa, 0xaa, 0xa7, 0xaa, 0xa7, 0xaa
.byte 0xaa, 0xaa, 0xa7, 0xaa, 0xaa, 0x7a, 0xaa, 0xaa, 0xaa, 0xa7, 0xaa, 0xaa, 0xaa, 0xaa, 0xaa, 0xaa, 0xaa, 0xaa, 0xaa, 0xaa, 0xaa, 0x77, 0xaa, 0xaa, 0xaa, 0xaa, 0xaa, 0xaa, 0x7a, 0x77, 0xa7, 0xaa
.byte 0xaa, 0x7a, 0xaa, 0xaa, 0xaa, 0x77, 0xaa, 0xaa, 0x7a, 0x7a, 0xa7, 0xaa, 0xaa, 0xaa, 0xaa, 0xaa, 0xaa, 0xaa, 0xaa, 0xaa, 0xaa, 0xa7, 0xaa, 0xaa, 0x7a, 0x77, 0xaa, 0xaa, 0xaa, 0xa7, 0x7a, 0xaa
.byte 0x7a, 0x77, 0xaa, 0xaa, 0xa7, 0xa7, 0xa7, 0xaa, 0x7a, 0xa7, 0xa7, 0xaa, 0xaa, 0xaa, 0xaa, 0xaa, 0xaa, 0xaa, 0xaa, 0xaa, 0xaa, 0xaa, 0xaa, 0xaa, 0x7a, 0x7a, 0xaa, 0xaa, 0x7a, 0x7a, 0xa7, 0xaa
.byte 0x77, 0xa7, 0x7a, 0xaa, 0xaa, 0xa7, 0xa7, 0xaa, 0xaa, 0xa7, 0xaa, 0xaa, 0xaa, 0xaa, 0xaa, 0xaa, 0xaa, 0xaa, 0xaa, 0xaa, 0xaa, 0xaa, 0xaa, 0xaa, 0xa7, 0xa7, 0xaa, 0xaa, 0x77, 0x77, 0xaa, 0xaa
.byte 0xa7, 0xa7, 0xa7, 0xaa, 0xa7, 0xa7, 0xa7, 0xaa, 0xaa, 0x77, 0xaa, 0xaa, 0xaa, 0xaa, 0xaa, 0xaa, 0xaa, 0xaa, 0xaa, 0xaa, 0xaa, 0xaa, 0xaa, 0xaa, 0x7a, 0xaa, 0xaa, 0xaa, 0xaa, 0x77, 0xaa, 0xaa
.byte 0x7a, 0xa7, 0xaa, 0xaa, 0xa7, 0x77, 0xaa, 0xaa, 0x7a, 0xa7, 0xaa, 0xaa, 0xaa, 0xaa, 0xaa, 0xaa, 0xaa, 0xaa, 0xaa, 0xaa, 0xaa, 0xaa, 0xaa, 0xaa, 0xaa, 0xaa, 0xaa, 0xaa, 0xaa, 0x77, 0xaa, 0xaa
.byte 0x77, 0xaa, 0xa7, 0xaa, 0xaa, 0xaa, 0xa7, 0xaa, 0xaa, 0x7a, 0xaa, 0xaa, 0xaa, 0xaa, 0xaa, 0xaa, 0xaa, 0xaa, 0xaa, 0xaa, 0xaa, 0xaa, 0xaa, 0xaa, 0xaa, 0xaa, 0xaa, 0xaa, 0xaa, 0xaa, 0xaa, 0xaa
.byte 0xaa, 0xaa, 0xaa, 0xaa, 0xaa, 0xaa, 0xaa, 0xaa, 0xaa, 0xaa, 0xaa, 0xaa, 0xaa, 0xa7, 0xaa, 0xaa, 0x77, 0x77, 0x77, 0xaa, 0xaa, 0xa7, 0xaa, 0xaa, 0xaa, 0xa7, 0x7a, 0xaa, 0x7a, 0x77, 0x77, 0xaa
.byte 0xa7, 0xa7, 0xa7, 0xa7, 0xa7, 0x77, 0xaa, 0xa7, 0x7a, 0xa7, 0x7a, 0xaa, 0x7a, 0xaa, 0xaa, 0xaa, 0x7a, 0xaa, 0x7a, 0xaa, 0xa7, 0xaa, 0xaa, 0xa7, 0xa7, 0xaa, 0xaa, 0xa7, 0xa7, 0xaa, 0xaa, 0xa7
.byte 0xa7, 0xa7, 0xaa, 0xa7, 0x77, 0xaa, 0xaa, 0xa7, 0x7a, 0xaa, 0xaa, 0xaa, 0xaa, 0x77, 0xa7, 0xaa, 0xaa, 0xaa, 0xaa, 0xaa, 0xaa, 0x77, 0x77, 0xaa, 0x77, 0xaa, 0xaa, 0xa7, 0xaa, 0xaa, 0xaa, 0xa7
.byte 0xaa, 0xaa, 0xaa, 0xa7, 0xaa, 0xaa, 0x7a, 0xaa, 0xaa, 0xaa, 0xa7, 0xaa, 0xaa, 0x7a, 0xa7, 0xaa, 0xaa, 0xaa, 0xaa, 0xaa, 0x7a, 0x77, 0x77, 0xa7, 0xaa, 0xaa, 0x7a, 0xaa, 0xaa, 0xaa, 0x77, 0xaa
.byte 0xaa, 0x7a, 0xa7, 0xaa, 0xaa, 0xa7, 0x7a, 0xaa, 0x7a, 0xaa, 0x7a, 0x77, 0xaa, 0x7a, 0xaa, 0xaa, 0x77, 0x77, 0xa7, 0xa7, 0xaa, 0x7a, 0xaa, 0xa7, 0x7a, 0x77, 0x77, 0xaa, 0xa7, 0x7a, 0xaa, 0xa7
.byte 0xa7, 0x7a, 0xaa, 0xa7, 0xa7, 0x7a, 0xaa, 0xa7, 0x7a, 0xa7, 0x7a, 0xaa, 0x7a, 0xaa, 0xaa, 0xaa, 0x77, 0x77, 0xaa, 0xa7, 0x7a, 0xaa, 0xa7, 0xa7, 0x7a, 0xaa, 0xa7, 0xa7, 0xa7, 0xaa, 0xa7, 0xa7
.byte 0xa7, 0xaa, 0xa7, 0xaa, 0xa7, 0xaa, 0xa7, 0xaa, 0xa7, 0x7a, 0xaa, 0xaa, 0xaa, 0xa7, 0xaa, 0xaa, 0xaa, 0x77, 0xa7, 0xaa, 0x77, 0xa7, 0xaa, 0xaa, 0xaa, 0x7a, 0x77, 0xaa, 0x77, 0x77, 0xaa, 0xaa
.byte 0xaa, 0x7a, 0xaa, 0xaa, 0xa7, 0xaa, 0x7a, 0xaa, 0x7a, 0x77, 0xa7, 0xaa, 0xaa, 0xaa, 0x77, 0xaa, 0xaa, 0x7a, 0xa7, 0xaa, 0x7a, 0xa7, 0xaa, 0xaa, 0x77, 0xaa, 0xaa, 0xaa, 0x77, 0xaa, 0xaa, 0xaa
.byte 0x7a, 0xa7, 0xaa, 0xaa, 0xaa, 0x77, 0xa7, 0xaa, 0xaa, 0xaa, 0x77, 0xaa, 0xa7, 0xaa, 0xa7, 0xaa, 0xa7, 0xaa, 0xa7, 0xaa, 0xa7, 0xaa, 0xa7, 0xaa, 0xa7, 0x77, 0x77, 0xaa, 0xa7, 0xaa, 0xa7, 0xaa
.byte 0xa7, 0xaa, 0xa7, 0xaa, 0xa7, 0xaa, 0xa7, 0xaa, 0xa7, 0xaa, 0xa7, 0xaa, 0xaa, 0xaa, 0xaa, 0xaa, 0xaa, 0x77, 0x77, 0xaa, 0xaa, 0xaa, 0x7a, 0xaa, 0xaa, 0xaa, 0xaa, 0xaa, 0xaa, 0xaa, 0xaa, 0xaa
.byte 0xaa, 0xaa, 0xaa, 0xaa, 0x7a, 0xaa, 0xaa, 0xaa, 0xaa, 0x77, 0x77, 0xaa, 0xaa, 0x7a, 0xaa, 0xaa, 0xaa, 0x7a, 0x77, 0xa7, 0x77, 0x77, 0xaa, 0xaa, 0xaa, 0xaa, 0xa7, 0xaa, 0xaa, 0xaa, 0xa7, 0xaa
.byte 0xaa, 0xaa, 0xaa, 0xaa, 0xa7, 0xaa, 0xaa, 0xa7, 0x7a, 0x77, 0x77, 0xaa, 0x7a, 0xaa, 0xaa, 0xaa, 0x7a, 0xaa, 0xaa, 0xaa, 0xa7, 0xaa, 0xaa, 0xaa, 0xa7, 0xaa, 0xaa, 0xaa, 0xa7, 0xaa, 0xaa, 0xaa
.byte 0xa7, 0xaa, 0x7a, 0xaa, 0xa7, 0xaa, 0xa7, 0xaa, 0x7a, 0x77, 0xaa, 0xaa, 0xaa, 0xaa, 0xa7, 0xaa, 0x77, 0x77, 0x77, 0xa7, 0xaa, 0xaa, 0xa7, 0xaa, 0xaa, 0x77, 0xa7, 0xaa, 0x7a, 0x7a, 0xa7, 0xaa
.byte 0xaa, 0x77, 0xa7, 0xaa, 0xaa, 0xaa, 0xa7, 0xaa, 0xaa, 0x7a, 0xaa, 0xaa, 0x7a, 0xaa, 0x7a, 0xaa, 0x7a, 0xaa, 0x7a, 0xaa, 0x77, 0x77, 0x77, 0xa7, 0x7a, 0xaa, 0x7a, 0xaa, 0x7a, 0xaa, 0x7a, 0xaa
.byte 0x7a, 0xaa, 0xa7, 0xaa, 0x7a, 0xaa, 0xaa, 0xaa, 0xaa, 0x77, 0x77, 0xa7, 0x7a, 0xaa, 0x7a, 0xaa, 0xaa, 0xaa, 0xa7, 0xaa, 0xaa, 0x7a, 0xaa, 0xaa, 0x7a, 0x77, 0x77, 0xaa, 0xaa, 0xa7, 0xaa, 0xaa
.byte 0x7a, 0xaa, 0xaa, 0xaa, 0x7a, 0xaa, 0xaa, 0xaa, 0xaa, 0x77, 0xa7, 0xaa, 0x7a, 0xaa, 0xaa, 0xaa, 0x77, 0x77, 0x77, 0xaa, 0x7a, 0xaa, 0xaa, 0xaa, 0x7a, 0x7a, 0x77, 0xaa, 0x7a, 0xaa, 0xaa, 0xaa
.byte 0xa7, 0xaa, 0xaa, 0xaa, 0xa7, 0xa7, 0xaa, 0xa7, 0xa7, 0x7a, 0x77, 0xaa, 0xaa, 0xa7, 0xaa, 0xaa, 0x77, 0x77, 0x77, 0xaa, 0x7a, 0xaa, 0xaa, 0xaa, 0x7a, 0x77, 0xa7, 0xaa, 0xa7, 0xaa, 0x7a, 0xaa
.byte 0xaa, 0xaa, 0x7a, 0xaa, 0xaa, 0xaa, 0x77, 0xaa, 0xaa, 0x77, 0xa7, 0xaa, 0xaa, 0xaa, 0xaa, 0xaa, 0xaa, 0x77, 0x77, 0xaa, 0x77, 0xaa, 0xaa, 0xa7, 0xaa, 0xaa, 0xaa, 0xa7, 0xaa, 0xaa, 0xaa, 0xa7
.byte 0xaa, 0xaa, 0xaa, 0xa7, 0xaa, 0xaa, 0x7a, 0xaa, 0xaa, 0x7a, 0xa7, 0xaa, 0xaa, 0xaa, 0xaa, 0xaa, 0x77, 0x77, 0x77, 0xaa, 0xaa, 0xa7, 0xaa, 0xaa, 0x7a, 0xaa, 0xaa, 0xaa, 0x7a, 0xaa, 0xaa, 0xaa
.byte 0x7a, 0xaa, 0xaa, 0xaa, 0x7a, 0xaa, 0x7a, 0xaa, 0xaa, 0x77, 0xa7, 0xaa, 0x7a, 0xaa, 0xaa, 0xaa, 0xaa, 0xa7, 0x77, 0xaa, 0xaa, 0x77, 0xaa, 0xaa, 0x7a, 0x7a, 0xaa, 0xaa, 0xa7, 0x7a, 0xaa, 0xaa
.byte 0xa7, 0xaa, 0xaa, 0xaa, 0xa7, 0xaa, 0xaa, 0xa7, 0x7a, 0x77, 0x77, 0xaa, 0x7a, 0xaa, 0xa7, 0xaa, 0x77, 0xa7, 0x7a, 0xaa, 0x7a, 0xaa, 0xaa, 0xaa, 0xa7, 0xaa, 0xa7, 0xaa, 0xa7, 0x77, 0x77, 0xaa
.byte 0x7a, 0xaa, 0xa7, 0xaa, 0x7a, 0xaa, 0xa7, 0xaa, 0xaa, 0x77, 0xaa, 0xaa, 0xa7, 0xaa, 0xaa, 0xaa, 0xa7, 0x77, 0x77, 0xaa, 0xa7, 0xaa, 0xaa, 0xaa, 0xa7, 0xaa, 0xaa, 0xaa, 0xa7, 0xaa, 0xaa, 0xaa
.byte 0xa7, 0xaa, 0xaa, 0xaa, 0xa7, 0xa7, 0xaa, 0xa7, 0xa7, 0x7a, 0x77, 0xaa, 0x7a, 0xaa, 0xa7, 0xaa, 0x7a, 0x7a, 0xa7, 0xaa, 0x7a, 0xa7, 0x77, 0xaa, 0x7a, 0xaa, 0xa7, 0xa7, 0xa7, 0x77, 0xaa, 0xa7
.byte 0xa7, 0x7a, 0x7a, 0x77, 0xa7, 0xa7, 0xa7, 0xa7, 0x7a, 0xa7, 0x7a, 0xaa, 0x7a, 0xaa, 0xaa, 0xaa, 0x7a, 0xaa, 0x77, 0xaa, 0x77, 0x7a, 0xaa, 0xa7, 0x7a, 0xa7, 0xaa, 0xa7, 0x7a, 0xaa, 0x7a, 0xa7
.byte 0x7a, 0xaa, 0xa7, 0x77, 0x77, 0xaa, 0xa7, 0xa7, 0x7a, 0xaa, 0x7a, 0xaa, 0xaa, 0xaa, 0xaa, 0xaa, 0xaa, 0x77, 0xa7, 0xaa, 0x7a, 0xaa, 0x7a, 0xaa, 0xa7, 0xaa, 0xaa, 0xa7, 0xa7, 0xaa, 0xa7, 0xa7
.byte 0xa7, 0x7a, 0xaa, 0xa7, 0x77, 0xa7, 0xaa, 0xa7, 0x7a, 0xaa, 0x7a, 0xaa, 0xa7, 0xaa, 0xa7, 0xaa, 0xa7, 0xaa, 0xa7, 0xaa, 0xa7, 0x77, 0x77, 0xaa, 0xa7, 0xaa, 0xa7, 0xaa, 0xa7, 0x7a, 0x77, 0xaa
.byte 0xa7, 0xa7, 0xa7, 0xaa, 0xa7, 0xa7, 0xa7, 0xaa, 0xa7, 0x7a, 0xaa, 0xaa, 0xaa, 0xaa, 0xaa, 0xaa, 0x77, 0xa7, 0xaa, 0xaa, 0x7a, 0xaa, 0xa7, 0xaa, 0xa7, 0xaa, 0xa7, 0xaa, 0xa7, 0xaa, 0x77, 0xaa
.byte 0xa7, 0xaa, 0xa7, 0xaa, 0xa7, 0xaa, 0xa7, 0xaa, 0x7a, 0x77, 0xaa, 0xaa, 0x7a, 0x77, 0xa7, 0xaa, 0xaa, 0x7a, 0xaa, 0xaa, 0xaa, 0xa7, 0x7a, 0xaa, 0xa7, 0xa7, 0x7a, 0xaa, 0xa7, 0x7a, 0xaa, 0xa7
.byte 0xa7, 0xaa, 0xa7, 0xa7, 0xa7, 0xaa, 0xa7, 0xaa, 0xaa, 0x77, 0xaa, 0xaa, 0xaa, 0xaa, 0xaa, 0xaa, 0xaa, 0xa7, 0xaa, 0xaa, 0x7a, 0x7a, 0xaa, 0xaa, 0xa7, 0xaa, 0xa7, 0xaa, 0xaa, 0xaa, 0x7a, 0xaa
.byte 0xaa, 0xaa, 0xaa, 0xa7, 0xaa, 0xaa, 0xaa, 0xaa, 0xaa, 0xaa, 0xaa, 0xaa, 0xa7, 0x77, 0x77, 0xaa, 0xa7, 0xaa, 0xa7, 0xaa, 0xa7, 0x77, 0x77, 0xaa, 0xa7, 0xaa, 0xa7, 0xaa, 0xa7, 0x7a, 0x77, 0xaa
.byte 0xa7, 0xa7, 0xa7, 0xaa, 0xa7, 0xa7, 0xa7, 0xaa, 0xa7, 0x7a, 0xa7, 0xaa, 0xaa, 0xa7, 0xaa, 0xaa, 0x7a, 0x77, 0x77, 0xaa, 0xaa, 0x7a, 0xaa, 0xaa, 0x77, 0x77, 0x77, 0xaa, 0xaa, 0x7a, 0xaa, 0xaa
.byte 0x7a, 0x77, 0xaa, 0xaa, 0xa7, 0x7a, 0xa7, 0xaa, 0x7a, 0xa7, 0xaa, 0xaa, 0x77, 0xa7, 0xaa, 0xaa, 0xaa, 0xa7, 0x7a, 0xaa, 0xaa, 0xa7, 0x7a, 0xaa, 0x7a, 0x77, 0x77, 0xaa, 0xa7, 0xa7, 0x7a, 0xa7
.byte 0xa7, 0xa7, 0x7a, 0xaa, 0xa7, 0xa7, 0x7a, 0xaa, 0x7a, 0xaa, 0xa7, 0xaa, 0xaa, 0xa7, 0x7a, 0xaa, 0x77, 0x77, 0xaa, 0xa7, 0xaa, 0xa7, 0xaa, 0xa7, 0x7a, 0xa7, 0xaa, 0xaa, 0xa7, 0xa7, 0xaa, 0xaa
.byte 0xa7, 0xa7, 0x7a, 0xaa, 0xa7, 0xa7, 0x7a, 0xaa, 0x7a, 0x7a, 0xa7, 0xaa, 0x7a, 0xaa, 0xa7, 0xaa, 0x7a, 0x7a, 0xa7, 0xaa, 0x7a, 0xa7, 0x77, 0xaa, 0x7a, 0xaa, 0xa7, 0xa7, 0x77, 0xaa, 0xa7, 0xa7
.byte 0xa7, 0x77, 0xaa, 0xa7, 0xa7, 0x7a, 0xaa, 0xa7, 0x7a, 0xa7, 0x7a, 0xaa, 0xaa, 0x7a, 0xaa, 0xaa, 0x7a, 0x77, 0xa7, 0xaa, 0xaa, 0xa7, 0xaa, 0xaa, 0xaa, 0xa7, 0xaa, 0xaa, 0x7a, 0x77, 0xa7, 0xaa
.byte 0xaa, 0xa7, 0xaa, 0xa7, 0xaa, 0xa7, 0xaa, 0xa7, 0xaa, 0x7a, 0x77, 0xaa, 0x77, 0xaa, 0xa7, 0xaa, 0x7a, 0x7a, 0x77, 0xaa, 0x77, 0xa7, 0xa7, 0xa7, 0x7a, 0xaa, 0xaa, 0xa7, 0xaa, 0xa7, 0xaa, 0xa7
.byte 0xaa, 0xa7, 0x7a, 0xaa, 0xaa, 0x7a, 0xaa, 0xaa, 0xaa, 0x7a, 0xaa, 0xaa, 0xaa, 0x7a, 0xaa, 0xaa, 0xa7, 0x77, 0xa7, 0xaa, 0x77, 0x7a, 0x7a, 0xaa, 0xa7, 0x7a, 0x7a, 0xaa, 0xa7, 0x7a, 0x7a, 0xaa
.byte 0xa7, 0x7a, 0x7a, 0xaa, 0xa7, 0x77, 0xa7, 0xaa, 0xaa, 0xa7, 0xaa, 0xaa, 0xaa, 0xa7, 0xaa, 0xaa, 0xaa, 0xa7, 0xaa, 0xaa, 0xaa, 0x7a, 0x77, 0xaa, 0xaa, 0x7a, 0xaa, 0xaa, 0xaa, 0x7a, 0xaa, 0xaa
.byte 0x7a, 0x77, 0xa7, 0xaa, 0xa7, 0x7a, 0x7a, 0xaa, 0x7a, 0xa7, 0xaa, 0xaa, 0x7a, 0xa7, 0xaa, 0xaa, 0xaa, 0x7a, 0xa7, 0xaa, 0x7a, 0xaa, 0xaa, 0xaa, 0x7a, 0x77, 0xa7, 0xaa, 0x77, 0xaa, 0x7a, 0xaa
.byte 0xaa, 0xaa, 0x7a, 0xaa, 0xaa, 0xaa, 0x7a, 0xaa, 0xaa, 0xaa, 0xa7, 0xaa, 0x7a, 0xaa, 0xa7, 0xaa, 0xa7, 0xaa, 0xa7, 0xaa, 0xa7, 0xaa, 0xa7, 0xaa, 0xa7, 0xaa, 0xa7, 0xaa, 0x77, 0xaa, 0xa7, 0xaa
.byte 0xa7, 0xaa, 0xa7, 0xaa, 0xaa, 0xaa, 0xa7, 0xaa, 0xaa, 0x7a, 0xaa, 0xaa, 0x7a, 0x77, 0xa7, 0xaa, 0xaa, 0x7a, 0xaa, 0xaa, 0xaa, 0x77, 0xa7, 0xaa, 0x77, 0xaa, 0x7a, 0xaa, 0xaa, 0xaa, 0x7a, 0xaa
.byte 0xaa, 0x77, 0x7a, 0xaa, 0x7a, 0xaa, 0x77, 0xaa, 0xaa, 0x77, 0xa7, 0xaa, 0xaa, 0xa7, 0x7a, 0xaa, 0xa7, 0xa7, 0x77, 0xaa, 0x7a, 0x77, 0x7a, 0xaa, 0xaa, 0x77, 0x7a, 0xaa, 0xaa, 0xa7, 0x7a, 0xaa
.byte 0x7a, 0xa7, 0x7a, 0xaa, 0xa7, 0xa7, 0x7a, 0x7a, 0xaa, 0xa7, 0xaa, 0xa7, 0x79, 0x77, 0x97, 0xaa, 0x9a, 0x99, 0x7a, 0xaa, 0xaa, 0xaa, 0xa7, 0xaa, 0xaa, 0x77, 0x77, 0xaa, 0x77, 0xaa, 0xaa, 0xa7
.byte 0xaa, 0xaa, 0xaa, 0xa7, 0xaa, 0xaa, 0x7a, 0xaa, 0xaa, 0x77, 0xa7, 0xaa, 0xaa, 0xa7, 0xaa, 0xaa, 0xa7, 0xa7, 0x77, 0xaa, 0x7a, 0x77, 0xaa, 0xa7, 0xaa, 0xa7, 0xaa, 0xa7, 0xaa, 0xa7, 0xaa, 0xa7
.byte 0x7a, 0xa7, 0xaa, 0xa7, 0xa7, 0xa7, 0xaa, 0xa7, 0xaa, 0xa7, 0x7a, 0xaa, 0xaa, 0xa7, 0xaa, 0xaa, 0xaa, 0xa7, 0xaa, 0xaa, 0xaa, 0xa7, 0xaa, 0xaa, 0xaa, 0xa7, 0xaa, 0xaa, 0x7a, 0x77, 0xaa, 0xaa
.byte 0x7a, 0xaa, 0xa7, 0xaa, 0xa7, 0xaa, 0xa7, 0xa7, 0xa7, 0xaa, 0x77, 0xaa, 0xaa, 0xaa, 0xaa, 0xaa, 0xaa, 0xaa, 0xaa, 0xaa, 0xaa, 0xaa, 0xaa, 0xaa, 0xaa, 0xaa, 0xaa, 0xaa, 0xaa, 0xaa, 0xaa, 0xaa
.byte 0xaa, 0xaa, 0xaa, 0xaa, 0xaa, 0xaa, 0xaa, 0xaa, 0xaa, 0xaa, 0xaa, 0xaa, 0xaa, 0xaa, 0xaa, 0xaa, 0xaa, 0xaa, 0xaa, 0xaa, 0xaa, 0xaa, 0xaa, 0xaa, 0xaa, 0xaa, 0xaa, 0xaa, 0xaa, 0xaa, 0xaa, 0xaa
.byte 0xaa, 0xaa, 0xaa, 0xaa, 0xaa, 0xaa, 0xaa, 0xaa, 0xaa, 0xaa, 0xaa, 0xaa, 0x7a, 0xaa, 0x7a, 0x7a, 0x7a, 0x77, 0x7a, 0x7a, 0x7a, 0xaa, 0xaa, 0xaa, 0xa7, 0xaa, 0x7a, 0xaa, 0xaa, 0xa7, 0xa7, 0xaa
.byte 0xaa, 0x7a, 0xa7, 0xaa, 0xaa, 0x7a, 0x7a, 0xaa, 0x7a, 0xa7, 0xaa, 0xaa, 0xaa, 0xaa, 0x7a, 0x7a, 0x7a, 0x77, 0x7a, 0x7a, 0xaa, 0x7a, 0xaa, 0xaa, 0x77, 0x77, 0x77, 0xa7, 0xaa, 0x7a, 0xaa, 0xaa
.byte 0xaa, 0x7a, 0xaa, 0xaa, 0xaa, 0xa7, 0xaa, 0xaa, 0xaa, 0xa7, 0xaa, 0xaa, 0xaa, 0xa7, 0x7a, 0x7a, 0xa7, 0xa7, 0x7a, 0x7a, 0xa7, 0x7a, 0xaa, 0xa7, 0x7a, 0xaa, 0x7a, 0xaa, 0xaa, 0xaa, 0x7a, 0xaa
.byte 0xaa, 0xaa, 0xa7, 0xaa, 0xaa, 0xaa, 0xa7, 0xaa, 0xaa, 0x7a, 0xaa, 0xaa, 0xaa, 0xaa, 0x7a, 0x7a, 0x7a, 0x77, 0x7a, 0x7a, 0xaa, 0xaa, 0xaa, 0xaa, 0x77, 0x77, 0x77, 0xa7, 0xaa, 0x7a, 0xaa, 0xaa
.byte 0xaa, 0x7a, 0xaa, 0xaa, 0xaa, 0x7a, 0xaa, 0xaa, 0xaa, 0xa7, 0xaa, 0xaa, 0x7a, 0xaa, 0xa7, 0xa7, 0x7a, 0xaa, 0xa7, 0xa7, 0x7a, 0xaa, 0xaa, 0xaa, 0x7a, 0xaa, 0xaa, 0xaa, 0x7a, 0xa7, 0xaa, 0xaa
.byte 0x7a, 0xaa, 0xa7, 0xaa, 0x7a, 0xaa, 0xaa, 0xaa, 0x7a, 0xaa, 0xaa, 0xaa, 0xaa, 0xaa, 0x7a, 0x7a, 0xaa, 0xa7, 0x7a, 0x7a, 0xaa, 0xa7, 0xa7, 0xaa, 0xaa, 0xa7, 0xa7, 0xaa, 0x7a, 0xaa, 0x7a, 0xaa
.byte 0x7a, 0xaa, 0x7a, 0xaa, 0xa7, 0xaa, 0xaa, 0xa7, 0xa7, 0xaa, 0xaa, 0xa7, 0xa7, 0xaa, 0x7a, 0x7a, 0xa7, 0xaa, 0x7a, 0x7a, 0xa7, 0x7a, 0xa7, 0xaa, 0x77, 0xa7, 0xaa, 0xaa, 0xa7, 0xaa, 0xaa, 0xaa
.byte 0xa7, 0xaa, 0xaa, 0xaa, 0xa7, 0xaa, 0xaa, 0xaa, 0x7a, 0x77, 0x77, 0xaa, 0xaa, 0xaa, 0x7a, 0x7a, 0x77, 0x77, 0x7a, 0x7a, 0xaa, 0xaa, 0xaa, 0xaa, 0xaa, 0xaa, 0xa7, 0xaa, 0xaa, 0xaa, 0xa7, 0xaa
.byte 0xaa, 0x7a, 0xaa, 0xaa, 0xaa, 0x7a, 0xaa, 0xaa, 0xaa, 0xa7, 0xaa, 0xaa, 0xaa, 0xaa, 0x7a, 0x7a, 0xaa, 0xaa, 0x7a, 0x7a, 0xaa, 0xa7, 0xaa, 0xaa, 0x7a, 0x7a, 0xaa, 0xaa, 0xa7, 0xaa, 0xa7, 0xaa
.byte 0xaa, 0xaa, 0x7a, 0xaa, 0xaa, 0xaa, 0xaa, 0xa7, 0xaa, 0xaa, 0xaa, 0xaa, 0xaa, 0x7a, 0x7a, 0x7a, 0xaa, 0x7a, 0x7a, 0x7a, 0x77, 0x77, 0xa7, 0xa7, 0xaa, 0x7a, 0xaa, 0xaa, 0x7a, 0x7a, 0x7a, 0xaa
.byte 0xa7, 0x7a, 0xaa, 0xa7, 0xaa, 0x7a, 0xaa, 0xaa, 0xaa, 0x7a, 0xaa, 0xaa, 0xaa, 0xaa, 0xaa, 0xa7, 0xaa, 0xa7, 0x7a, 0x7a, 0xaa, 0xa7, 0xa7, 0xa7, 0xaa, 0xa7, 0xa7, 0xaa, 0x7a, 0xaa, 0x7a, 0xaa
.byte 0x7a, 0xaa, 0x7a, 0xaa, 0xa7, 0xaa, 0xaa, 0xa7, 0xa7, 0xaa, 0xaa, 0xa7, 0xa7, 0xaa, 0xaa, 0xa7, 0xa7, 0xaa, 0x7a, 0x7a, 0xa7, 0x7a, 0xa7, 0xa7, 0x77, 0xa7, 0xaa, 0xaa, 0xa7, 0xaa, 0xaa, 0xaa
.byte 0xa7, 0xaa, 0xaa, 0xaa, 0xa7, 0xaa, 0xaa, 0xaa, 0x7a, 0x77, 0x77, 0xaa, 0xaa, 0xaa, 0xaa, 0xa7, 0x77, 0x77, 0x77, 0x7a, 0xaa, 0xaa, 0xaa, 0xa7, 0xaa, 0xaa, 0xa7, 0xaa, 0xaa, 0xaa, 0xa7, 0xaa
.byte 0xaa, 0x7a, 0xaa, 0xaa, 0xaa, 0x7a, 0xaa, 0xaa, 0xaa, 0xa7, 0xaa, 0xaa, 0xaa, 0xaa, 0xaa, 0xa7, 0xaa, 0xaa, 0x7a, 0x7a, 0xaa, 0xa7, 0xaa, 0xa7, 0x7a, 0x7a, 0xaa, 0xaa, 0xa7, 0xaa, 0xa7, 0xaa
.byte 0xaa, 0xaa, 0x7a, 0xaa, 0xaa, 0xaa, 0xaa, 0xa7, 0xaa, 0xaa, 0xaa, 0xaa, 0xaa, 0x7a, 0xaa, 0xa7, 0xaa, 0x7a, 0x7a, 0x7a, 0x77, 0x77, 0xa7, 0xa7, 0xaa, 0x7a, 0xaa, 0xaa, 0x7a, 0x7a, 0x7a, 0xaa
.byte 0xa7, 0x7a, 0xaa, 0xa7, 0xaa, 0x7a, 0xaa, 0xaa, 0xaa, 0x7a, 0xaa, 0xaa, 0xaa, 0xaa, 0xaa, 0xaa, 0xaa, 0xaa, 0xaa, 0xaa, 0xaa, 0xaa, 0xaa, 0xaa, 0xaa, 0xaa, 0xaa, 0xaa, 0xaa, 0xaa, 0xaa, 0xaa
.byte 0xaa, 0xaa, 0xaa, 0xaa, 0xaa, 0xaa, 0xaa, 0xaa, 0xaa, 0xaa, 0xaa, 0xaa, 0xaa, 0xaa, 0xaa, 0xaa, 0xaa, 0xaa, 0xaa, 0xaa, 0xaa, 0xaa, 0xaa, 0xaa, 0xaa, 0xaa, 0xaa, 0xaa, 0xaa, 0xaa, 0xaa, 0xaa
.byte 0xaa, 0xaa, 0xaa, 0xaa, 0xaa, 0xaa, 0xaa, 0xaa, 0xaa, 0xaa, 0xaa, 0xaa, 0xaa, 0xaa, 0xaa, 0xaa, 0xaa, 0xaa, 0xaa, 0xaa, 0xaa, 0xaa, 0xaa, 0xaa, 0xaa, 0xaa, 0xaa, 0xaa, 0xaa, 0xaa, 0xaa, 0xaa
.byte 0xaa, 0xaa, 0xaa, 0xaa, 0xaa, 0xaa, 0xaa, 0xaa, 0xaa, 0xaa, 0xaa, 0xaa, 0xaa, 0xaa, 0xaa, 0xaa, 0xaa, 0xaa, 0xaa, 0xaa, 0xaa, 0xaa, 0xaa, 0xaa, 0xaa, 0xaa, 0xaa, 0xaa, 0xaa, 0xaa, 0xaa, 0xaa
.byte 0xaa, 0xaa, 0xaa, 0xaa, 0xaa, 0xaa, 0xaa, 0xaa, 0xaa, 0xaa, 0xaa, 0xaa, 0xaa, 0xaa, 0xaa, 0xaa, 0xaa, 0xaa, 0xaa, 0xaa, 0xaa, 0xaa, 0xaa, 0xaa, 0xaa, 0xaa, 0xaa, 0xaa, 0xaa, 0xaa, 0xaa, 0xaa
.byte 0xaa, 0xaa, 0xaa, 0xaa, 0xaa, 0xaa, 0xaa, 0xaa, 0xaa, 0xaa, 0xaa, 0xaa, 0xaa, 0xaa, 0xaa, 0xaa, 0xaa, 0xaa, 0xaa, 0xaa, 0xaa, 0xaa, 0xaa, 0xaa, 0xaa, 0xaa, 0xaa, 0xaa, 0xaa, 0xaa, 0xaa, 0xaa
.byte 0xaa, 0xaa, 0xaa, 0xaa, 0xaa, 0xaa, 0xaa, 0xaa, 0xaa, 0xaa, 0xaa, 0xaa, 0xaa, 0xaa, 0xaa, 0xaa, 0xaa, 0xaa, 0xaa, 0xaa, 0xaa, 0xaa, 0xaa, 0xaa, 0xaa, 0xaa, 0xaa, 0xaa, 0xaa, 0xaa, 0xaa, 0xaa
.byte 0xaa, 0xaa, 0xaa, 0xaa, 0xaa, 0xaa, 0xaa, 0xaa, 0xaa, 0xaa, 0xaa, 0xaa, 0xaa, 0xa7, 0x7a, 0x7a, 0x77, 0x77, 0x7a, 0x7a, 0xaa, 0xa7, 0xaa, 0xaa, 0xaa, 0xa7, 0x7a, 0xaa, 0x7a, 0xaa, 0x7a, 0xaa
.byte 0x7a, 0xaa, 0x7a, 0xaa, 0xa7, 0xaa, 0x7a, 0xaa, 0xa7, 0xaa, 0x7a, 0xaa, 0xaa, 0xa7, 0x7a, 0x7a, 0x77, 0x77, 0x7a, 0x7a, 0xaa, 0x7a, 0xaa, 0xaa, 0xaa, 0x7a, 0xaa, 0xaa, 0x77, 0x77, 0x77, 0xa7
.byte 0xaa, 0xaa, 0xa7, 0xaa, 0xaa, 0xaa, 0xa7, 0xaa, 0xaa, 0xaa, 0xa7, 0xaa, 0x7a, 0xaa, 0x7a, 0x7a, 0x7a, 0x77, 0x7a, 0x7a, 0x7a, 0xaa, 0xaa, 0xaa, 0xa7, 0xaa, 0x7a, 0xaa, 0xaa, 0xaa, 0x7a, 0xaa
.byte 0xaa, 0xaa, 0xa7, 0xaa, 0xaa, 0x7a, 0xaa, 0xaa, 0x7a, 0xa7, 0xaa, 0xaa, 0x7a, 0xaa, 0x7a, 0x7a, 0x7a, 0x77, 0x7a, 0x7a, 0xa7, 0xaa, 0xa7, 0xaa, 0xa7, 0xaa, 0xa7, 0xaa, 0xaa, 0xaa, 0xa7, 0xaa
.byte 0xaa, 0x7a, 0xaa, 0xaa, 0xaa, 0x7a, 0xaa, 0xaa, 0xaa, 0xa7, 0xaa, 0xaa, 0xaa, 0xaa, 0x7a, 0x7a, 0x77, 0x77, 0x7a, 0x7a, 0xaa, 0xaa, 0xaa, 0xaa, 0xaa, 0xaa, 0x7a, 0xaa, 0xaa, 0xaa, 0x7a, 0xaa
.byte 0xaa, 0xaa, 0x7a, 0xaa, 0xaa, 0xaa, 0x7a, 0xaa, 0x77, 0x77, 0x77, 0xaa, 0x7a, 0xaa, 0x7a, 0x7a, 0x7a, 0xaa, 0x7a, 0x7a, 0x77, 0x77, 0xa7, 0xaa, 0x7a, 0xaa, 0xa7, 0xaa, 0x7a, 0xaa, 0xa7, 0xaa
.byte 0xaa, 0x7a, 0xaa, 0xaa, 0xaa, 0x7a, 0xaa, 0xaa, 0xaa, 0xa7, 0xaa, 0xaa, 0x7a, 0xaa, 0x7a, 0x7a, 0xaa, 0x77, 0x7a, 0x7a, 0xa7, 0xaa, 0xaa, 0xaa, 0x7a, 0xa7, 0xaa, 0xaa, 0xaa, 0xaa, 0xaa, 0xa7
.byte 0xaa, 0xaa, 0x77, 0xaa, 0xaa, 0x7a, 0xa7, 0xaa, 0x7a, 0xa7, 0xaa, 0xaa, 0xaa, 0xaa, 0x7a, 0x7a, 0x77, 0x77, 0x7a, 0x7a, 0xaa, 0xaa, 0xa7, 0xaa, 0xaa, 0xaa, 0xa7, 0xaa, 0xaa, 0x7a, 0xaa, 0xaa
.byte 0xaa, 0x77, 0xaa, 0xaa, 0x7a, 0xaa, 0xa7, 0xaa, 0xa7, 0xaa, 0x7a, 0xaa, 0x7a, 0xaa, 0x7a, 0x7a, 0x7a, 0xaa, 0x7a, 0x7a, 0x77, 0x77, 0xa7, 0xaa, 0x7a, 0xaa, 0x7a, 0xaa, 0x7a, 0xaa, 0x7a, 0xaa
.byte 0x7a, 0xaa, 0xa7, 0xaa, 0x7a, 0xaa, 0xaa, 0xaa, 0xaa, 0x77, 0x77, 0xaa, 0xaa, 0xaa, 0x7a, 0x7a, 0xa7, 0xaa, 0x7a, 0x7a, 0xa7, 0xaa, 0xaa, 0xaa, 0x7a, 0xaa, 0x7a, 0xaa, 0xaa, 0xaa, 0xa7, 0xaa
.byte 0xaa, 0xaa, 0xa7, 0xaa, 0xaa, 0x7a, 0xaa, 0xaa, 0xaa, 0xa7, 0xaa, 0xaa, 0x7a, 0xaa, 0x7a, 0x7a, 0x77, 0x77, 0x7a, 0x7a, 0x7a, 0xaa, 0xaa, 0xaa, 0x7a, 0x7a, 0x77, 0xaa, 0x7a, 0xaa, 0xaa, 0xaa
.byte 0xa7, 0xaa, 0xaa, 0xaa, 0xa7, 0xa7, 0xaa, 0xa7, 0xa7, 0x7a, 0x77, 0xaa, 0xaa, 0xa7, 0x7a, 0x7a, 0x77, 0x77, 0x7a, 0x7a, 0x7a, 0xaa, 0xaa, 0xaa, 0x7a, 0x77, 0xa7, 0xaa, 0xa7, 0xaa, 0x7a, 0xaa
.byte 0xaa, 0xaa, 0x7a, 0xaa, 0xaa, 0xaa, 0x77, 0xaa, 0xaa, 0x77, 0xa7, 0xaa, 0xaa, 0xaa, 0x7a, 0x7a, 0xaa, 0x77, 0x7a, 0x7a, 0x77, 0xaa, 0xaa, 0xa7, 0xaa, 0xaa, 0xaa, 0xa7, 0xaa, 0xaa, 0xaa, 0xa7
.byte 0xaa, 0xaa, 0xaa, 0xa7, 0xaa, 0xaa, 0x7a, 0xaa, 0xaa, 0x7a, 0xa7, 0xaa, 0xaa, 0xaa, 0x7a, 0x7a, 0x77, 0x77, 0x7a, 0x7a, 0xaa, 0xa7, 0xaa, 0xaa, 0x7a, 0xaa, 0xaa, 0xaa, 0x7a, 0xaa, 0xaa, 0xaa
.byte 0x7a, 0xaa, 0xaa, 0xaa, 0x7a, 0xaa, 0x7a, 0xaa, 0xaa, 0x77, 0xa7, 0xaa, 0x7a, 0xaa, 0x7a, 0x7a, 0xaa, 0xa7, 0x7a, 0x7a, 0xaa, 0x77, 0xaa, 0xaa, 0x7a, 0x7a, 0xaa, 0xaa, 0xa7, 0x7a, 0xaa, 0xaa
.byte 0xa7, 0xaa, 0xaa, 0xaa, 0xa7, 0xaa, 0xaa, 0xa7, 0x7a, 0x77, 0x77, 0xaa, 0xa7, 0xaa, 0x7a, 0x7a, 0xa7, 0xaa, 0x7a, 0x7a, 0xa7, 0x77, 0xa7, 0xaa, 0xa7, 0xaa, 0xa7, 0xaa, 0xa7, 0x7a, 0x77, 0xaa
.byte 0xa7, 0xa7, 0xa7, 0xaa, 0xa7, 0xa7, 0xa7, 0xaa, 0xa7, 0x7a, 0xaa, 0xaa, 0xaa, 0xaa, 0x7a, 0x7a, 0x77, 0xa7, 0x7a, 0x7a, 0x7a, 0xaa, 0xa7, 0xaa, 0xa7, 0xaa, 0xa7, 0xaa, 0xa7, 0xaa, 0x77, 0xaa
.byte 0xa7, 0xaa, 0xa7, 0xaa, 0xa7, 0xaa, 0xa7, 0xaa, 0x7a, 0x77, 0xaa, 0xaa, 0x7a, 0x77, 0x7a, 0x7a, 0xaa, 0x7a, 0x7a, 0x7a, 0xaa, 0xa7, 0xaa, 0xaa, 0xa7, 0xa7, 0x7a, 0xaa, 0xa7, 0x7a, 0xaa, 0xa7
.byte 0xa7, 0xaa, 0xa7, 0xa7, 0xa7, 0xaa, 0xa7, 0xaa, 0xaa, 0x77, 0xaa, 0xaa, 0xaa, 0xaa, 0x7a, 0x7a, 0xaa, 0xa7, 0x7a, 0x7a, 0x7a, 0x7a, 0xaa, 0xaa, 0xa7, 0xaa, 0xa7, 0xaa, 0xaa, 0xaa, 0x7a, 0xaa
.byte 0xaa, 0xaa, 0xaa, 0xa7, 0xaa, 0xaa, 0xaa, 0xaa, 0xaa, 0xaa, 0xaa, 0xaa, 0xa7, 0x77, 0x7a, 0x7a, 0xa7, 0xaa, 0x7a, 0x7a, 0xa7, 0x77, 0xa7, 0xaa, 0xa7, 0xaa, 0xa7, 0xaa, 0xa7, 0x7a, 0x77, 0xaa
.byte 0xa7, 0xa7, 0xa7, 0xaa, 0xa7, 0xa7, 0xa7, 0xaa, 0xa7, 0x7a, 0xa7, 0xaa, 0xa7, 0xaa, 0xa7, 0xa7, 0xa7, 0xaa, 0x77, 0x7a, 0xa7, 0x77, 0xa7, 0xa7, 0xa7, 0xaa, 0xa7, 0xaa, 0xa7, 0x7a, 0x77, 0xaa
.byte 0xa7, 0xa7, 0xa7, 0xaa, 0xa7, 0xa7, 0xa7, 0xaa, 0xa7, 0x7a, 0xaa, 0xaa, 0xaa, 0xaa, 0xaa, 0xa7, 0x77, 0xa7, 0x7a, 0x7a, 0x7a, 0xaa, 0xa7, 0xa7, 0xa7, 0xaa, 0xa7, 0xaa, 0xa7, 0xaa, 0x77, 0xaa
.byte 0xa7, 0xaa, 0xa7, 0xaa, 0xa7, 0xaa, 0xa7, 0xaa, 0x7a, 0x77, 0xaa, 0xaa, 0x7a, 0x77, 0xa7, 0xa7, 0xaa, 0x7a, 0x7a, 0x7a, 0xaa, 0xa7, 0xaa, 0xa7, 0xa7, 0xa7, 0x7a, 0xaa, 0xa7, 0x7a, 0xaa, 0xa7
.byte 0xa7, 0xaa, 0xa7, 0xa7, 0xa7, 0xaa, 0xa7, 0xaa, 0xaa, 0x77, 0xaa, 0xaa, 0xaa, 0xaa, 0xaa, 0xa7, 0xaa, 0xa7, 0x7a, 0x7a, 0x7a, 0x7a, 0xaa, 0xa7, 0xa7, 0xaa, 0xa7, 0xaa, 0xaa, 0xaa, 0x7a, 0xaa
.byte 0xaa, 0xaa, 0xaa, 0xa7, 0xaa, 0xaa, 0xaa, 0xaa, 0xaa, 0xaa, 0xaa, 0xaa, 0xa7, 0x77, 0xa7, 0xa7, 0xa7, 0xaa, 0x77, 0x7a, 0xa7, 0x77, 0xa7, 0xa7, 0xa7, 0xaa, 0xa7, 0xaa, 0xa7, 0x7a, 0x77, 0xaa
.byte 0xa7, 0xa7, 0xa7, 0xaa, 0xa7, 0xa7, 0xa7, 0xaa, 0xa7, 0x7a, 0xa7, 0xaa, 0xaa, 0xaa, 0xaa, 0xaa, 0xaa, 0xaa, 0xaa, 0xaa, 0xaa, 0xaa, 0xaa, 0xaa, 0xaa, 0xaa, 0xaa, 0xaa, 0xaa, 0xaa, 0xaa, 0xaa
.byte 0xaa, 0xaa, 0xaa, 0xaa, 0xaa, 0xaa, 0xaa, 0xaa, 0xaa, 0xaa, 0xaa, 0xaa, 0xaa, 0xaa, 0xaa, 0xaa, 0xaa, 0xaa, 0xaa, 0xaa, 0xaa, 0xaa, 0xaa, 0xaa, 0xaa, 0xaa, 0xaa, 0xaa, 0xaa, 0xaa, 0xaa, 0xaa
.byte 0xaa, 0xaa, 0xaa, 0xaa, 0xaa, 0xaa, 0xaa, 0xaa, 0xaa, 0xaa, 0xaa, 0xaa, 0xaa, 0xaa, 0xaa, 0xaa, 0xaa, 0xaa, 0xaa, 0xaa, 0xaa, 0xaa, 0xaa, 0xaa, 0xaa, 0xaa, 0xaa, 0xaa, 0xaa, 0xaa, 0xaa, 0xaa
.byte 0xaa, 0xaa, 0xaa, 0xaa, 0xaa, 0xaa, 0xaa, 0xaa, 0xaa, 0xaa, 0xaa, 0xaa, 0xaa, 0xaa, 0xaa, 0xaa, 0xaa, 0xaa, 0xaa, 0xaa, 0xaa, 0xaa, 0xaa, 0xaa, 0xaa, 0xaa, 0xaa, 0xaa, 0xaa, 0xaa, 0xaa, 0xaa
.byte 0xaa, 0xaa, 0xaa, 0xaa, 0xaa, 0xaa, 0xaa, 0xaa, 0xaa, 0xaa, 0xaa, 0xaa, 0xaa, 0xaa, 0xaa, 0xaa, 0xaa, 0xaa, 0xaa, 0xaa, 0xaa, 0xaa, 0xaa, 0xaa, 0xaa, 0xaa, 0xaa, 0xaa, 0xaa, 0xaa, 0xaa, 0xaa
.byte 0xaa, 0xaa, 0xaa, 0xaa, 0xaa, 0xaa, 0xaa, 0xaa, 0xaa, 0xaa, 0xaa, 0xaa, 0xaa, 0xaa, 0xaa, 0xaa, 0xaa, 0xaa, 0xaa, 0xaa, 0xaa, 0xaa, 0xaa, 0xaa, 0xaa, 0xaa, 0xaa, 0xaa, 0xaa, 0xaa, 0xaa, 0xaa
.byte 0xaa, 0xaa, 0xaa, 0xaa, 0xaa, 0xaa, 0xaa, 0xaa, 0xaa, 0xaa, 0xaa, 0xaa, 0xaa, 0xaa, 0xaa, 0xaa, 0xaa, 0xaa, 0xaa, 0xaa, 0xaa, 0xaa, 0xaa, 0xaa, 0xaa, 0xaa, 0xaa, 0xaa, 0xaa, 0xaa, 0xaa, 0xaa
.byte 0xaa, 0xaa, 0xaa, 0xaa, 0xaa, 0xaa, 0xaa, 0xaa, 0xaa, 0xaa, 0xaa, 0xaa, 0x7a, 0xaa, 0x7a, 0x7a, 0x77, 0x77, 0x7a, 0x7a, 0x7a, 0xaa, 0xa7, 0xa7, 0x7a, 0xaa, 0xa7, 0xa7, 0xa7, 0xaa, 0xa7, 0xa7
.byte 0xa7, 0xaa, 0xa7, 0xaa, 0xa7, 0xaa, 0xa7, 0xaa, 0xa7, 0x7a, 0xaa, 0xaa, 0xaa, 0xa7, 0x7a, 0x7a, 0xaa, 0x77, 0x7a, 0x7a, 0x77, 0xa7, 0xaa, 0xaa, 0xaa, 0x7a, 0x77, 0xaa, 0x77, 0x77, 0xaa, 0xaa
.byte 0xaa, 0x7a, 0xaa, 0xaa, 0xa7, 0xaa, 0x7a, 0xaa, 0x7a, 0x77, 0xa7, 0xaa, 0xaa, 0xaa, 0x7a, 0x7a, 0xaa, 0x7a, 0x7a, 0x7a, 0x7a, 0xa7, 0xaa, 0xaa, 0x77, 0xaa, 0xaa, 0xaa, 0x77, 0xaa, 0xaa, 0xaa
.byte 0x7a, 0xa7, 0xaa, 0xaa, 0xaa, 0x77, 0xa7, 0xaa, 0xaa, 0xaa, 0x77, 0xaa, 0xa7, 0xaa, 0x7a, 0x7a, 0xa7, 0xaa, 0x7a, 0x7a, 0xa7, 0xaa, 0xa7, 0xaa, 0xa7, 0x77, 0x77, 0xaa, 0xa7, 0xaa, 0xa7, 0xaa
.byte 0xa7, 0xaa, 0xa7, 0xaa, 0xa7, 0xaa, 0xa7, 0xaa, 0xa7, 0xaa, 0xa7, 0xaa, 0xaa, 0xaa, 0x7a, 0x7a, 0xaa, 0x77, 0x7a, 0x7a, 0xaa, 0xaa, 0xaa, 0xaa, 0xaa, 0xaa, 0xaa, 0xaa, 0xaa, 0xaa, 0xaa, 0xaa
.byte 0xaa, 0xaa, 0xaa, 0xaa, 0x7a, 0xaa, 0xaa, 0xaa, 0xaa, 0x77, 0x77, 0xaa, 0xaa, 0x7a, 0x7a, 0x7a, 0xaa, 0x7a, 0x7a, 0x7a, 0x77, 0x77, 0xaa, 0xaa, 0xaa, 0xaa, 0xa7, 0xaa, 0xaa, 0xaa, 0xa7, 0xaa
.byte 0xaa, 0xaa, 0xaa, 0xaa, 0xa7, 0xaa, 0xaa, 0xa7, 0x7a, 0x77, 0x77, 0xaa, 0x7a, 0xaa, 0xa7, 0xa7, 0x7a, 0xaa, 0xa7, 0xa7, 0xa7, 0xaa, 0xaa, 0xaa, 0xa7, 0xaa, 0xaa, 0xaa, 0xa7, 0xaa, 0xaa, 0xaa
.byte 0xa7, 0xaa, 0x7a, 0xaa, 0xa7, 0xaa, 0xa7, 0xaa, 0x7a, 0x77, 0xaa, 0xaa, 0xaa, 0xaa, 0x7a, 0x7a, 0x77, 0x77, 0x7a, 0x7a, 0xaa, 0xaa, 0xa7, 0xaa, 0xaa, 0x77, 0xa7, 0xaa, 0x7a, 0x7a, 0xa7, 0xaa
.byte 0xaa, 0x77, 0xa7, 0xaa, 0xaa, 0xaa, 0xa7, 0xaa, 0xaa, 0x7a, 0xaa, 0xaa, 0x7a, 0xaa, 0x7a, 0x7a, 0x7a, 0xaa, 0x7a, 0x7a, 0x77, 0x77, 0xa7, 0xa7, 0x7a, 0xaa, 0x7a, 0xaa, 0x7a, 0xaa, 0x7a, 0xaa
.byte 0x7a, 0xaa, 0xa7, 0xaa, 0x7a, 0xaa, 0xaa, 0xaa, 0xaa, 0x77, 0x77, 0xa7, 0x7a, 0xaa, 0x7a, 0x7a, 0xaa, 0xaa, 0x7a, 0x7a, 0xaa, 0x7a, 0xaa, 0xaa, 0x7a, 0x77, 0x77, 0xaa, 0xaa, 0xa7, 0xaa, 0xaa
.byte 0x7a, 0xaa, 0xaa, 0xaa, 0x7a, 0xaa, 0xaa, 0xaa, 0xaa, 0x77, 0xa7, 0xaa, 0x00, 0x00, 0x00, 0x00, 0x00, 0x00, 0x00, 0x00, 0x00, 0x00, 0x00, 0x00, 0x00, 0x00, 0x00, 0x00, 0x00, 0x00, 0x00, 0x00
.byte 0x00, 0x00, 0x00, 0x00, 0x00, 0x00, 0x00, 0x00, 0x00, 0x00, 0x00, 0x00, 0x00, 0x00, 0x00, 0x00, 0x00, 0x00, 0x00, 0x00, 0x00, 0x00, 0x00, 0x00, 0x00, 0x00, 0x00, 0x00, 0x00, 0x00, 0x00, 0x00
.byte 0x00, 0x00, 0x00, 0x00, 0x00, 0x00, 0x00, 0x00, 0x00, 0x00, 0x00, 0x00, 0x00, 0x00, 0x00, 0x00, 0x00, 0x00, 0x00, 0x00, 0x00, 0x00, 0x00, 0x00, 0x00, 0x00, 0x00, 0x00, 0x00, 0x00, 0x00, 0x00
.byte 0x00, 0x00, 0x00, 0x00, 0x00, 0x00, 0x00, 0x00, 0x00, 0x00, 0x00, 0x00, 0x00, 0x00, 0x00, 0x00, 0x00, 0x00, 0x00, 0x00, 0x00, 0x00, 0x00, 0x00, 0x00, 0x00, 0x00, 0x00, 0x00, 0x00, 0x00, 0x00
.byte 0x00, 0x00, 0x00, 0x00, 0x00, 0x00, 0x00, 0x00, 0x00, 0x00, 0x00, 0x00, 0x00, 0x00, 0x00, 0x00, 0x00, 0x00, 0x00, 0x00, 0x00, 0x00, 0x00, 0x00, 0x00, 0x00, 0x00, 0x00, 0x00, 0x00, 0x00, 0x00
.byte 0x00, 0x00, 0x00, 0x00, 0x00, 0x00, 0x00, 0x00, 0x00, 0x00, 0x00, 0x00, 0x00, 0x00, 0x00, 0x00, 0x00, 0x00, 0x00, 0x00, 0x00, 0x00, 0x00, 0x00, 0x00, 0x00, 0x00, 0x00, 0x00, 0x00, 0x00, 0x00
.byte 0x00, 0x00, 0x00, 0x00, 0x00, 0x00, 0x00, 0x00, 0x00, 0x00, 0x00, 0x00, 0x00, 0x00, 0x00, 0x00, 0x00, 0x00, 0x00, 0x00, 0x00, 0x00, 0x00, 0x00, 0x00, 0x00, 0x00, 0x00, 0x00, 0x00, 0x00, 0x00
.byte 0x00, 0x00, 0x00, 0x00, 0x00, 0x00, 0x00, 0x00, 0x00, 0x00, 0x00, 0x00, 0x00, 0x00, 0x00, 0x00, 0x00, 0x00, 0x00, 0x00, 0x00, 0x00, 0x00, 0x00, 0x00, 0x00, 0x00, 0x00, 0x00, 0x00, 0x00, 0x00
.byte 0x00, 0x00, 0x00, 0x00, 0x00, 0x00, 0x00, 0x00, 0x00, 0x00, 0x00, 0x00, 0x00, 0x00, 0x00, 0x00, 0x00, 0x00, 0x00, 0x00, 0x00, 0x00, 0x00, 0x00, 0x00, 0x00, 0x00, 0x00, 0x00, 0x00, 0x00, 0x00
.byte 0x00, 0x00, 0x00, 0x00, 0x00, 0x00, 0x00, 0x00, 0x00, 0x00, 0x00, 0x00, 0x00, 0x00, 0x00, 0x00, 0x00, 0x00, 0x00, 0x00, 0x00, 0x00, 0x00, 0x00, 0x00, 0x00, 0x00, 0x00, 0x00, 0x00, 0x00, 0x00
.byte 0x00, 0x00, 0x00, 0x00, 0x00, 0x00, 0x00, 0x00, 0x00, 0x00, 0x00, 0x00, 0x00, 0x00, 0x00, 0x00, 0x00, 0x00, 0x00, 0x00, 0x00, 0x00, 0x00, 0x00, 0x00, 0x00, 0x00, 0x00, 0x00, 0x00, 0x00, 0x00
.byte 0x00, 0x00, 0x00, 0x00, 0x00, 0x00, 0x00, 0x00, 0x00, 0x00, 0x00, 0x00, 0x00, 0x00, 0x00, 0x00, 0x00, 0x00, 0x00, 0x00, 0x00, 0x00, 0x00, 0x00, 0x00, 0x00, 0x00, 0x00, 0x00, 0x00, 0x00, 0x00
.byte 0x00, 0x00, 0x00, 0x00, 0x00, 0x00, 0x00, 0x00, 0x00, 0x00, 0x00, 0x00, 0x00, 0x00, 0x00, 0x00, 0x00, 0x00, 0x00, 0x00, 0x00, 0x00, 0x00, 0x00, 0x00, 0x00, 0x00, 0x00, 0x00, 0x00, 0x00, 0x00
.byte 0x00, 0x00, 0x00, 0x00, 0x00, 0x00, 0x00, 0x00, 0x00, 0x00, 0x00, 0x00, 0x00, 0x00, 0x00, 0x00, 0x00, 0x00, 0x00, 0x00, 0x00, 0x00, 0x00, 0x00, 0x00, 0x00, 0x00, 0x00, 0x00, 0x00, 0x00, 0x00
.byte 0x00, 0x00, 0x00, 0x00, 0x00, 0x00, 0x00, 0x00, 0x00, 0x00, 0x00, 0x00, 0x00, 0x00, 0x00, 0x00, 0x00, 0x00, 0x00, 0x00, 0x00, 0x00, 0x00, 0x00, 0x00, 0x00, 0x00, 0x00, 0x00, 0x00, 0x00, 0x00
.byte 0x00, 0x00, 0x00, 0x00, 0x00, 0x00, 0x00, 0x00, 0x00, 0x00, 0x00, 0x00, 0x00, 0x00, 0x00, 0x00, 0x00, 0x00, 0x00, 0x00, 0x00, 0x00, 0x00, 0x00, 0x00, 0x00, 0x00, 0x00, 0x00, 0x00, 0x00, 0x00
.byte 0x00, 0x00, 0x00, 0x00, 0x00, 0x00, 0x00, 0x00, 0x00, 0x00, 0x00, 0x00, 0x00, 0x00, 0x00, 0x00, 0x00, 0x00, 0x00, 0x00, 0x00, 0x00, 0x00, 0x00, 0x00, 0x00, 0x00, 0x00, 0x00, 0x00, 0x00, 0x00
.byte 0x00, 0x00, 0x00, 0x00, 0x00, 0x00, 0x00, 0x00, 0x00, 0x00, 0x00, 0x00, 0x00, 0x00, 0x00, 0x00, 0x00, 0x00, 0x00, 0x00, 0x00, 0x00, 0x00, 0x00, 0x00, 0x00, 0x00, 0x00, 0x00, 0x00, 0x00, 0x00
.byte 0x00, 0x00, 0x00, 0x00, 0x00, 0x00, 0x00, 0x00, 0x00, 0x00, 0x00, 0x00, 0x00, 0x00, 0x00, 0x00, 0x00, 0x00, 0x00, 0x00, 0x00, 0x00, 0x00, 0x00, 0x00, 0x00, 0x00, 0x00, 0x00, 0x00, 0x00, 0x00
.byte 0x00, 0x00, 0x00, 0x00, 0x00, 0x00, 0x00, 0x00, 0x00, 0x00, 0x00, 0x00, 0x00, 0x00, 0x00, 0x00, 0x00, 0x00, 0x00, 0x00, 0x00, 0x00, 0x00, 0x00, 0x00, 0x00, 0x00, 0x00, 0x00, 0x00, 0x00, 0x00
.byte 0x00, 0x00, 0x00, 0x00, 0x00, 0x00, 0x00, 0x00, 0x00, 0x00, 0x00, 0x00, 0x00, 0x00, 0x00, 0x00, 0x00, 0x00, 0x00, 0x00, 0x00, 0x00, 0x00, 0x00, 0x00, 0x00, 0x00, 0x00, 0x00, 0x00, 0x00, 0x00
.byte 0x00, 0x00, 0x00, 0x00, 0x00, 0x00, 0x00, 0x00, 0x00, 0x00, 0x00, 0x00, 0x00, 0x00, 0x00, 0x00, 0x00, 0x00, 0x00, 0x00, 0x00, 0x00, 0x00, 0x00, 0x00, 0x00, 0x00, 0x00, 0x00, 0x00, 0x00, 0x00
.byte 0x00, 0x00, 0x00, 0x00, 0x00, 0x00, 0x00, 0x00, 0x00, 0x00, 0x00, 0x00, 0x00, 0x00, 0x00, 0x00, 0x00, 0x00, 0x00, 0x00, 0x00, 0x00, 0x00, 0x00, 0x00, 0x00, 0x00, 0x00, 0x00, 0x00, 0x00, 0x00
.byte 0x00, 0x00, 0x00, 0x00, 0x00, 0x00, 0x00, 0x00, 0x00, 0x00, 0x00, 0x00, 0x00, 0x00, 0x00, 0x00, 0x00, 0x00, 0x00, 0x00, 0x00, 0x00, 0x00, 0x00, 0x00, 0x00, 0x00, 0x00, 0x00, 0x00, 0x00, 0x00
.byte 0x00, 0x00, 0x00, 0x00, 0x00, 0x00, 0x00, 0x00, 0x00, 0x00, 0x00, 0x00, 0x00, 0x00, 0x00, 0x00, 0x00, 0x00, 0x00, 0x00, 0x00, 0x00, 0x00, 0x00, 0x00, 0x00, 0x00, 0x00, 0x00, 0x00, 0x00, 0x00
.byte 0x00, 0x00, 0x00, 0x00, 0x00, 0x00, 0x00, 0x00, 0x00, 0x00, 0x00, 0x00, 0x00, 0x00, 0x00, 0x00, 0x00, 0x00, 0x00, 0x00, 0x00, 0x00, 0x00, 0x00, 0x00, 0x00, 0x00, 0x00, 0x00, 0x00, 0x00, 0x00
.byte 0x00, 0x00, 0x00, 0x00, 0x00, 0x00, 0x00, 0x00, 0x00, 0x00, 0x00, 0x00, 0x00, 0x00, 0x00, 0x00, 0x00, 0x00, 0x00, 0x00, 0x00, 0x00, 0x00, 0x00, 0x00, 0x00, 0x00, 0x00, 0x00, 0x00, 0x00, 0x00
.byte 0x00, 0x00, 0x00, 0x00, 0x00, 0x00, 0x00, 0x00, 0x00, 0x00, 0x00, 0x00, 0x00, 0x00, 0x00, 0x00, 0x00, 0x00, 0x00, 0x00, 0x00, 0x00, 0x00, 0x00, 0x00, 0x00, 0x00, 0x00, 0x00, 0x00, 0x00, 0x00
.byte 0x00, 0x00, 0x00, 0x00, 0x00, 0x00, 0x00, 0x00, 0x00, 0x00, 0x00, 0x00, 0x00, 0x00, 0x00, 0x00, 0x00, 0x00, 0x00, 0x00, 0x00, 0x00, 0x00, 0x00, 0x00, 0x00, 0x00, 0x00, 0x00, 0x00, 0x00, 0x00
.byte 0x00, 0x00, 0x00, 0x00, 0x00, 0x00, 0x00, 0x00, 0x00, 0x00, 0x00, 0x00, 0x00, 0x00, 0x00, 0x00, 0x00, 0x00, 0x00, 0x00, 0x00, 0x00, 0x00, 0x00, 0x00, 0x00, 0x00, 0x00, 0x00, 0x00, 0x00, 0x00
.byte 0x00, 0x00, 0x00, 0x00, 0x00, 0x00, 0x00, 0x00, 0x00, 0x00, 0x00, 0x00, 0x00, 0x00, 0x00, 0x00, 0x00, 0x00, 0x00, 0x00, 0x00, 0x00, 0x00, 0x00, 0x00, 0x00, 0x00, 0x00, 0x00, 0x00, 0x00, 0x00
.byte 0x00, 0x00, 0x00, 0x00, 0x00, 0x00, 0x00, 0x00, 0x00, 0x00, 0x00, 0x00, 0x00, 0x00, 0x00, 0x00, 0x00, 0x00, 0x00, 0x00, 0x00, 0x00, 0x00, 0x00, 0x00, 0x00, 0x00, 0x00, 0x00, 0x00, 0x00, 0x00
.byte 0x00, 0x00, 0x00, 0x00, 0x00, 0x00, 0x00, 0x00, 0x00, 0x00, 0x00, 0x00, 0x00, 0x00, 0x00, 0x00, 0x00, 0x00, 0x00, 0x00, 0x00, 0x00, 0x00, 0x00, 0x00, 0x00, 0x00, 0x00, 0x00, 0x00, 0x00, 0x00
.byte 0x00, 0x00, 0x00, 0x00, 0x00, 0x00, 0x00, 0x00, 0x00, 0x00, 0x00, 0x00, 0x00, 0x00, 0x00, 0x00, 0x00, 0x00, 0x00, 0x00, 0x00, 0x00, 0x00, 0x00, 0x00, 0x00, 0x00, 0x00, 0x00, 0x00, 0x00, 0x00
.byte 0x00, 0x00, 0x00, 0x00, 0x00, 0x00, 0x00, 0x00, 0x00, 0x00, 0x00, 0x00, 0x00, 0x00, 0x00, 0x00, 0x00, 0x00, 0x00, 0x00, 0x00, 0x00, 0x00, 0x00, 0x00, 0x00, 0x00, 0x00, 0x00, 0x00, 0x00, 0x00
.byte 0x00, 0x00, 0x00, 0x00, 0x00, 0x00, 0x00, 0x00, 0x00, 0x00, 0x00, 0x00, 0x00, 0x00, 0x00, 0x00, 0x00, 0x00, 0x00, 0x00, 0x00, 0x00, 0x00, 0x00, 0x00, 0x00, 0x00, 0x00, 0x00, 0x00, 0x00, 0x00
.byte 0x00, 0x00, 0x00, 0x00, 0x00, 0x00, 0x00, 0x00, 0x00, 0x00, 0x00, 0x00, 0x00, 0x00, 0x00, 0x00, 0x00, 0x00, 0x00, 0x00, 0x00, 0x00, 0x00, 0x00, 0x00, 0x00, 0x00, 0x00, 0x00, 0x00, 0x00, 0x00
.byte 0x00, 0x00, 0x00, 0x00, 0x00, 0x00, 0x00, 0x00, 0x00, 0x00, 0x00, 0x00, 0x00, 0x00, 0x00, 0x00, 0x00, 0x00, 0x00, 0x00, 0x00, 0x00, 0x00, 0x00, 0x00, 0x00, 0x00, 0x00, 0x00, 0x00, 0x00, 0x00
.byte 0x00, 0x00, 0x00, 0x00, 0x00, 0x00, 0x00, 0x00, 0x00, 0x00, 0x00, 0x00, 0x00, 0x00, 0x00, 0x00, 0x00, 0x00, 0x00, 0x00, 0x00, 0x00, 0x00, 0x00, 0x00, 0x00, 0x00, 0x00, 0x00, 0x00, 0x00, 0x00
.byte 0x00, 0x00, 0x00, 0x00, 0x00, 0x00, 0x00, 0x00, 0x00, 0x00, 0x00, 0x00, 0x00, 0x00, 0x00, 0x00, 0x00, 0x00, 0x00, 0x00, 0x00, 0x00, 0x00, 0x00, 0x00, 0x00, 0x00, 0x00, 0x00, 0x00, 0x00, 0x00
.byte 0x00, 0x00, 0x00, 0x00, 0x00, 0x00, 0x00, 0x00, 0x00, 0x00, 0x00, 0x00, 0x00, 0x00, 0x00, 0x00, 0x00, 0x00, 0x00, 0x00, 0x00, 0x00, 0x00, 0x00, 0x00, 0x00, 0x00, 0x00, 0x00, 0x00, 0x00, 0x00
.byte 0x00, 0x00, 0x00, 0x00, 0x00, 0x00, 0x00, 0x00, 0x00, 0x00, 0x00, 0x00, 0x00, 0x00, 0x00, 0x00, 0x00, 0x00, 0x00, 0x00, 0x00, 0x00, 0x00, 0x00, 0x00, 0x00, 0x00, 0x00, 0x00, 0x00, 0x00, 0x00
.byte 0x00, 0x00, 0x00, 0x00, 0x00, 0x00, 0x00, 0x00, 0x00, 0x00, 0x00, 0x00, 0x00, 0x00, 0x00, 0x00, 0x00, 0x00, 0x00, 0x00, 0x00, 0x00, 0x00, 0x00, 0x00, 0x00, 0x00, 0x00, 0x00, 0x00, 0x00, 0x00
.byte 0x00, 0x00, 0x00, 0x00, 0x00, 0x00, 0x00, 0x00, 0x00, 0x00, 0x00, 0x00, 0x00, 0x00, 0x00, 0x00, 0x00, 0x00, 0x00, 0x00, 0x00, 0x00, 0x00, 0x00, 0x00, 0x00, 0x00, 0x00, 0x00, 0x00, 0x00, 0x00
.byte 0x00, 0x00, 0x00, 0x00, 0x00, 0x00, 0x00, 0x00, 0x00, 0x00, 0x00, 0x00, 0x00, 0x00, 0x00, 0x00, 0x00, 0x00, 0x00, 0x00, 0x00, 0x00, 0x00, 0x00, 0x00, 0x00, 0x00, 0x00, 0x00, 0x00, 0x00, 0x00
.byte 0x00, 0x00, 0x00, 0x00, 0x00, 0x00, 0x00, 0x00, 0x00, 0x00, 0x00, 0x00, 0x00, 0x00, 0x00, 0x00, 0x00, 0x00, 0x00, 0x00, 0x00, 0x00, 0x00, 0x00, 0x00, 0x00, 0x00, 0x00, 0x00, 0x00, 0x00, 0x00
.byte 0x00, 0x00, 0x00, 0x00, 0x00, 0x00, 0x00, 0x00, 0x00, 0x00, 0x00, 0x00, 0x00, 0x00, 0x00, 0x00, 0x00, 0x00, 0x00, 0x00, 0x00, 0x00, 0x00, 0x00, 0x00, 0x00, 0x00, 0x00, 0x00, 0x00, 0x00, 0x00
.byte 0x00, 0x00, 0x00, 0x00, 0x00, 0x00, 0x00, 0x00, 0x00, 0x00, 0x00, 0x00, 0x00, 0x00, 0x00, 0x00, 0x00, 0x00, 0x00, 0x00, 0x00, 0x00, 0x00, 0x00, 0x00, 0x00, 0x00, 0x00, 0x00, 0x00, 0x00, 0x00
.byte 0x00, 0x00, 0x00, 0x00, 0x00, 0x00, 0x00, 0x00, 0x00, 0x00, 0x00, 0x00, 0x00, 0x00, 0x00, 0x00, 0x00, 0x00, 0x00, 0x00, 0x00, 0x00, 0x00, 0x00, 0x00, 0x00, 0x00, 0x00, 0x00, 0x00, 0x00, 0x00
.byte 0x00, 0x00, 0x00, 0x00, 0x00, 0x00, 0x00, 0x00, 0x00, 0x00, 0x00, 0x00, 0x00, 0x00, 0x00, 0x00, 0x00, 0x00, 0x00, 0x00, 0x00, 0x00, 0x00, 0x00, 0x00, 0x00, 0x00, 0x00, 0x00, 0x00, 0x00, 0x00
.byte 0x00, 0x00, 0x00, 0x00, 0x00, 0x00, 0x00, 0x00, 0x00, 0x00, 0x00, 0x00, 0x00, 0x00, 0x00, 0x00, 0x00, 0x00, 0x00, 0x00, 0x00, 0x00, 0x00, 0x00, 0x00, 0x00, 0x00, 0x00, 0x00, 0x00, 0x00, 0x00
.byte 0x00, 0x00, 0x00, 0x00, 0x00, 0x00, 0x00, 0x00, 0x00, 0x00, 0x00, 0x00, 0x00, 0x00, 0x00, 0x00, 0x00, 0x00, 0x00, 0x00, 0x00, 0x00, 0x00, 0x00, 0x00, 0x00, 0x00, 0x00, 0x00, 0x00, 0x00, 0x00
.byte 0x00, 0x00, 0x00, 0x00, 0x00, 0x00, 0x00, 0x00, 0x00, 0x00, 0x00, 0x00, 0x00, 0x00, 0x00, 0x00, 0x00, 0x00, 0x00, 0x00, 0x00, 0x00, 0x00, 0x00, 0x00, 0x00, 0x00, 0x00, 0x00, 0x00, 0x00, 0x00
.byte 0x00, 0x00, 0x00, 0x00, 0x00, 0x00, 0x00, 0x00, 0x00, 0x00, 0x00, 0x00, 0x00, 0x00, 0x00, 0x00, 0x00, 0x00, 0x00, 0x00, 0x00, 0x00, 0x00, 0x00, 0x00, 0x00, 0x00, 0x00, 0x00, 0x00, 0x00, 0x00
.byte 0x00, 0x00, 0x00, 0x00, 0x00, 0x00, 0x00, 0x00, 0x00, 0x00, 0x00, 0x00, 0x00, 0x00, 0x00, 0x00, 0x00, 0x00, 0x00, 0x00, 0x00, 0x00, 0x00, 0x00, 0x00, 0x00, 0x00, 0x00, 0x00, 0x00, 0x00, 0x00
.byte 0x00, 0x00, 0x00, 0x00, 0x00, 0x00, 0x00, 0x00, 0x00, 0x00, 0x00, 0x00, 0x00, 0x00, 0x00, 0x00, 0x00, 0x00, 0x00, 0x00, 0x00, 0x00, 0x00, 0x00, 0x00, 0x00, 0x00, 0x00, 0x00, 0x00, 0x00, 0x00
.byte 0x00, 0x00, 0x00, 0x00, 0x00, 0x00, 0x00, 0x00, 0x00, 0x00, 0x00, 0x00, 0x00, 0x00, 0x00, 0x00, 0x00, 0x00, 0x00, 0x00, 0x00, 0x00, 0x00, 0x00, 0x00, 0x00, 0x00, 0x00, 0x00, 0x00, 0x00, 0x00
.byte 0x00, 0x00, 0x00, 0x00, 0x00, 0x00, 0x00, 0x00, 0x00, 0x00, 0x00, 0x00, 0x00, 0x00, 0x00, 0x00, 0x00, 0x00, 0x00, 0x00, 0x00, 0x00, 0x00, 0x00, 0x00, 0x00, 0x00, 0x00, 0x00, 0x00, 0x00, 0x00
.byte 0x00, 0x00, 0x00, 0x00, 0x00, 0x00, 0x00, 0x00, 0x00, 0x00, 0x00, 0x00, 0x00, 0x00, 0x00, 0x00, 0x00, 0x00, 0x00, 0x00, 0x00, 0x00, 0x00, 0x00, 0x00, 0x00, 0x00, 0x00, 0x00, 0x00, 0x00, 0x00
.byte 0x00, 0x00, 0x00, 0x00, 0x00, 0x00, 0x00, 0x00, 0x00, 0x00, 0x00, 0x00, 0x00, 0x00, 0x00, 0x00, 0x00, 0x00, 0x00, 0x00, 0x00, 0x00, 0x00, 0x00, 0x00, 0x00, 0x00, 0x00, 0x00, 0x00, 0x00, 0x00
.byte 0x00, 0x00, 0x00, 0x00, 0x00, 0x00, 0x00, 0x00, 0x00, 0x00, 0x00, 0x00, 0x00, 0x00, 0x00, 0x00, 0x00, 0x00, 0x00, 0x00, 0x00, 0x00, 0x00, 0x00, 0x00, 0x00, 0x00, 0x00, 0x00, 0x00, 0x00, 0x00
.byte 0x00, 0x00, 0x00, 0x00, 0x00, 0x00, 0x00, 0x00, 0x00, 0x00, 0x00, 0x00, 0x00, 0x00, 0x00, 0x00, 0x00, 0x00, 0x00, 0x00, 0x00, 0x00, 0x00, 0x00, 0x00, 0x00, 0x00, 0x00, 0x00, 0x00, 0x00, 0x00
.byte 0x00, 0x00, 0x00, 0x00, 0x00, 0x00, 0x00, 0x00, 0x00, 0x00, 0x00, 0x00, 0x00, 0x00, 0x00, 0x00, 0x00, 0x00, 0x00, 0x00, 0x00, 0x00, 0x00, 0x00, 0x00, 0x00, 0x00, 0x00, 0x00, 0x00, 0x00, 0x00
.byte 0x00, 0x00, 0x00, 0x00, 0x00, 0x00, 0x00, 0x00, 0x00, 0x00, 0x00, 0x00, 0x00, 0x00, 0x00, 0x00, 0x00, 0x00, 0x00, 0x00, 0x00, 0x00, 0x00, 0x00, 0x00, 0x00, 0x00, 0x00, 0x00, 0x00, 0x00, 0x00
.byte 0x00, 0x00, 0x00, 0x00, 0x00, 0x00, 0x00, 0x00, 0x00, 0x00, 0x00, 0x00
.global gUnknown_830612C
gUnknown_830612C:
.byte 0x37, 0x8f, 0x00, 0x80, 0x27, 0x4f, 0x6f, 0x80, 0xff, 0x87, 0x5f, 0x80, 0x00, 0x00, 0x00, 0x80, 0x5f, 0xff, 0x5f, 0x80
.byte 0x07, 0xff, 0xff, 0x80, 0xff, 0xff, 0x07, 0x80, 0xff, 0xff, 0xff, 0x80, 0x47, 0x47, 0x47, 0x80, 0x6f, 0x6f, 0x6f, 0x80, 0xb7, 0xb7, 0xb7, 0x80, 0x00, 0x00, 0x00, 0x80, 0xff, 0x87, 0x5f, 0x80
.byte 0x4f, 0x27, 0xff, 0x80, 0x67, 0x87, 0xff, 0x80, 0xaf, 0xc7, 0xe7, 0x80, 0x37, 0x8f, 0x00, 0x80, 0x27, 0x4f, 0x6f, 0x80, 0xff, 0x87, 0x5f, 0x80, 0x00, 0x07, 0x07, 0x80, 0x5f, 0xff, 0x5f, 0x80
.byte 0x07, 0xff, 0xff, 0x80, 0xff, 0xff, 0x07, 0x80, 0xff, 0xff, 0xff, 0x80, 0x47, 0x47, 0x47, 0x80, 0x6f, 0x6f, 0x6f, 0x80, 0xb7, 0xb7, 0xb7, 0x80, 0x00, 0x07, 0x07, 0x80, 0xff, 0x87, 0x5f, 0x80
.byte 0x4f, 0x27, 0xff, 0x80, 0x67, 0x87, 0xff, 0x80, 0xaf, 0xc7, 0xe7, 0x80, 0x37, 0x8f, 0x00, 0x80, 0x27, 0x4f, 0x6f, 0x80, 0xff, 0x87, 0x5f, 0x80, 0x00, 0x00, 0x00, 0x80, 0x5f, 0xff, 0x5f, 0x80
.byte 0x07, 0xff, 0xff, 0x80, 0xff, 0xff, 0x07, 0x80, 0xff, 0xff, 0xff, 0x80, 0x47, 0x47, 0x47, 0x80, 0x6f, 0x6f, 0x6f, 0x80, 0xb7, 0xb7, 0xb7, 0x80, 0x00, 0x00, 0x00, 0x80, 0x0f, 0x17, 0x1f, 0x80
.byte 0x7f, 0x00, 0x00, 0x80, 0xdf, 0x2f, 0x00, 0x80, 0xff, 0x7f, 0x6f, 0x80, 0x37, 0x8f, 0x00, 0x80, 0x27, 0x4f, 0x6f, 0x80, 0xff, 0x87, 0x5f, 0x80, 0x00, 0x07, 0x07, 0x80, 0x5f, 0xff, 0x5f, 0x80
.byte 0x07, 0xff, 0xff, 0x80, 0xff, 0xff, 0x07, 0x80, 0xff, 0xff, 0xff, 0x80, 0x47, 0x47, 0x47, 0x80, 0x6f, 0x6f, 0x6f, 0x80, 0xb7, 0xb7, 0xb7, 0x80, 0x00, 0x07, 0x07, 0x80, 0xff, 0xef, 0x5f, 0x80
.byte 0x9f, 0x9f, 0x00, 0x80, 0xe7, 0xcf, 0x47, 0x80, 0xf7, 0xf7, 0x5f, 0x80, 0x37, 0x8f, 0x00, 0x80, 0x27, 0x4f, 0x6f, 0x80, 0xff, 0x87, 0x5f, 0x80, 0x00, 0x00, 0x00, 0x80, 0x5f, 0xff, 0x5f, 0x80
.byte 0x07, 0xff, 0xff, 0x80, 0xff, 0xff, 0x07, 0x80, 0xff, 0xff, 0xff, 0x80, 0x47, 0x47, 0x47, 0x80, 0x6f, 0x6f, 0x6f, 0x80, 0xb7, 0xb7, 0xb7, 0x80, 0x00, 0x00, 0x00, 0x80, 0xff, 0x87, 0x5f, 0x80
.byte 0xa7, 0x37, 0x77, 0x80, 0xff, 0x77, 0xc7, 0x80, 0xff, 0xc7, 0xff, 0x80, 0x37, 0x8f, 0x00, 0x80, 0x27, 0x4f, 0x6f, 0x80, 0xff, 0x87, 0x5f, 0x80, 0x00, 0x07, 0x07, 0x80, 0x5f, 0xff, 0x5f, 0x80
.byte 0x07, 0xff, 0xff, 0x80, 0xff, 0xff, 0x07, 0x80, 0xff, 0xff, 0xff, 0x80, 0x47, 0x47, 0x47, 0x80, 0x6f, 0x6f, 0x6f, 0x80, 0xb7, 0xb7, 0xb7, 0x80, 0x00, 0x07, 0x07, 0x80, 0xff, 0x87, 0x5f, 0x80
.byte 0xa7, 0x37, 0x77, 0x80, 0xff, 0x77, 0xc7, 0x80, 0xff, 0xc7, 0xff, 0x80, 0x37, 0x8f, 0x00, 0x80, 0x27, 0x4f, 0x6f, 0x80, 0xff, 0x87, 0x5f, 0x80, 0x00, 0x07, 0x07, 0x80, 0x5f, 0xff, 0x5f, 0x80
.byte 0x07, 0xff, 0xff, 0x80, 0xff, 0xff, 0x07, 0x80, 0xff, 0xff, 0xff, 0x80, 0x47, 0x47, 0x47, 0x80, 0x6f, 0x6f, 0x6f, 0x80, 0xb7, 0xb7, 0xb7, 0x80, 0x00, 0x07, 0x07, 0x80, 0xff, 0x87, 0x5f, 0x80
.byte 0x17, 0xc7, 0x1f, 0x80, 0x5f, 0xff, 0x5f, 0x80, 0xa7, 0xff, 0xaf, 0x80, 0x00, 0x00, 0x00, 0x80, 0x17, 0x17, 0x17, 0x80, 0x1f, 0x7f, 0x27, 0x80, 0x00, 0x00, 0x00, 0x80, 0x3f, 0xb7, 0x3f, 0x80
.byte 0x7f, 0xd7, 0x7f, 0x80, 0xb7, 0xf7, 0xb7, 0x80, 0xe7, 0xff, 0xe7, 0x80, 0x17, 0x17, 0x17, 0x80, 0xa7, 0x9f, 0x00, 0x80, 0xbf, 0xb7, 0x2f, 0x80, 0xd7, 0xcf, 0x5f, 0x80, 0xef, 0xe7, 0x8f, 0x80
.byte 0xff, 0xff, 0xb7, 0x80, 0x00, 0x00, 0x00, 0x80, 0xe7, 0x3f, 0x3f, 0x80
.global gUnknown_830632C
gUnknown_830632C:
.byte 0x10, 0x00, 0x00, 0x00, 0x00, 0x00, 0x00, 0x00, 0x00, 0x30, 0x33, 0x33, 0x00, 0x30, 0x44, 0x44, 0x00, 0x00, 0x43, 0x44
.byte 0x00, 0x00, 0x30, 0x44, 0x00, 0x00, 0x00, 0x43, 0x00, 0x00, 0x00, 0x30, 0x00, 0x00, 0x00, 0x00, 0x00, 0x00, 0x00, 0x00, 0x33, 0x33, 0x03, 0x00, 0x44, 0x44, 0x13, 0x00, 0x44, 0x34, 0x11, 0x00
.byte 0x44, 0x13, 0x01, 0x00, 0x34, 0x11, 0x00, 0x00, 0x13, 0x01, 0x00, 0x00, 0x11, 0x00, 0x00, 0x00, 0x00, 0x00, 0x20, 0x13, 0x00, 0x20, 0x43, 0x14, 0x20, 0x43, 0x44, 0x14, 0x42, 0x44, 0x44, 0x14
.byte 0x10, 0x43, 0x44, 0x14, 0x00, 0x11, 0x43, 0x14, 0x00, 0x00, 0x11, 0x13, 0x00, 0x00, 0x00, 0x11, 0x31, 0x02, 0x00, 0x00, 0x41, 0x34, 0x02, 0x00, 0x41, 0x44, 0x34, 0x02, 0x41, 0x44, 0x44, 0x24
.byte 0x41, 0x44, 0x34, 0x01, 0x41, 0x34, 0x11, 0x00, 0x31, 0x11, 0x00, 0x00, 0x11, 0x00, 0x00, 0x00, 0x30, 0x03, 0x00, 0x00, 0x30, 0x34, 0x00, 0x00, 0x30, 0x44, 0x03, 0x00, 0x30, 0x44, 0x34, 0x00
.byte 0x30, 0x44, 0x13, 0x00, 0x30, 0x34, 0x11, 0x00, 0x30, 0x13, 0x01, 0x00, 0x00, 0x11, 0x00, 0x00, 0x00, 0x22, 0x00, 0x00, 0x00, 0x32, 0x02, 0x00, 0x00, 0x32, 0x23, 0x00, 0x00, 0x32, 0x33, 0x02
.byte 0x00, 0x32, 0x23, 0x01, 0x00, 0x32, 0x12, 0x01, 0x00, 0x22, 0x11, 0x00, 0x00, 0x10, 0x01, 0x00, 0x00, 0x00, 0x00, 0x00, 0x00, 0x00, 0x00, 0x00, 0x00, 0x00, 0x00, 0x00, 0x00, 0x00, 0x00, 0x00
.byte 0x00, 0x00, 0x00, 0x00, 0x44, 0x44, 0x44, 0x44, 0x33, 0x23, 0x22, 0x22, 0x00, 0x00, 0x00, 0x00, 0x00, 0x00, 0x00, 0x00, 0x00, 0x00, 0x00, 0x00, 0x00, 0x00, 0x00, 0x00, 0x00, 0x00, 0x00, 0x00
.byte 0x00, 0x00, 0x00, 0x00, 0x44, 0x44, 0x00, 0x00, 0x22, 0x22, 0x00, 0x00, 0x00, 0x00, 0x00, 0x00, 0x10, 0x11, 0x11, 0x00, 0x41, 0x44, 0x44, 0x01, 0x41, 0x11, 0x11, 0x00, 0x41, 0x01, 0x00, 0x00
.byte 0x41, 0x01, 0x00, 0x00, 0x41, 0x01, 0x00, 0x00, 0x10, 0x00, 0x00, 0x00, 0x00, 0x00, 0x00, 0x00, 0x00, 0x11, 0x11, 0x01, 0x10, 0x44, 0x44, 0x14, 0x00, 0x11, 0x11, 0x14, 0x00, 0x00, 0x10, 0x14
.byte 0x00, 0x00, 0x10, 0x14, 0x00, 0x00, 0x10, 0x14, 0x00, 0x00, 0x00, 0x01, 0x00, 0x00, 0x00, 0x00, 0x00, 0x00, 0x00, 0x00, 0x10, 0x00, 0x00, 0x00, 0x41, 0x01, 0x00, 0x00, 0x41, 0x01, 0x00, 0x00
.byte 0x41, 0x01, 0x00, 0x00, 0x41, 0x11, 0x11, 0x00, 0x41, 0x44, 0x44, 0x01, 0x10, 0x11, 0x11, 0x00, 0x00, 0x00, 0x00, 0x00, 0x00, 0x00, 0x00, 0x01, 0x00, 0x00, 0x10, 0x14, 0x00, 0x00, 0x10, 0x14
.byte 0x00, 0x00, 0x10, 0x14, 0x00, 0x11, 0x11, 0x14, 0x10, 0x44, 0x44, 0x14, 0x00, 0x11, 0x11, 0x01, 0x00, 0x00, 0x00, 0x60, 0x00, 0x00, 0x00, 0x86, 0x00, 0x00, 0x00, 0x87, 0x00, 0x00, 0x60, 0x88
.byte 0x00, 0x00, 0x70, 0x88, 0x00, 0x00, 0x86, 0x18, 0x00, 0x00, 0x87, 0x11, 0x00, 0x60, 0x88, 0x11, 0x06, 0x00, 0x00, 0x00, 0x68, 0x00, 0x00, 0x00, 0x78, 0x00, 0x00, 0x00, 0x88, 0x06, 0x00, 0x00
.byte 0x88, 0x07, 0x00, 0x00, 0x81, 0x68, 0x00, 0x00, 0x11, 0x78, 0x00, 0x00, 0x11, 0x88, 0x06, 0x00, 0x00, 0x70, 0x88, 0x11, 0x00, 0x86, 0x88, 0x18, 0x00, 0x87, 0x88, 0x18, 0x60, 0x88, 0x88, 0x88
.byte 0x70, 0x88, 0x88, 0x18, 0x86, 0x88, 0x88, 0x18, 0x60, 0x87, 0x88, 0x88, 0x00, 0x00, 0x00, 0x00, 0x11, 0x88, 0x07, 0x00, 0x81, 0x88, 0x68, 0x00, 0x81, 0x88, 0x78, 0x00, 0x88, 0x88, 0x88, 0x06
.byte 0x81, 0x88, 0x88, 0x07, 0x81, 0x88, 0x88, 0x68, 0x88, 0x88, 0x78, 0x06, 0x00, 0x00, 0x00, 0x00
.global gUnknown_8306530
gUnknown_8306530:
.byte 0x00, 0x8f, 0x00, 0x80, 0x17, 0x17, 0x0f, 0x80, 0x5f, 0x5f, 0x5f, 0x80, 0xaf, 0xaf, 0xaf, 0x80
.byte 0xff, 0xff, 0xff, 0x80, 0x77, 0x37, 0x00, 0x80, 0xbf, 0x87, 0x27, 0x80, 0xdf, 0xbf, 0x4f, 0x80, 0xff, 0xff, 0x77, 0x80, 0x4f, 0x27, 0x57, 0x80, 0x8f, 0x57, 0x7f, 0x80, 0xd7, 0x87, 0xa7, 0x80
.byte 0x3f, 0x67, 0x00, 0x80, 0x67, 0x8f, 0x00, 0x80, 0xb7, 0xd7, 0x1f, 0x80, 0x8f, 0x0f, 0x3f, 0x80
.global gUnknown_8306570
gUnknown_8306570:
.string "SIRO"
.4byte gUnknown_830CC28
.byte 0x00, 0x00, 0x00, 0x00, 0x00, 0x00, 0x00, 0x00

@ Address 0x306580
#include "item/item_descriptions.s"
.align 2,0

@ Address 0x30cc28
.global gUnknown_830CC28
gUnknown_830CC28:
#include "item/item_data.inc"

@ Address 0x30ea28
#include "item/item_names.s"
.global gUnknown_830F66C
gUnknown_830F66C:
.string "SIRO"

.4byte gUnknown_83191B0
.byte 0x00, 0x00, 0x00, 0x00, 0x00, 0x00, 0x00, 0x00
.global gUnknown_830F67C
gUnknown_830F67C:
.byte 0x00, 0x00, 0x00, 0x00
.byte 0x00, 0x00, 0x00, 0x00, 0x00, 0x00, 0x00, 0x00, 0x00, 0x00, 0x00, 0x00, 0x00, 0x00, 0x00, 0x00, 0x00, 0x00, 0x00, 0x00, 0x00, 0x00, 0x00, 0x00, 0x00, 0x00, 0x00, 0x00, 0x00, 0x00, 0x00, 0x00
.byte 0x00, 0x00, 0x00, 0x00, 0x00, 0x00, 0x00, 0x00, 0x00, 0x00, 0x00, 0x00, 0x00, 0x00, 0x00, 0x00, 0x00, 0x00, 0x00, 0x00, 0x00, 0x00, 0x00, 0x00, 0x00, 0x00, 0x00, 0x00, 0x00, 0x00, 0x00, 0x00
.byte 0x00, 0x00, 0x00, 0x00
.global gUnknown_830F6C4
gUnknown_830F6C4:
.byte 0x00, 0x00, 0x00, 0x00, 0x00, 0x00, 0xf0, 0x00, 0x00, 0x00, 0x00, 0x00, 0xff, 0x0f, 0x00, 0x00, 0x00, 0x00, 0xff, 0x0f, 0x00, 0x00, 0x00, 0x00, 0xff, 0x0f, 0x00, 0x00
.byte 0x00, 0x00, 0xf0, 0x00, 0x00, 0x00, 0x00, 0x00, 0xf0, 0x00, 0x00, 0x00, 0x00, 0x00, 0x00, 0x00, 0x00, 0x00, 0x00, 0x00, 0xf0, 0x00, 0x00, 0x00, 0x00, 0x00, 0x00, 0x00, 0x00, 0x00, 0x00, 0x00
.byte 0x00, 0x00, 0x00, 0x00, 0x00, 0x00, 0x00, 0x00, 0x00, 0x00, 0x00, 0x00
.global gUnknown_830F70C
gUnknown_830F70C:
.byte 0x00, 0x00, 0x00, 0x00, 0x00, 0x00, 0x0f, 0x0f, 0x00, 0x00, 0x00, 0x00, 0x0f, 0x0f, 0x00, 0x00, 0x00, 0x00, 0x00, 0x00
.byte 0x00, 0x00, 0x00, 0x00, 0x00, 0x00, 0x00, 0x00, 0x00, 0x00, 0x00, 0x00, 0x00, 0x00, 0x00, 0x00, 0x00, 0x00, 0x00, 0x00, 0x00, 0x00, 0x00, 0x00, 0x00, 0x00, 0x00, 0x00, 0x00, 0x00, 0x00, 0x00
.byte 0x00, 0x00, 0x00, 0x00, 0x00, 0x00, 0x00, 0x00, 0x00, 0x00, 0x00, 0x00, 0x00, 0x00, 0x00, 0x00, 0x00, 0x00, 0x00, 0x00
.global gUnknown_830F754
gUnknown_830F754:
.byte 0x00, 0x00, 0x00, 0x00, 0x00, 0x00, 0x00, 0xf0, 0xf0, 0x00, 0x00, 0x00
.byte 0xf0, 0xff, 0xff, 0x0f, 0x00, 0x00, 0x00, 0x0f, 0x0f, 0x00, 0x00, 0x00, 0xff, 0xff, 0xff, 0x00, 0x00, 0x00, 0xf0, 0xf0, 0x00, 0x00, 0x00, 0x00, 0x00, 0x00, 0x00, 0x00, 0x00, 0x00, 0x00, 0x00
.byte 0x00, 0x00, 0x00, 0x00, 0x00, 0x00, 0x00, 0x00, 0x00, 0x00, 0x00, 0x00, 0x00, 0x00, 0x00, 0x00, 0x00, 0x00, 0x00, 0x00, 0x00, 0x00, 0x00, 0x00, 0x00, 0x00, 0x00, 0x00
.global gUnknown_830F79C
gUnknown_830F79C:
.byte 0x00, 0x00, 0x00, 0x00
.byte 0x00, 0x00, 0x00, 0x0f, 0x00, 0x00, 0x00, 0x00, 0xf0, 0xff, 0x00, 0x00, 0x00, 0x00, 0x0f, 0x0f, 0x0f, 0x00, 0x00, 0x00, 0x0f, 0x0f, 0x00, 0x00, 0x00, 0x00, 0xf0, 0x0f, 0x00, 0x00, 0x00, 0x00
.byte 0x00, 0xff, 0x00, 0x00, 0x00, 0x00, 0x00, 0x0f, 0x0f, 0x00, 0x00, 0x00, 0x0f, 0x0f, 0x0f, 0x00, 0x00, 0x00, 0xf0, 0xff, 0x00, 0x00, 0x00, 0x00, 0x00, 0x00, 0x00, 0x00, 0x00, 0x00, 0x00, 0x00
.byte 0x00, 0x00, 0x00, 0x00
.global gUnknown_830F7E4
gUnknown_830F7E4:
.byte 0x00, 0x00, 0x00, 0x00, 0x00, 0x00, 0xf0, 0x0f, 0x00, 0xf0, 0x00, 0x00, 0x0f, 0xf0, 0x00, 0x0f, 0x00, 0x00, 0x0f, 0xf0, 0xf0, 0x00, 0x00, 0x00, 0xf0, 0x0f, 0x0f, 0x00
.byte 0x00, 0x00, 0x00, 0xf0, 0xf0, 0x0f, 0x00, 0x00, 0x00, 0x0f, 0x0f, 0xf0, 0x00, 0x00, 0xf0, 0x00, 0x0f, 0xf0, 0x00, 0x00, 0xf0, 0x00, 0xf0, 0x0f, 0x00, 0x00, 0x00, 0x00, 0x00, 0x00, 0x00, 0x00
.byte 0x00, 0x00, 0x00, 0x00, 0x00, 0x00, 0x00, 0x00, 0x00, 0x00, 0x00, 0x00
.global gUnknown_830F82C
gUnknown_830F82C:
.byte 0x00, 0x00, 0x00, 0x00, 0x00, 0x00, 0x00, 0xff, 0x00, 0x00, 0x00, 0x00, 0xf0, 0x00, 0x0f, 0x00, 0x00, 0x00, 0xf0, 0xf0
.byte 0x00, 0x00, 0x00, 0x00, 0x00, 0x0f, 0x00, 0x00, 0x00, 0x00, 0xf0, 0xf0, 0xf0, 0x00, 0x00, 0x00, 0x0f, 0x00, 0x0f, 0x00, 0x00, 0x00, 0x0f, 0xf0, 0xf0, 0x00, 0x00, 0x00, 0xf0, 0x0f, 0x00, 0x0f
.byte 0x00, 0x00, 0x00, 0x00, 0x00, 0x00, 0x00, 0x00, 0x00, 0x00, 0x00, 0x00, 0x00, 0x00, 0x00, 0x00, 0x00, 0x00, 0x00, 0x00
.global gUnknown_830F874
gUnknown_830F874:
.byte 0x00, 0x00, 0x00, 0x00, 0x00, 0x00, 0x0f, 0x00, 0x00, 0x00, 0x00, 0x00
.byte 0x0f, 0x00, 0x00, 0x00, 0x00, 0x00, 0x00, 0x00, 0x00, 0x00, 0x00, 0x00, 0x00, 0x00, 0x00, 0x00, 0x00, 0x00, 0x00, 0x00, 0x00, 0x00, 0x00, 0x00, 0x00, 0x00, 0x00, 0x00, 0x00, 0x00, 0x00, 0x00
.byte 0x00, 0x00, 0x00, 0x00, 0x00, 0x00, 0x00, 0x00, 0x00, 0x00, 0x00, 0x00, 0x00, 0x00, 0x00, 0x00, 0x00, 0x00, 0x00, 0x00, 0x00, 0x00, 0x00, 0x00, 0x00, 0x00, 0x00, 0x00
.global gUnknown_830F8BC
gUnknown_830F8BC:
.byte 0x00, 0x00, 0x00, 0x00
.byte 0x00, 0x00, 0x00, 0xf0, 0x00, 0x00, 0x00, 0x00, 0x00, 0x0f, 0x00, 0x00, 0x00, 0x00, 0x00, 0x0f, 0x00, 0x00, 0x00, 0x00, 0xf0, 0x00, 0x00, 0x00, 0x00, 0x00, 0xf0, 0x00, 0x00, 0x00, 0x00, 0x00
.byte 0xf0, 0x00, 0x00, 0x00, 0x00, 0x00, 0x00, 0x0f, 0x00, 0x00, 0x00, 0x00, 0x00, 0x0f, 0x00, 0x00, 0x00, 0x00, 0x00, 0xf0, 0x00, 0x00, 0x00, 0x00, 0x00, 0x00, 0x00, 0x00, 0x00, 0x00, 0x00, 0x00
.byte 0x00, 0x00, 0x00, 0x00
.global gUnknown_830F904
gUnknown_830F904:
.byte 0x00, 0x00, 0x00, 0x00, 0x00, 0x00, 0xf0, 0x00, 0x00, 0x00, 0x00, 0x00, 0x00, 0x0f, 0x00, 0x00, 0x00, 0x00, 0x00, 0x0f, 0x00, 0x00, 0x00, 0x00, 0x00, 0xf0, 0x00, 0x00
.byte 0x00, 0x00, 0x00, 0xf0, 0x00, 0x00, 0x00, 0x00, 0x00, 0xf0, 0x00, 0x00, 0x00, 0x00, 0x00, 0x0f, 0x00, 0x00, 0x00, 0x00, 0x00, 0x0f, 0x00, 0x00, 0x00, 0x00, 0xf0, 0x00, 0x00, 0x00, 0x00, 0x00
.byte 0x00, 0x00, 0x00, 0x00, 0x00, 0x00, 0x00, 0x00, 0x00, 0x00, 0x00, 0x00
.global gUnknown_830F94C
gUnknown_830F94C:
.byte 0x00, 0x00, 0x00, 0x00, 0x00, 0x00, 0xf0, 0xf0, 0x00, 0x00, 0x00, 0x00, 0x00, 0x0f, 0x00, 0x00, 0x00, 0x00, 0xff, 0xff
.byte 0x0f, 0x00, 0x00, 0x00, 0x00, 0x0f, 0x00, 0x00, 0x00, 0x00, 0xf0, 0xf0, 0x00, 0x00, 0x00, 0x00, 0x00, 0x00, 0x00, 0x00, 0x00, 0x00, 0x00, 0x00, 0x00, 0x00, 0x00, 0x00, 0x00, 0x00, 0x00, 0x00
.byte 0x00, 0x00, 0x00, 0x00, 0x00, 0x00, 0x00, 0x00, 0x00, 0x00, 0x00, 0x00, 0x00, 0x00, 0x00, 0x00, 0x00, 0x00, 0x00, 0x00
.global gUnknown_830F994
gUnknown_830F994:
.byte 0x00, 0x00, 0x00, 0x00, 0x00, 0x00, 0x00, 0x00, 0x00, 0x00, 0x00, 0x00
.byte 0x00, 0x00, 0x00, 0x00, 0x00, 0x00, 0x00, 0x0f, 0x00, 0x00, 0x00, 0x00, 0x00, 0x0f, 0x00, 0x00, 0x00, 0x00, 0xff, 0xff, 0x0f, 0x00, 0x00, 0x00, 0x00, 0x0f, 0x00, 0x00, 0x00, 0x00, 0x00, 0x0f
.byte 0x00, 0x00, 0x00, 0x00, 0x00, 0x00, 0x00, 0x00, 0x00, 0x00, 0x00, 0x00, 0x00, 0x00, 0x00, 0x00, 0x00, 0x00, 0x00, 0x00, 0x00, 0x00, 0x00, 0x00, 0x00, 0x00, 0x00, 0x00
.global gUnknown_830F9DC
gUnknown_830F9DC:
.byte 0x00, 0x00, 0x00, 0x00
.byte 0x00, 0x00, 0x00, 0x00, 0x00, 0x00, 0x00, 0x00, 0x00, 0x00, 0x00, 0x00, 0x00, 0x00, 0x00, 0x00, 0x00, 0x00, 0x00, 0x00, 0x00, 0x00, 0x00, 0x00, 0x00, 0x00, 0x00, 0x00, 0x00, 0x00, 0x00, 0x00
.byte 0x00, 0x00, 0x00, 0x00, 0x00, 0x00, 0xf0, 0x00, 0x00, 0x00, 0x00, 0x00, 0xf0, 0x00, 0x00, 0x00, 0x00, 0x00, 0x0f, 0x00, 0x00, 0x00, 0x00, 0x00, 0x00, 0x00, 0x00, 0x00, 0x00, 0x00, 0x00, 0x00
.byte 0x00, 0x00, 0x00, 0x00
.global gUnknown_830FA24
gUnknown_830FA24:
.byte 0x00, 0x00, 0x00, 0x00, 0x00, 0x00, 0x00, 0x00, 0x00, 0x00, 0x00, 0x00, 0x00, 0x00, 0x00, 0x00, 0x00, 0x00, 0x00, 0x00, 0x00, 0x00, 0x00, 0x00, 0x00, 0x00, 0x00, 0x00
.byte 0x00, 0x00, 0xff, 0xff, 0x00, 0x00, 0x00, 0x00, 0x00, 0x00, 0x00, 0x00, 0x00, 0x00, 0x00, 0x00, 0x00, 0x00, 0x00, 0x00, 0x00, 0x00, 0x00, 0x00, 0x00, 0x00, 0x00, 0x00, 0x00, 0x00, 0x00, 0x00
.byte 0x00, 0x00, 0x00, 0x00, 0x00, 0x00, 0x00, 0x00, 0x00, 0x00, 0x00, 0x00
.global gUnknown_830FA6C
gUnknown_830FA6C:
.byte 0x00, 0x00, 0x00, 0x00, 0x00, 0x00, 0x00, 0x00, 0x00, 0x00, 0x00, 0x00, 0x00, 0x00, 0x00, 0x00, 0x00, 0x00, 0x00, 0x00
.byte 0x00, 0x00, 0x00, 0x00, 0x00, 0x00, 0x00, 0x00, 0x00, 0x00, 0x00, 0x00, 0x00, 0x00, 0x00, 0x00, 0x00, 0x00, 0x00, 0x00, 0x00, 0x00, 0x00, 0x00, 0x00, 0x00, 0x00, 0x00, 0xf0, 0x00, 0x00, 0x00
.byte 0x00, 0x00, 0x00, 0x00, 0x00, 0x00, 0x00, 0x00, 0x00, 0x00, 0x00, 0x00, 0x00, 0x00, 0x00, 0x00, 0x00, 0x00, 0x00, 0x00
.global gUnknown_830FAB4
gUnknown_830FAB4:
.byte 0x00, 0x00, 0x00, 0x00, 0x00, 0x00, 0x00, 0xf0, 0x00, 0x00, 0x00, 0x00
.byte 0x00, 0xf0, 0x00, 0x00, 0x00, 0x00, 0x00, 0x0f, 0x00, 0x00, 0x00, 0x00, 0x00, 0x0f, 0x00, 0x00, 0x00, 0x00, 0xf0, 0x00, 0x00, 0x00, 0x00, 0x00, 0xf0, 0x00, 0x00, 0x00, 0x00, 0x00, 0x0f, 0x00
.byte 0x00, 0x00, 0x00, 0x00, 0x0f, 0x00, 0x00, 0x00, 0x00, 0x00, 0x00, 0x00, 0x00, 0x00, 0x00, 0x00, 0x00, 0x00, 0x00, 0x00, 0x00, 0x00, 0x00, 0x00, 0x00, 0x00, 0x00, 0x00
.global gUnknown_830FAFC
gUnknown_830FAFC:
.byte 0x00, 0x00, 0x00, 0x00
.byte 0x00, 0x00, 0xf0, 0xff, 0x00, 0x00, 0x00, 0x00, 0x0f, 0x00, 0x0f, 0x00, 0x00, 0x00, 0x0f, 0x00, 0x0f, 0x00, 0x00, 0x00, 0x0f, 0x00, 0x0f, 0x00, 0x00, 0x00, 0x0f, 0x00, 0x0f, 0x00, 0x00, 0x00
.byte 0x0f, 0x00, 0x0f, 0x00, 0x00, 0x00, 0x0f, 0x00, 0x0f, 0x00, 0x00, 0x00, 0xf0, 0xff, 0x00, 0x00, 0x00, 0x00, 0x00, 0x00, 0x00, 0x00, 0x00, 0x00, 0x00, 0x00, 0x00, 0x00, 0x00, 0x00, 0x00, 0x00
.byte 0x00, 0x00, 0x00, 0x00
.global gUnknown_830FB44
gUnknown_830FB44:
.byte 0x00, 0x00, 0x00, 0x00, 0x00, 0x00, 0x00, 0x0f, 0x00, 0x00, 0x00, 0x00, 0xf0, 0x0f, 0x00, 0x00, 0x00, 0x00, 0x00, 0x0f, 0x00, 0x00, 0x00, 0x00, 0x00, 0x0f, 0x00, 0x00
.byte 0x00, 0x00, 0x00, 0x0f, 0x00, 0x00, 0x00, 0x00, 0x00, 0x0f, 0x00, 0x00, 0x00, 0x00, 0x00, 0x0f, 0x00, 0x00, 0x00, 0x00, 0x00, 0x0f, 0x00, 0x00, 0x00, 0x00, 0x00, 0x00, 0x00, 0x00, 0x00, 0x00
.byte 0x00, 0x00, 0x00, 0x00, 0x00, 0x00, 0x00, 0x00, 0x00, 0x00, 0x00, 0x00
.global gUnknown_830FB8C
gUnknown_830FB8C:
.byte 0x00, 0x00, 0x00, 0x00, 0x00, 0x00, 0xf0, 0xff, 0x00, 0x00, 0x00, 0x00, 0x0f, 0x00, 0x0f, 0x00, 0x00, 0x00, 0x00, 0x00
.byte 0x0f, 0x00, 0x00, 0x00, 0x00, 0xf0, 0x00, 0x00, 0x00, 0x00, 0x00, 0x0f, 0x00, 0x00, 0x00, 0x00, 0xf0, 0x00, 0x00, 0x00, 0x00, 0x00, 0x0f, 0x00, 0x00, 0x00, 0x00, 0x00, 0xff, 0xff, 0x0f, 0x00
.byte 0x00, 0x00, 0x00, 0x00, 0x00, 0x00, 0x00, 0x00, 0x00, 0x00, 0x00, 0x00, 0x00, 0x00, 0x00, 0x00, 0x00, 0x00, 0x00, 0x00
.global gUnknown_830FBD4
gUnknown_830FBD4:
.byte 0x00, 0x00, 0x00, 0x00, 0x00, 0x00, 0xff, 0xff, 0x0f, 0x00, 0x00, 0x00
.byte 0x00, 0xf0, 0x00, 0x00, 0x00, 0x00, 0x00, 0x0f, 0x00, 0x00, 0x00, 0x00, 0xf0, 0xff, 0x00, 0x00, 0x00, 0x00, 0x00, 0x00, 0x0f, 0x00, 0x00, 0x00, 0x00, 0x00, 0x0f, 0x00, 0x00, 0x00, 0x0f, 0x00
.byte 0x0f, 0x00, 0x00, 0x00, 0xf0, 0xff, 0x00, 0x00, 0x00, 0x00, 0x00, 0x00, 0x00, 0x00, 0x00, 0x00, 0x00, 0x00, 0x00, 0x00, 0x00, 0x00, 0x00, 0x00, 0x00, 0x00, 0x00, 0x00
.global gUnknown_830FC1C
gUnknown_830FC1C:
.byte 0x00, 0x00, 0x00, 0x00
.byte 0x00, 0x00, 0x00, 0xf0, 0x00, 0x00, 0x00, 0x00, 0x00, 0xff, 0x00, 0x00, 0x00, 0x00, 0xf0, 0xf0, 0x00, 0x00, 0x00, 0x00, 0x0f, 0xf0, 0x00, 0x00, 0x00, 0x00, 0x0f, 0xf0, 0x00, 0x00, 0x00, 0x00
.byte 0xff, 0xff, 0x0f, 0x00, 0x00, 0x00, 0x00, 0xf0, 0x00, 0x00, 0x00, 0x00, 0x00, 0xf0, 0x00, 0x00, 0x00, 0x00, 0x00, 0x00, 0x00, 0x00, 0x00, 0x00, 0x00, 0x00, 0x00, 0x00, 0x00, 0x00, 0x00, 0x00
.byte 0x00, 0x00, 0x00, 0x00
.global gUnknown_830FC64
gUnknown_830FC64:
.byte 0x00, 0x00, 0x00, 0x00, 0x00, 0x00, 0xff, 0xff, 0x0f, 0x00, 0x00, 0x00, 0x0f, 0x00, 0x00, 0x00, 0x00, 0x00, 0x0f, 0x00, 0x00, 0x00, 0x00, 0x00, 0xff, 0xff, 0x00, 0x00
.byte 0x00, 0x00, 0x00, 0x00, 0x0f, 0x00, 0x00, 0x00, 0x00, 0x00, 0x0f, 0x00, 0x00, 0x00, 0x0f, 0x00, 0x0f, 0x00, 0x00, 0x00, 0xf0, 0xff, 0x00, 0x00, 0x00, 0x00, 0x00, 0x00, 0x00, 0x00, 0x00, 0x00
.byte 0x00, 0x00, 0x00, 0x00, 0x00, 0x00, 0x00, 0x00, 0x00, 0x00, 0x00, 0x00
.global gUnknown_830FCAC
gUnknown_830FCAC:
.byte 0x00, 0x00, 0x00, 0x00, 0x00, 0x00, 0x00, 0xff, 0x00, 0x00, 0x00, 0x00, 0xf0, 0x00, 0x00, 0x00, 0x00, 0x00, 0x0f, 0x00
.byte 0x00, 0x00, 0x00, 0x00, 0xff, 0xff, 0x00, 0x00, 0x00, 0x00, 0x0f, 0x00, 0x0f, 0x00, 0x00, 0x00, 0x0f, 0x00, 0x0f, 0x00, 0x00, 0x00, 0x0f, 0x00, 0x0f, 0x00, 0x00, 0x00, 0xf0, 0xff, 0x00, 0x00
.byte 0x00, 0x00, 0x00, 0x00, 0x00, 0x00, 0x00, 0x00, 0x00, 0x00, 0x00, 0x00, 0x00, 0x00, 0x00, 0x00, 0x00, 0x00, 0x00, 0x00
.global gUnknown_830FCF4
gUnknown_830FCF4:
.byte 0x00, 0x00, 0x00, 0x00, 0x00, 0x00, 0xff, 0xff, 0x0f, 0x00, 0x00, 0x00
.byte 0x00, 0x00, 0x0f, 0x00, 0x00, 0x00, 0x00, 0x00, 0x0f, 0x00, 0x00, 0x00, 0x00, 0xf0, 0x00, 0x00, 0x00, 0x00, 0x00, 0xf0, 0x00, 0x00, 0x00, 0x00, 0x00, 0x0f, 0x00, 0x00, 0x00, 0x00, 0x00, 0x0f
.byte 0x00, 0x00, 0x00, 0x00, 0x00, 0x0f, 0x00, 0x00, 0x00, 0x00, 0x00, 0x00, 0x00, 0x00, 0x00, 0x00, 0x00, 0x00, 0x00, 0x00, 0x00, 0x00, 0x00, 0x00, 0x00, 0x00, 0x00, 0x00
.global gUnknown_830FD3C
gUnknown_830FD3C:
.byte 0x00, 0x00, 0x00, 0x00
.byte 0x00, 0x00, 0xf0, 0xff, 0x00, 0x00, 0x00, 0x00, 0x0f, 0x00, 0x0f, 0x00, 0x00, 0x00, 0x0f, 0x00, 0x0f, 0x00, 0x00, 0x00, 0xf0, 0xff, 0x00, 0x00, 0x00, 0x00, 0x0f, 0x00, 0x0f, 0x00, 0x00, 0x00
.byte 0x0f, 0x00, 0x0f, 0x00, 0x00, 0x00, 0x0f, 0x00, 0x0f, 0x00, 0x00, 0x00, 0xf0, 0xff, 0x00, 0x00, 0x00, 0x00, 0x00, 0x00, 0x00, 0x00, 0x00, 0x00, 0x00, 0x00, 0x00, 0x00, 0x00, 0x00, 0x00, 0x00
.byte 0x00, 0x00, 0x00, 0x00
.global gUnknown_830FD84
gUnknown_830FD84:
.byte 0x00, 0x00, 0x00, 0x00, 0x00, 0x00, 0xf0, 0xff, 0x00, 0x00, 0x00, 0x00, 0x0f, 0x00, 0x0f, 0x00, 0x00, 0x00, 0x0f, 0x00, 0x0f, 0x00, 0x00, 0x00, 0x0f, 0x00, 0x0f, 0x00
.byte 0x00, 0x00, 0xf0, 0xff, 0x0f, 0x00, 0x00, 0x00, 0x00, 0x00, 0x0f, 0x00, 0x00, 0x00, 0x00, 0xf0, 0x00, 0x00, 0x00, 0x00, 0xf0, 0x0f, 0x00, 0x00, 0x00, 0x00, 0x00, 0x00, 0x00, 0x00, 0x00, 0x00
.byte 0x00, 0x00, 0x00, 0x00, 0x00, 0x00, 0x00, 0x00, 0x00, 0x00, 0x00, 0x00
.global gUnknown_830FDCC
gUnknown_830FDCC:
.byte 0x00, 0x00, 0x00, 0x00, 0x00, 0x00, 0x00, 0x00, 0x00, 0x00, 0x00, 0x00, 0x00, 0x00, 0x00, 0x00, 0x00, 0x00, 0x00, 0x00
.byte 0x00, 0x00, 0x00, 0x00, 0xf0, 0x00, 0x00, 0x00, 0x00, 0x00, 0x00, 0x00, 0x00, 0x00, 0x00, 0x00, 0x00, 0x00, 0x00, 0x00, 0x00, 0x00, 0x00, 0x00, 0x00, 0x00, 0x00, 0x00, 0xf0, 0x00, 0x00, 0x00
.byte 0x00, 0x00, 0x00, 0x00, 0x00, 0x00, 0x00, 0x00, 0x00, 0x00, 0x00, 0x00, 0x00, 0x00, 0x00, 0x00, 0x00, 0x00, 0x00, 0x00
.global gUnknown_830FE14
gUnknown_830FE14:
.byte 0x00, 0x00, 0x00, 0x00, 0x00, 0x00, 0x00, 0x00, 0x00, 0x00, 0x00, 0x00
.byte 0x00, 0x00, 0x00, 0x00, 0x00, 0x00, 0x00, 0x00, 0x00, 0x00, 0x00, 0x00, 0x00, 0x0f, 0x00, 0x00, 0x00, 0x00, 0x00, 0x00, 0x00, 0x00, 0x00, 0x00, 0x00, 0x00, 0x00, 0x00, 0x00, 0x00, 0x00, 0x00
.byte 0x00, 0x00, 0x00, 0x00, 0x00, 0x0f, 0x00, 0x00, 0x00, 0x00, 0x00, 0x0f, 0x00, 0x00, 0x00, 0x00, 0xf0, 0x00, 0x00, 0x00, 0x00, 0x00, 0x00, 0x00, 0x00, 0x00, 0x00, 0x00
.global gUnknown_830FE5C
gUnknown_830FE5C:
.byte 0x00, 0x00, 0x00, 0x00
.byte 0x00, 0x00, 0x00, 0x00, 0x00, 0x00, 0x00, 0x00, 0x00, 0x00, 0x00, 0x00, 0x00, 0x00, 0x00, 0x0f, 0x00, 0x00, 0x00, 0x00, 0xf0, 0x00, 0x00, 0x00, 0x00, 0x00, 0x0f, 0x00, 0x00, 0x00, 0x00, 0x00
.byte 0xf0, 0x00, 0x00, 0x00, 0x00, 0x00, 0x00, 0x0f, 0x00, 0x00, 0x00, 0x00, 0x00, 0x00, 0x00, 0x00, 0x00, 0x00, 0x00, 0x00, 0x00, 0x00, 0x00, 0x00, 0x00, 0x00, 0x00, 0x00, 0x00, 0x00, 0x00, 0x00
.byte 0x00, 0x00, 0x00, 0x00
.global gUnknown_830FEA4
gUnknown_830FEA4:
.byte 0x00, 0x00, 0x00, 0x00, 0x00, 0x00, 0x00, 0x00, 0x00, 0x00, 0x00, 0x00, 0x00, 0x00, 0x00, 0x00, 0x00, 0x00, 0x00, 0x00, 0x00, 0x00, 0x00, 0x00, 0xff, 0xff, 0x0f, 0x00
.byte 0x00, 0x00, 0x00, 0x00, 0x00, 0x00, 0x00, 0x00, 0xff, 0xff, 0x0f, 0x00, 0x00, 0x00, 0x00, 0x00, 0x00, 0x00, 0x00, 0x00, 0x00, 0x00, 0x00, 0x00, 0x00, 0x00, 0x00, 0x00, 0x00, 0x00, 0x00, 0x00
.byte 0x00, 0x00, 0x00, 0x00, 0x00, 0x00, 0x00, 0x00, 0x00, 0x00, 0x00, 0x00
.global gUnknown_830FEEC
gUnknown_830FEEC:
.byte 0x00, 0x00, 0x00, 0x00, 0x00, 0x00, 0x00, 0x00, 0x00, 0x00, 0x00, 0x00, 0x00, 0x00, 0x00, 0x00, 0x00, 0x00, 0x0f, 0x00
.byte 0x00, 0x00, 0x00, 0x00, 0xf0, 0x00, 0x00, 0x00, 0x00, 0x00, 0x00, 0x0f, 0x00, 0x00, 0x00, 0x00, 0xf0, 0x00, 0x00, 0x00, 0x00, 0x00, 0x0f, 0x00, 0x00, 0x00, 0x00, 0x00, 0x00, 0x00, 0x00, 0x00
.byte 0x00, 0x00, 0x00, 0x00, 0x00, 0x00, 0x00, 0x00, 0x00, 0x00, 0x00, 0x00, 0x00, 0x00, 0x00, 0x00, 0x00, 0x00, 0x00, 0x00
.global gUnknown_830FF34
gUnknown_830FF34:
.byte 0x00, 0x00, 0x00, 0x00, 0x00, 0x00, 0xf0, 0xff, 0x00, 0x00, 0x00, 0x00
.byte 0x0f, 0x00, 0x0f, 0x00, 0x00, 0x00, 0x00, 0x00, 0x0f, 0x00, 0x00, 0x00, 0x00, 0xf0, 0x00, 0x00, 0x00, 0x00, 0x00, 0x0f, 0x00, 0x00, 0x00, 0x00, 0x00, 0x0f, 0x00, 0x00, 0x00, 0x00, 0x00, 0x00
.byte 0x00, 0x00, 0x00, 0x00, 0x00, 0x0f, 0x00, 0x00, 0x00, 0x00, 0x00, 0x00, 0x00, 0x00, 0x00, 0x00, 0x00, 0x00, 0x00, 0x00, 0x00, 0x00, 0x00, 0x00, 0x00, 0x00, 0x00, 0x00
.global gUnknown_830FF7C
gUnknown_830FF7C:
.byte 0x00, 0x00, 0x00, 0x00
.byte 0x00, 0x00, 0x00, 0x00, 0x00, 0x00, 0x00, 0x00, 0x00, 0xf0, 0xff, 0x00, 0x00, 0x00, 0x00, 0x0f, 0x00, 0x0f, 0x00, 0x00, 0xf0, 0xf0, 0xff, 0xf0, 0x00, 0x00, 0xf0, 0xf0, 0xf0, 0xf0, 0x00, 0x00
.byte 0xf0, 0xf0, 0xff, 0x0f, 0x00, 0x00, 0x00, 0x0f, 0x00, 0x00, 0x00, 0x00, 0x00, 0xf0, 0x0f, 0x00, 0x00, 0x00, 0x00, 0x00, 0x00, 0x00, 0x00, 0x00, 0x00, 0x00, 0x00, 0x00, 0x00, 0x00, 0x00, 0x00
.byte 0x00, 0x00, 0x00, 0x00
.global gUnknown_830FFC4
gUnknown_830FFC4:
.byte 0x00, 0x00, 0x00, 0x00, 0x00, 0x00, 0x00, 0x0f, 0x00, 0x00, 0x00, 0x00, 0x00, 0x0f, 0x00, 0x00, 0x00, 0x00, 0xf0, 0xf0, 0x00, 0x00, 0x00, 0x00, 0xf0, 0xf0, 0x00, 0x00
.byte 0x00, 0x00, 0x0f, 0x00, 0x0f, 0x00, 0x00, 0x00, 0xff, 0xff, 0x0f, 0x00, 0x00, 0x00, 0x0f, 0x00, 0x0f, 0x00, 0x00, 0x00, 0x0f, 0x00, 0x0f, 0x00, 0x00, 0x00, 0x00, 0x00, 0x00, 0x00, 0x00, 0x00
.byte 0x00, 0x00, 0x00, 0x00, 0x00, 0x00, 0x00, 0x00, 0x00, 0x00, 0x00, 0x00
.global gUnknown_831000C
gUnknown_831000C:
.byte 0x00, 0x00, 0x00, 0x00, 0x00, 0x00, 0xff, 0xff, 0x00, 0x00, 0x00, 0x00, 0x0f, 0x00, 0x0f, 0x00, 0x00, 0x00, 0x0f, 0x00
.byte 0x0f, 0x00, 0x00, 0x00, 0xff, 0xff, 0x00, 0x00, 0x00, 0x00, 0x0f, 0x00, 0x0f, 0x00, 0x00, 0x00, 0x0f, 0x00, 0x0f, 0x00, 0x00, 0x00, 0x0f, 0x00, 0x0f, 0x00, 0x00, 0x00, 0xff, 0xff, 0x00, 0x00
.byte 0x00, 0x00, 0x00, 0x00, 0x00, 0x00, 0x00, 0x00, 0x00, 0x00, 0x00, 0x00, 0x00, 0x00, 0x00, 0x00, 0x00, 0x00, 0x00, 0x00
.global gUnknown_8310054
gUnknown_8310054:
.byte 0x00, 0x00, 0x00, 0x00, 0x00, 0x00, 0xf0, 0xff, 0x00, 0x00, 0x00, 0x00
.byte 0x0f, 0x00, 0x0f, 0x00, 0x00, 0x00, 0x0f, 0x00, 0x00, 0x00, 0x00, 0x00, 0x0f, 0x00, 0x00, 0x00, 0x00, 0x00, 0x0f, 0x00, 0x00, 0x00, 0x00, 0x00, 0x0f, 0x00, 0x00, 0x00, 0x00, 0x00, 0x0f, 0x00
.byte 0x0f, 0x00, 0x00, 0x00, 0xf0, 0xff, 0x00, 0x00, 0x00, 0x00, 0x00, 0x00, 0x00, 0x00, 0x00, 0x00, 0x00, 0x00, 0x00, 0x00, 0x00, 0x00, 0x00, 0x00, 0x00, 0x00, 0x00, 0x00
.global gUnknown_831009C
gUnknown_831009C:
.byte 0x00, 0x00, 0x00, 0x00
.byte 0x00, 0x00, 0xff, 0x0f, 0x00, 0x00, 0x00, 0x00, 0x0f, 0xf0, 0x00, 0x00, 0x00, 0x00, 0x0f, 0x00, 0x0f, 0x00, 0x00, 0x00, 0x0f, 0x00, 0x0f, 0x00, 0x00, 0x00, 0x0f, 0x00, 0x0f, 0x00, 0x00, 0x00
.byte 0x0f, 0x00, 0x0f, 0x00, 0x00, 0x00, 0x0f, 0xf0, 0x00, 0x00, 0x00, 0x00, 0xff, 0x0f, 0x00, 0x00, 0x00, 0x00, 0x00, 0x00, 0x00, 0x00, 0x00, 0x00, 0x00, 0x00, 0x00, 0x00, 0x00, 0x00, 0x00, 0x00
.byte 0x00, 0x00, 0x00, 0x00
.global gUnknown_83100E4
gUnknown_83100E4:
.byte 0x00, 0x00, 0x00, 0x00, 0x00, 0x00, 0xff, 0xff, 0x00, 0x00, 0x00, 0x00, 0x0f, 0x00, 0x00, 0x00, 0x00, 0x00, 0x0f, 0x00, 0x00, 0x00, 0x00, 0x00, 0xff, 0x0f, 0x00, 0x00
.byte 0x00, 0x00, 0x0f, 0x00, 0x00, 0x00, 0x00, 0x00, 0x0f, 0x00, 0x00, 0x00, 0x00, 0x00, 0x0f, 0x00, 0x00, 0x00, 0x00, 0x00, 0xff, 0xff, 0x00, 0x00, 0x00, 0x00, 0x00, 0x00, 0x00, 0x00, 0x00, 0x00
.byte 0x00, 0x00, 0x00, 0x00, 0x00, 0x00, 0x00, 0x00, 0x00, 0x00, 0x00, 0x00
.global gUnknown_831012C
gUnknown_831012C:
.byte 0x00, 0x00, 0x00, 0x00, 0x00, 0x00, 0xff, 0xff, 0x00, 0x00, 0x00, 0x00, 0x0f, 0x00, 0x00, 0x00, 0x00, 0x00, 0x0f, 0x00
.byte 0x00, 0x00, 0x00, 0x00, 0xff, 0x0f, 0x00, 0x00, 0x00, 0x00, 0x0f, 0x00, 0x00, 0x00, 0x00, 0x00, 0x0f, 0x00, 0x00, 0x00, 0x00, 0x00, 0x0f, 0x00, 0x00, 0x00, 0x00, 0x00, 0x0f, 0x00, 0x00, 0x00
.byte 0x00, 0x00, 0x00, 0x00, 0x00, 0x00, 0x00, 0x00, 0x00, 0x00, 0x00, 0x00, 0x00, 0x00, 0x00, 0x00, 0x00, 0x00, 0x00, 0x00
.global gUnknown_8310174
gUnknown_8310174:
.byte 0x00, 0x00, 0x00, 0x00, 0x00, 0x00, 0xf0, 0xff, 0x00, 0x00, 0x00, 0x00
.byte 0x0f, 0x00, 0x0f, 0x00, 0x00, 0x00, 0x0f, 0x00, 0x00, 0x00, 0x00, 0x00, 0x0f, 0x00, 0x00, 0x00, 0x00, 0x00, 0x0f, 0xf0, 0x0f, 0x00, 0x00, 0x00, 0x0f, 0x00, 0x0f, 0x00, 0x00, 0x00, 0x0f, 0x00
.byte 0x0f, 0x00, 0x00, 0x00, 0xf0, 0xff, 0x00, 0x00, 0x00, 0x00, 0x00, 0x00, 0x00, 0x00, 0x00, 0x00, 0x00, 0x00, 0x00, 0x00, 0x00, 0x00, 0x00, 0x00, 0x00, 0x00, 0x00, 0x00
.global gUnknown_83101BC
gUnknown_83101BC:
.byte 0x00, 0x00, 0x00, 0x00
.byte 0x00, 0x00, 0x0f, 0x00, 0x0f, 0x00, 0x00, 0x00, 0x0f, 0x00, 0x0f, 0x00, 0x00, 0x00, 0x0f, 0x00, 0x0f, 0x00, 0x00, 0x00, 0xff, 0xff, 0x0f, 0x00, 0x00, 0x00, 0x0f, 0x00, 0x0f, 0x00, 0x00, 0x00
.byte 0x0f, 0x00, 0x0f, 0x00, 0x00, 0x00, 0x0f, 0x00, 0x0f, 0x00, 0x00, 0x00, 0x0f, 0x00, 0x0f, 0x00, 0x00, 0x00, 0x00, 0x00, 0x00, 0x00, 0x00, 0x00, 0x00, 0x00, 0x00, 0x00, 0x00, 0x00, 0x00, 0x00
.byte 0x00, 0x00, 0x00, 0x00
.global gUnknown_8310204
gUnknown_8310204:
.byte 0x00, 0x00, 0x00, 0x00, 0x00, 0x00, 0xff, 0x0f, 0x00, 0x00, 0x00, 0x00, 0xf0, 0x00, 0x00, 0x00, 0x00, 0x00, 0xf0, 0x00, 0x00, 0x00, 0x00, 0x00, 0xf0, 0x00, 0x00, 0x00
.byte 0x00, 0x00, 0xf0, 0x00, 0x00, 0x00, 0x00, 0x00, 0xf0, 0x00, 0x00, 0x00, 0x00, 0x00, 0xf0, 0x00, 0x00, 0x00, 0x00, 0x00, 0xff, 0x0f, 0x00, 0x00, 0x00, 0x00, 0x00, 0x00, 0x00, 0x00, 0x00, 0x00
.byte 0x00, 0x00, 0x00, 0x00, 0x00, 0x00, 0x00, 0x00, 0x00, 0x00, 0x00, 0x00
.global gUnknown_831024C
gUnknown_831024C:
.byte 0x00, 0x00, 0x00, 0x00, 0x00, 0x00, 0x00, 0x00, 0x0f, 0x00, 0x00, 0x00, 0x00, 0x00, 0x0f, 0x00, 0x00, 0x00, 0x00, 0x00
.byte 0x0f, 0x00, 0x00, 0x00, 0x00, 0x00, 0x0f, 0x00, 0x00, 0x00, 0x00, 0x00, 0x0f, 0x00, 0x00, 0x00, 0x0f, 0x00, 0x0f, 0x00, 0x00, 0x00, 0x0f, 0x00, 0x0f, 0x00, 0x00, 0x00, 0xf0, 0xff, 0x00, 0x00
.byte 0x00, 0x00, 0x00, 0x00, 0x00, 0x00, 0x00, 0x00, 0x00, 0x00, 0x00, 0x00, 0x00, 0x00, 0x00, 0x00, 0x00, 0x00, 0x00, 0x00
.global gUnknown_8310294
gUnknown_8310294:
.byte 0x00, 0x00, 0x00, 0x00, 0x00, 0x00, 0x0f, 0x00, 0x0f, 0x00, 0x00, 0x00
.byte 0x0f, 0xf0, 0x00, 0x00, 0x00, 0x00, 0x0f, 0x0f, 0x00, 0x00, 0x00, 0x00, 0xff, 0x00, 0x00, 0x00, 0x00, 0x00, 0xff, 0x00, 0x00, 0x00, 0x00, 0x00, 0x0f, 0x0f, 0x00, 0x00, 0x00, 0x00, 0x0f, 0xf0
.byte 0x00, 0x00, 0x00, 0x00, 0x0f, 0x00, 0x0f, 0x00, 0x00, 0x00, 0x00, 0x00, 0x00, 0x00, 0x00, 0x00, 0x00, 0x00, 0x00, 0x00, 0x00, 0x00, 0x00, 0x00, 0x00, 0x00, 0x00, 0x00
.global gUnknown_83102DC
gUnknown_83102DC:
.byte 0x00, 0x00, 0x00, 0x00
.byte 0x00, 0x00, 0x0f, 0x00, 0x00, 0x00, 0x00, 0x00, 0x0f, 0x00, 0x00, 0x00, 0x00, 0x00, 0x0f, 0x00, 0x00, 0x00, 0x00, 0x00, 0x0f, 0x00, 0x00, 0x00, 0x00, 0x00, 0x0f, 0x00, 0x00, 0x00, 0x00, 0x00
.byte 0x0f, 0x00, 0x00, 0x00, 0x00, 0x00, 0x0f, 0x00, 0x00, 0x00, 0x00, 0x00, 0xff, 0xff, 0x00, 0x00, 0x00, 0x00, 0x00, 0x00, 0x00, 0x00, 0x00, 0x00, 0x00, 0x00, 0x00, 0x00, 0x00, 0x00, 0x00, 0x00
.byte 0x00, 0x00, 0x00, 0x00
.global gUnknown_8310324
gUnknown_8310324:
.byte 0x00, 0x00, 0x00, 0x00, 0x00, 0x00, 0x0f, 0x00, 0x00, 0x0f, 0x00, 0x00, 0xff, 0x00, 0xf0, 0x0f, 0x00, 0x00, 0x0f, 0x0f, 0x0f, 0x0f, 0x00, 0x00, 0x0f, 0xf0, 0x00, 0x0f
.byte 0x00, 0x00, 0x0f, 0x00, 0x00, 0x0f, 0x00, 0x00, 0x0f, 0x00, 0x00, 0x0f, 0x00, 0x00, 0x0f, 0x00, 0x00, 0x0f, 0x00, 0x00, 0x0f, 0x00, 0x00, 0x0f, 0x00, 0x00, 0x00, 0x00, 0x00, 0x00, 0x00, 0x00
.byte 0x00, 0x00, 0x00, 0x00, 0x00, 0x00, 0x00, 0x00, 0x00, 0x00, 0x00, 0x00
.global gUnknown_831036C
gUnknown_831036C:
.byte 0x00, 0x00, 0x00, 0x00, 0x00, 0x00, 0x0f, 0x00, 0x0f, 0x00, 0x00, 0x00, 0xff, 0x00, 0x0f, 0x00, 0x00, 0x00, 0xff, 0x00
.byte 0x0f, 0x00, 0x00, 0x00, 0x0f, 0x0f, 0x0f, 0x00, 0x00, 0x00, 0x0f, 0x0f, 0x0f, 0x00, 0x00, 0x00, 0x0f, 0xf0, 0x0f, 0x00, 0x00, 0x00, 0x0f, 0xf0, 0x0f, 0x00, 0x00, 0x00, 0x0f, 0x00, 0x0f, 0x00
.byte 0x00, 0x00, 0x00, 0x00, 0x00, 0x00, 0x00, 0x00, 0x00, 0x00, 0x00, 0x00, 0x00, 0x00, 0x00, 0x00, 0x00, 0x00, 0x00, 0x00
.global gUnknown_83103B4
gUnknown_83103B4:
.byte 0x00, 0x00, 0x00, 0x00, 0x00, 0x00, 0xf0, 0xff, 0x00, 0x00, 0x00, 0x00
.byte 0x0f, 0x00, 0x0f, 0x00, 0x00, 0x00, 0x0f, 0x00, 0x0f, 0x00, 0x00, 0x00, 0x0f, 0x00, 0x0f, 0x00, 0x00, 0x00, 0x0f, 0x00, 0x0f, 0x00, 0x00, 0x00, 0x0f, 0x00, 0x0f, 0x00, 0x00, 0x00, 0x0f, 0x00
.byte 0x0f, 0x00, 0x00, 0x00, 0xf0, 0xff, 0x00, 0x00, 0x00, 0x00, 0x00, 0x00, 0x00, 0x00, 0x00, 0x00, 0x00, 0x00, 0x00, 0x00, 0x00, 0x00, 0x00, 0x00, 0x00, 0x00, 0x00, 0x00
.global gUnknown_83103FC
gUnknown_83103FC:
.byte 0x00, 0x00, 0x00, 0x00
.byte 0x00, 0x00, 0xff, 0xff, 0x00, 0x00, 0x00, 0x00, 0x0f, 0x00, 0x0f, 0x00, 0x00, 0x00, 0x0f, 0x00, 0x0f, 0x00, 0x00, 0x00, 0x0f, 0x00, 0x0f, 0x00, 0x00, 0x00, 0xff, 0xff, 0x00, 0x00, 0x00, 0x00
.byte 0x0f, 0x00, 0x00, 0x00, 0x00, 0x00, 0x0f, 0x00, 0x00, 0x00, 0x00, 0x00, 0x0f, 0x00, 0x00, 0x00, 0x00, 0x00, 0x00, 0x00, 0x00, 0x00, 0x00, 0x00, 0x00, 0x00, 0x00, 0x00, 0x00, 0x00, 0x00, 0x00
.byte 0x00, 0x00, 0x00, 0x00
.global gUnknown_8310444
gUnknown_8310444:
.byte 0x00, 0x00, 0x00, 0x00, 0x00, 0x00, 0xf0, 0xff, 0x00, 0x00, 0x00, 0x00, 0x0f, 0x00, 0x0f, 0x00, 0x00, 0x00, 0x0f, 0x00, 0x0f, 0x00, 0x00, 0x00, 0x0f, 0x00, 0x0f, 0x00
.byte 0x00, 0x00, 0x0f, 0x00, 0x0f, 0x00, 0x00, 0x00, 0x0f, 0x00, 0x0f, 0x00, 0x00, 0x00, 0x0f, 0x0f, 0x0f, 0x00, 0x00, 0x00, 0xf0, 0xff, 0x00, 0x00, 0x00, 0x00, 0x00, 0x00, 0x0f, 0x00, 0x00, 0x00
.byte 0x00, 0x00, 0x00, 0x00, 0x00, 0x00, 0x00, 0x00, 0x00, 0x00, 0x00, 0x00
.global gUnknown_831048C
gUnknown_831048C:
.byte 0x00, 0x00, 0x00, 0x00, 0x00, 0x00, 0xff, 0xff, 0x00, 0x00, 0x00, 0x00, 0x0f, 0x00, 0x0f, 0x00, 0x00, 0x00, 0x0f, 0x00
.byte 0x0f, 0x00, 0x00, 0x00, 0x0f, 0x00, 0x0f, 0x00, 0x00, 0x00, 0xff, 0xff, 0x00, 0x00, 0x00, 0x00, 0x0f, 0x0f, 0x00, 0x00, 0x00, 0x00, 0x0f, 0xf0, 0x00, 0x00, 0x00, 0x00, 0x0f, 0x00, 0x0f, 0x00
.byte 0x00, 0x00, 0x00, 0x00, 0x00, 0x00, 0x00, 0x00, 0x00, 0x00, 0x00, 0x00, 0x00, 0x00, 0x00, 0x00, 0x00, 0x00, 0x00, 0x00
.global gUnknown_83104D4
gUnknown_83104D4:
.byte 0x00, 0x00, 0x00, 0x00, 0x00, 0x00, 0xf0, 0xff, 0x00, 0x00, 0x00, 0x00
.byte 0x0f, 0x00, 0x0f, 0x00, 0x00, 0x00, 0x0f, 0x00, 0x00, 0x00, 0x00, 0x00, 0xf0, 0xff, 0x00, 0x00, 0x00, 0x00, 0x00, 0x00, 0x0f, 0x00, 0x00, 0x00, 0x00, 0x00, 0x0f, 0x00, 0x00, 0x00, 0x0f, 0x00
.byte 0x0f, 0x00, 0x00, 0x00, 0xf0, 0xff, 0x00, 0x00, 0x00, 0x00, 0x00, 0x00, 0x00, 0x00, 0x00, 0x00, 0x00, 0x00, 0x00, 0x00, 0x00, 0x00, 0x00, 0x00, 0x00, 0x00, 0x00, 0x00
.global gUnknown_831051C
gUnknown_831051C:
.byte 0x00, 0x00, 0x00, 0x00
.byte 0x00, 0x00, 0xff, 0xff, 0x0f, 0x00, 0x00, 0x00, 0x00, 0x0f, 0x00, 0x00, 0x00, 0x00, 0x00, 0x0f, 0x00, 0x00, 0x00, 0x00, 0x00, 0x0f, 0x00, 0x00, 0x00, 0x00, 0x00, 0x0f, 0x00, 0x00, 0x00, 0x00
.byte 0x00, 0x0f, 0x00, 0x00, 0x00, 0x00, 0x00, 0x0f, 0x00, 0x00, 0x00, 0x00, 0x00, 0x0f, 0x00, 0x00, 0x00, 0x00, 0x00, 0x00, 0x00, 0x00, 0x00, 0x00, 0x00, 0x00, 0x00, 0x00, 0x00, 0x00, 0x00, 0x00
.byte 0x00, 0x00, 0x00, 0x00
.global gUnknown_8310564
gUnknown_8310564:
.byte 0x00, 0x00, 0x00, 0x00, 0x00, 0x00, 0x0f, 0x00, 0x0f, 0x00, 0x00, 0x00, 0x0f, 0x00, 0x0f, 0x00, 0x00, 0x00, 0x0f, 0x00, 0x0f, 0x00, 0x00, 0x00, 0x0f, 0x00, 0x0f, 0x00
.byte 0x00, 0x00, 0x0f, 0x00, 0x0f, 0x00, 0x00, 0x00, 0x0f, 0x00, 0x0f, 0x00, 0x00, 0x00, 0x0f, 0x00, 0x0f, 0x00, 0x00, 0x00, 0xf0, 0xff, 0x00, 0x00, 0x00, 0x00, 0x00, 0x00, 0x00, 0x00, 0x00, 0x00
.byte 0x00, 0x00, 0x00, 0x00, 0x00, 0x00, 0x00, 0x00, 0x00, 0x00, 0x00, 0x00
.global gUnknown_83105AC
gUnknown_83105AC:
.byte 0x00, 0x00, 0x00, 0x00, 0x00, 0x00, 0x0f, 0x00, 0x0f, 0x00, 0x00, 0x00, 0x0f, 0x00, 0x0f, 0x00, 0x00, 0x00, 0xf0, 0xf0
.byte 0x00, 0x00, 0x00, 0x00, 0xf0, 0xf0, 0x00, 0x00, 0x00, 0x00, 0xf0, 0xf0, 0x00, 0x00, 0x00, 0x00, 0x00, 0x0f, 0x00, 0x00, 0x00, 0x00, 0x00, 0x0f, 0x00, 0x00, 0x00, 0x00, 0x00, 0x0f, 0x00, 0x00
.byte 0x00, 0x00, 0x00, 0x00, 0x00, 0x00, 0x00, 0x00, 0x00, 0x00, 0x00, 0x00, 0x00, 0x00, 0x00, 0x00, 0x00, 0x00, 0x00, 0x00
.global gUnknown_83105F4
gUnknown_83105F4:
.byte 0x00, 0x00, 0x00, 0x00, 0x00, 0x00, 0x0f, 0x00, 0x00, 0x00, 0x0f, 0x00
.byte 0x0f, 0x00, 0x0f, 0x00, 0x0f, 0x00, 0xf0, 0x00, 0x0f, 0xf0, 0x00, 0x00, 0xf0, 0xf0, 0xf0, 0xf0, 0x00, 0x00, 0xf0, 0xf0, 0xf0, 0xf0, 0x00, 0x00, 0x00, 0x0f, 0x00, 0x0f, 0x00, 0x00, 0x00, 0x0f
.byte 0x00, 0x0f, 0x00, 0x00, 0x00, 0x0f, 0x00, 0x0f, 0x00, 0x00, 0x00, 0x00, 0x00, 0x00, 0x00, 0x00, 0x00, 0x00, 0x00, 0x00, 0x00, 0x00, 0x00, 0x00, 0x00, 0x00, 0x00, 0x00
.global gUnknown_831063C
gUnknown_831063C:
.byte 0x00, 0x00, 0x00, 0x00
.byte 0x00, 0x00, 0x0f, 0x00, 0x0f, 0x00, 0x00, 0x00, 0x0f, 0x00, 0x0f, 0x00, 0x00, 0x00, 0xf0, 0xf0, 0x00, 0x00, 0x00, 0x00, 0x00, 0x0f, 0x00, 0x00, 0x00, 0x00, 0x00, 0x0f, 0x00, 0x00, 0x00, 0x00
.byte 0xf0, 0xf0, 0x00, 0x00, 0x00, 0x00, 0x0f, 0x00, 0x0f, 0x00, 0x00, 0x00, 0x0f, 0x00, 0x0f, 0x00, 0x00, 0x00, 0x00, 0x00, 0x00, 0x00, 0x00, 0x00, 0x00, 0x00, 0x00, 0x00, 0x00, 0x00, 0x00, 0x00
.byte 0x00, 0x00, 0x00, 0x00
.global gUnknown_8310684
gUnknown_8310684:
.byte 0x00, 0x00, 0x00, 0x00, 0x00, 0x00, 0x0f, 0x00, 0x0f, 0x00, 0x00, 0x00, 0x0f, 0x00, 0x0f, 0x00, 0x00, 0x00, 0xf0, 0xf0, 0x00, 0x00, 0x00, 0x00, 0xf0, 0xf0, 0x00, 0x00
.byte 0x00, 0x00, 0x00, 0x0f, 0x00, 0x00, 0x00, 0x00, 0x00, 0x0f, 0x00, 0x00, 0x00, 0x00, 0x00, 0x0f, 0x00, 0x00, 0x00, 0x00, 0x00, 0x0f, 0x00, 0x00, 0x00, 0x00, 0x00, 0x00, 0x00, 0x00, 0x00, 0x00
.byte 0x00, 0x00, 0x00, 0x00, 0x00, 0x00, 0x00, 0x00, 0x00, 0x00, 0x00, 0x00
.global gUnknown_83106CC
gUnknown_83106CC:
.byte 0x00, 0x00, 0x00, 0x00, 0x00, 0x00, 0xff, 0xff, 0x0f, 0x00, 0x00, 0x00, 0x00, 0x00, 0x0f, 0x00, 0x00, 0x00, 0x00, 0xf0
.byte 0x00, 0x00, 0x00, 0x00, 0x00, 0x0f, 0x00, 0x00, 0x00, 0x00, 0x00, 0x0f, 0x00, 0x00, 0x00, 0x00, 0xf0, 0x00, 0x00, 0x00, 0x00, 0x00, 0x0f, 0x00, 0x00, 0x00, 0x00, 0x00, 0xff, 0xff, 0x0f, 0x00
.byte 0x00, 0x00, 0x00, 0x00, 0x00, 0x00, 0x00, 0x00, 0x00, 0x00, 0x00, 0x00, 0x00, 0x00, 0x00, 0x00, 0x00, 0x00, 0x00, 0x00
.global gUnknown_8310714
gUnknown_8310714:
.byte 0x00, 0x00, 0x00, 0x00, 0x00, 0x00, 0xf0, 0x0f, 0x00, 0x00, 0x00, 0x00
.byte 0xf0, 0x00, 0x00, 0x00, 0x00, 0x00, 0xf0, 0x00, 0x00, 0x00, 0x00, 0x00, 0xf0, 0x00, 0x00, 0x00, 0x00, 0x00, 0xf0, 0x00, 0x00, 0x00, 0x00, 0x00, 0xf0, 0x00, 0x00, 0x00, 0x00, 0x00, 0xf0, 0x00
.byte 0x00, 0x00, 0x00, 0x00, 0xf0, 0x00, 0x00, 0x00, 0x00, 0x00, 0xf0, 0x0f, 0x00, 0x00, 0x00, 0x00, 0x00, 0x00, 0x00, 0x00, 0x00, 0x00, 0x00, 0x00, 0x00, 0x00, 0x00, 0x00
.global gUnknown_831075C
gUnknown_831075C:
.byte 0x00, 0x00, 0x00, 0x00
.byte 0x00, 0x00, 0x0f, 0x00, 0x00, 0x00, 0x00, 0x00, 0x0f, 0x00, 0x00, 0x00, 0x00, 0x00, 0xf0, 0x00, 0x00, 0x00, 0x00, 0x00, 0xf0, 0x00, 0x00, 0x00, 0x00, 0x00, 0x00, 0x0f, 0x00, 0x00, 0x00, 0x00
.byte 0x00, 0x0f, 0x00, 0x00, 0x00, 0x00, 0x00, 0xf0, 0x00, 0x00, 0x00, 0x00, 0x00, 0xf0, 0x00, 0x00, 0x00, 0x00, 0x00, 0x00, 0x00, 0x00, 0x00, 0x00, 0x00, 0x00, 0x00, 0x00, 0x00, 0x00, 0x00, 0x00
.byte 0x00, 0x00, 0x00, 0x00
.global gUnknown_83107A4
gUnknown_83107A4:
.byte 0x00, 0x00, 0x00, 0x00, 0x00, 0x00, 0xf0, 0x0f, 0x00, 0x00, 0x00, 0x00, 0x00, 0x0f, 0x00, 0x00, 0x00, 0x00, 0x00, 0x0f, 0x00, 0x00, 0x00, 0x00, 0x00, 0x0f, 0x00, 0x00
.byte 0x00, 0x00, 0x00, 0x0f, 0x00, 0x00, 0x00, 0x00, 0x00, 0x0f, 0x00, 0x00, 0x00, 0x00, 0x00, 0x0f, 0x00, 0x00, 0x00, 0x00, 0x00, 0x0f, 0x00, 0x00, 0x00, 0x00, 0xf0, 0x0f, 0x00, 0x00, 0x00, 0x00
.byte 0x00, 0x00, 0x00, 0x00, 0x00, 0x00, 0x00, 0x00, 0x00, 0x00, 0x00, 0x00
.global gUnknown_83107EC
gUnknown_83107EC:
.byte 0x00, 0x00, 0x00, 0x00, 0x00, 0x00, 0xf0, 0x00, 0x00, 0x00, 0x00, 0x00, 0x0f, 0x0f, 0x00, 0x00, 0x00, 0x00, 0x00, 0x00
.byte 0x00, 0x00, 0x00, 0x00, 0x00, 0x00, 0x00, 0x00, 0x00, 0x00, 0x00, 0x00, 0x00, 0x00, 0x00, 0x00, 0x00, 0x00, 0x00, 0x00, 0x00, 0x00, 0x00, 0x00, 0x00, 0x00, 0x00, 0x00, 0x00, 0x00, 0x00, 0x00
.byte 0x00, 0x00, 0x00, 0x00, 0x00, 0x00, 0x00, 0x00, 0x00, 0x00, 0x00, 0x00, 0x00, 0x00, 0x00, 0x00, 0x00, 0x00, 0x00, 0x00
.global gUnknown_8310834
gUnknown_8310834:
.byte 0x00, 0x00, 0x00, 0x00, 0x00, 0x00, 0x00, 0x00, 0x00, 0x00, 0x00, 0x00
.byte 0x00, 0x00, 0x00, 0x00, 0x00, 0x00, 0x00, 0x00, 0x00, 0x00, 0x00, 0x00, 0x00, 0x00, 0x00, 0x00, 0x00, 0x00, 0x00, 0x00, 0x00, 0x00, 0x00, 0x00, 0x00, 0x00, 0x00, 0x00, 0x00, 0x00, 0x00, 0x00
.byte 0x00, 0x00, 0x00, 0x00, 0x00, 0x00, 0x00, 0x00, 0x00, 0x00, 0xff, 0xff, 0xff, 0x0f, 0x00, 0x00, 0x00, 0x00, 0x00, 0x00, 0x00, 0x00, 0x00, 0x00, 0x00, 0x00, 0x00, 0x00
.global gUnknown_831087C
gUnknown_831087C:
.byte 0x00, 0x00, 0x00, 0x00
.byte 0x00, 0x00, 0xf0, 0x00, 0x00, 0x00, 0x00, 0x00, 0x00, 0x0f, 0x00, 0x00, 0x00, 0x00, 0x00, 0x00, 0x00, 0x00, 0x00, 0x00, 0x00, 0x00, 0x00, 0x00, 0x00, 0x00, 0x00, 0x00, 0x00, 0x00, 0x00, 0x00
.byte 0x00, 0x00, 0x00, 0x00, 0x00, 0x00, 0x00, 0x00, 0x00, 0x00, 0x00, 0x00, 0x00, 0x00, 0x00, 0x00, 0x00, 0x00, 0x00, 0x00, 0x00, 0x00, 0x00, 0x00, 0x00, 0x00, 0x00, 0x00, 0x00, 0x00, 0x00, 0x00
.byte 0x00, 0x00, 0x00, 0x00
.global gUnknown_83108C4
gUnknown_83108C4:
.byte 0x00, 0x00, 0x00, 0x00, 0x00, 0x00, 0x00, 0x00, 0x00, 0x00, 0x00, 0x00, 0x00, 0x00, 0x00, 0x00, 0x00, 0x00, 0xf0, 0x0f, 0x00, 0x00, 0x00, 0x00, 0x0f, 0xf0, 0x00, 0x00
.byte 0x00, 0x00, 0xf0, 0xff, 0x00, 0x00, 0x00, 0x00, 0x0f, 0xf0, 0x00, 0x00, 0x00, 0x00, 0x0f, 0xf0, 0x00, 0x00, 0x00, 0x00, 0xf0, 0xff, 0x00, 0x00, 0x00, 0x00, 0x00, 0x00, 0x00, 0x00, 0x00, 0x00
.byte 0x00, 0x00, 0x00, 0x00, 0x00, 0x00, 0x00, 0x00, 0x00, 0x00, 0x00, 0x00
.global gUnknown_831090C
gUnknown_831090C:
.byte 0x00, 0x00, 0x00, 0x00, 0x00, 0x00, 0x0f, 0x00, 0x00, 0x00, 0x00, 0x00, 0x0f, 0x00, 0x00, 0x00, 0x00, 0x00, 0xff, 0x0f
.byte 0x00, 0x00, 0x00, 0x00, 0x0f, 0xf0, 0x00, 0x00, 0x00, 0x00, 0x0f, 0xf0, 0x00, 0x00, 0x00, 0x00, 0x0f, 0xf0, 0x00, 0x00, 0x00, 0x00, 0x0f, 0xf0, 0x00, 0x00, 0x00, 0x00, 0xff, 0x0f, 0x00, 0x00
.byte 0x00, 0x00, 0x00, 0x00, 0x00, 0x00, 0x00, 0x00, 0x00, 0x00, 0x00, 0x00, 0x00, 0x00, 0x00, 0x00, 0x00, 0x00, 0x00, 0x00
.global gUnknown_8310954
gUnknown_8310954:
.byte 0x00, 0x00, 0x00, 0x00, 0x00, 0x00, 0x00, 0x00, 0x00, 0x00, 0x00, 0x00
.byte 0x00, 0x00, 0x00, 0x00, 0x00, 0x00, 0xf0, 0x0f, 0x00, 0x00, 0x00, 0x00, 0x0f, 0xf0, 0x00, 0x00, 0x00, 0x00, 0x0f, 0x00, 0x00, 0x00, 0x00, 0x00, 0x0f, 0x00, 0x00, 0x00, 0x00, 0x00, 0x0f, 0xf0
.byte 0x00, 0x00, 0x00, 0x00, 0xf0, 0x0f, 0x00, 0x00, 0x00, 0x00, 0x00, 0x00, 0x00, 0x00, 0x00, 0x00, 0x00, 0x00, 0x00, 0x00, 0x00, 0x00, 0x00, 0x00, 0x00, 0x00, 0x00, 0x00
.global gUnknown_831099C
gUnknown_831099C:
.byte 0x00, 0x00, 0x00, 0x00
.byte 0x00, 0x00, 0x00, 0xf0, 0x00, 0x00, 0x00, 0x00, 0x00, 0xf0, 0x00, 0x00, 0x00, 0x00, 0xf0, 0xff, 0x00, 0x00, 0x00, 0x00, 0x0f, 0xf0, 0x00, 0x00, 0x00, 0x00, 0x0f, 0xf0, 0x00, 0x00, 0x00, 0x00
.byte 0x0f, 0xf0, 0x00, 0x00, 0x00, 0x00, 0x0f, 0xf0, 0x00, 0x00, 0x00, 0x00, 0xf0, 0xff, 0x00, 0x00, 0x00, 0x00, 0x00, 0x00, 0x00, 0x00, 0x00, 0x00, 0x00, 0x00, 0x00, 0x00, 0x00, 0x00, 0x00, 0x00
.byte 0x00, 0x00, 0x00, 0x00
.global gUnknown_83109E4
gUnknown_83109E4:
.byte 0x00, 0x00, 0x00, 0x00, 0x00, 0x00, 0x00, 0x00, 0x00, 0x00, 0x00, 0x00, 0x00, 0x00, 0x00, 0x00, 0x00, 0x00, 0xf0, 0x0f, 0x00, 0x00, 0x00, 0x00, 0x0f, 0xf0, 0x00, 0x00
.byte 0x00, 0x00, 0xff, 0xff, 0x00, 0x00, 0x00, 0x00, 0x0f, 0x00, 0x00, 0x00, 0x00, 0x00, 0x0f, 0xf0, 0x00, 0x00, 0x00, 0x00, 0xf0, 0x0f, 0x00, 0x00, 0x00, 0x00, 0x00, 0x00, 0x00, 0x00, 0x00, 0x00
.byte 0x00, 0x00, 0x00, 0x00, 0x00, 0x00, 0x00, 0x00, 0x00, 0x00, 0x00, 0x00
.global gUnknown_8310A2C
gUnknown_8310A2C:
.byte 0x00, 0x00, 0x00, 0x00, 0x00, 0x00, 0x00, 0xff, 0x00, 0x00, 0x00, 0x00, 0xf0, 0x00, 0x00, 0x00, 0x00, 0x00, 0xff, 0x0f
.byte 0x00, 0x00, 0x00, 0x00, 0xf0, 0x00, 0x00, 0x00, 0x00, 0x00, 0xf0, 0x00, 0x00, 0x00, 0x00, 0x00, 0xf0, 0x00, 0x00, 0x00, 0x00, 0x00, 0xf0, 0x00, 0x00, 0x00, 0x00, 0x00, 0xf0, 0x00, 0x00, 0x00
.byte 0x00, 0x00, 0x00, 0x00, 0x00, 0x00, 0x00, 0x00, 0x00, 0x00, 0x00, 0x00, 0x00, 0x00, 0x00, 0x00, 0x00, 0x00, 0x00, 0x00
.global gUnknown_8310A74
gUnknown_8310A74:
.byte 0x00, 0x00, 0x00, 0x00, 0x00, 0x00, 0x00, 0x00, 0x00, 0x00, 0x00, 0x00
.byte 0x00, 0x00, 0x00, 0x00, 0x00, 0x00, 0xf0, 0xff, 0x00, 0x00, 0x00, 0x00, 0x0f, 0xf0, 0x00, 0x00, 0x00, 0x00, 0x0f, 0xf0, 0x00, 0x00, 0x00, 0x00, 0x0f, 0xf0, 0x00, 0x00, 0x00, 0x00, 0xf0, 0xff
.byte 0x00, 0x00, 0x00, 0x00, 0x00, 0xf0, 0x00, 0x00, 0x00, 0x00, 0xf0, 0x0f, 0x00, 0x00, 0x00, 0x00, 0x00, 0x00, 0x00, 0x00, 0x00, 0x00, 0x00, 0x00, 0x00, 0x00, 0x00, 0x00
.global gUnknown_8310ABC
gUnknown_8310ABC:
.byte 0x00, 0x00, 0x00, 0x00
.byte 0x00, 0x00, 0x0f, 0x00, 0x00, 0x00, 0x00, 0x00, 0x0f, 0x00, 0x00, 0x00, 0x00, 0x00, 0xff, 0x0f, 0x00, 0x00, 0x00, 0x00, 0x0f, 0xf0, 0x00, 0x00, 0x00, 0x00, 0x0f, 0xf0, 0x00, 0x00, 0x00, 0x00
.byte 0x0f, 0xf0, 0x00, 0x00, 0x00, 0x00, 0x0f, 0xf0, 0x00, 0x00, 0x00, 0x00, 0x0f, 0xf0, 0x00, 0x00, 0x00, 0x00, 0x00, 0x00, 0x00, 0x00, 0x00, 0x00, 0x00, 0x00, 0x00, 0x00, 0x00, 0x00, 0x00, 0x00
.byte 0x00, 0x00, 0x00, 0x00
.global gUnknown_8310B04
gUnknown_8310B04:
.byte 0x00, 0x00, 0x00, 0x00, 0x00, 0x00, 0xf0, 0x00, 0x00, 0x00, 0x00, 0x00, 0x00, 0x00, 0x00, 0x00, 0x00, 0x00, 0xff, 0x00, 0x00, 0x00, 0x00, 0x00, 0xf0, 0x00, 0x00, 0x00
.byte 0x00, 0x00, 0xf0, 0x00, 0x00, 0x00, 0x00, 0x00, 0xf0, 0x00, 0x00, 0x00, 0x00, 0x00, 0xf0, 0x00, 0x00, 0x00, 0x00, 0x00, 0xf0, 0x00, 0x00, 0x00, 0x00, 0x00, 0x00, 0x00, 0x00, 0x00, 0x00, 0x00
.byte 0x00, 0x00, 0x00, 0x00, 0x00, 0x00, 0x00, 0x00, 0x00, 0x00, 0x00, 0x00
.global gUnknown_8310B4C
gUnknown_8310B4C:
.byte 0x00, 0x00, 0x00, 0x00, 0x00, 0x00, 0xf0, 0x00, 0x00, 0x00, 0x00, 0x00, 0x00, 0x00, 0x00, 0x00, 0x00, 0x00, 0xff, 0x00
.byte 0x00, 0x00, 0x00, 0x00, 0xf0, 0x00, 0x00, 0x00, 0x00, 0x00, 0xf0, 0x00, 0x00, 0x00, 0x00, 0x00, 0xf0, 0x00, 0x00, 0x00, 0x00, 0x00, 0xf0, 0x00, 0x00, 0x00, 0x00, 0x00, 0xf0, 0x00, 0x00, 0x00
.byte 0x00, 0x00, 0x0f, 0x00, 0x00, 0x00, 0x00, 0x00, 0x00, 0x00, 0x00, 0x00, 0x00, 0x00, 0x00, 0x00, 0x00, 0x00, 0x00, 0x00
.global gUnknown_8310B94
gUnknown_8310B94:
.byte 0x00, 0x00, 0x00, 0x00, 0x00, 0x00, 0x0f, 0x00, 0x00, 0x00, 0x00, 0x00
.byte 0x0f, 0x00, 0x00, 0x00, 0x00, 0x00, 0x0f, 0xf0, 0x00, 0x00, 0x00, 0x00, 0x0f, 0x0f, 0x00, 0x00, 0x00, 0x00, 0xff, 0x00, 0x00, 0x00, 0x00, 0x00, 0xff, 0x00, 0x00, 0x00, 0x00, 0x00, 0x0f, 0x0f
.byte 0x00, 0x00, 0x00, 0x00, 0x0f, 0xf0, 0x00, 0x00, 0x00, 0x00, 0x00, 0x00, 0x00, 0x00, 0x00, 0x00, 0x00, 0x00, 0x00, 0x00, 0x00, 0x00, 0x00, 0x00, 0x00, 0x00, 0x00, 0x00
.global gUnknown_8310BDC
gUnknown_8310BDC:
.byte 0x00, 0x00, 0x00, 0x00
.byte 0x00, 0x00, 0xff, 0x00, 0x00, 0x00, 0x00, 0x00, 0xf0, 0x00, 0x00, 0x00, 0x00, 0x00, 0xf0, 0x00, 0x00, 0x00, 0x00, 0x00, 0xf0, 0x00, 0x00, 0x00, 0x00, 0x00, 0xf0, 0x00, 0x00, 0x00, 0x00, 0x00
.byte 0xf0, 0x00, 0x00, 0x00, 0x00, 0x00, 0xf0, 0x00, 0x00, 0x00, 0x00, 0x00, 0xf0, 0x00, 0x00, 0x00, 0x00, 0x00, 0x00, 0x00, 0x00, 0x00, 0x00, 0x00, 0x00, 0x00, 0x00, 0x00, 0x00, 0x00, 0x00, 0x00
.byte 0x00, 0x00, 0x00, 0x00
.global gUnknown_8310C24
gUnknown_8310C24:
.byte 0x00, 0x00, 0x00, 0x00, 0x00, 0x00, 0x00, 0x00, 0x00, 0x00, 0x00, 0x00, 0x00, 0x00, 0x00, 0x00, 0x00, 0x00, 0xff, 0x0f, 0xff, 0x00, 0x00, 0x00, 0x0f, 0xf0, 0x00, 0x0f
.byte 0x00, 0x00, 0x0f, 0xf0, 0x00, 0x0f, 0x00, 0x00, 0x0f, 0xf0, 0x00, 0x0f, 0x00, 0x00, 0x0f, 0xf0, 0x00, 0x0f, 0x00, 0x00, 0x0f, 0xf0, 0x00, 0x0f, 0x00, 0x00, 0x00, 0x00, 0x00, 0x00, 0x00, 0x00
.byte 0x00, 0x00, 0x00, 0x00, 0x00, 0x00, 0x00, 0x00, 0x00, 0x00, 0x00, 0x00
.global gUnknown_8310C6C
gUnknown_8310C6C:
.byte 0x00, 0x00, 0x00, 0x00, 0x00, 0x00, 0x00, 0x00, 0x00, 0x00, 0x00, 0x00, 0x00, 0x00, 0x00, 0x00, 0x00, 0x00, 0xff, 0x0f
.byte 0x00, 0x00, 0x00, 0x00, 0x0f, 0xf0, 0x00, 0x00, 0x00, 0x00, 0x0f, 0xf0, 0x00, 0x00, 0x00, 0x00, 0x0f, 0xf0, 0x00, 0x00, 0x00, 0x00, 0x0f, 0xf0, 0x00, 0x00, 0x00, 0x00, 0x0f, 0xf0, 0x00, 0x00
.byte 0x00, 0x00, 0x00, 0x00, 0x00, 0x00, 0x00, 0x00, 0x00, 0x00, 0x00, 0x00, 0x00, 0x00, 0x00, 0x00, 0x00, 0x00, 0x00, 0x00
.global gUnknown_8310CB4
gUnknown_8310CB4:
.byte 0x00, 0x00, 0x00, 0x00, 0x00, 0x00, 0x00, 0x00, 0x00, 0x00, 0x00, 0x00
.byte 0x00, 0x00, 0x00, 0x00, 0x00, 0x00, 0xf0, 0x0f, 0x00, 0x00, 0x00, 0x00, 0x0f, 0xf0, 0x00, 0x00, 0x00, 0x00, 0x0f, 0xf0, 0x00, 0x00, 0x00, 0x00, 0x0f, 0xf0, 0x00, 0x00, 0x00, 0x00, 0x0f, 0xf0
.byte 0x00, 0x00, 0x00, 0x00, 0xf0, 0x0f, 0x00, 0x00, 0x00, 0x00, 0x00, 0x00, 0x00, 0x00, 0x00, 0x00, 0x00, 0x00, 0x00, 0x00, 0x00, 0x00, 0x00, 0x00, 0x00, 0x00, 0x00, 0x00
.global gUnknown_8310CFC
gUnknown_8310CFC:
.byte 0x00, 0x00, 0x00, 0x00
.byte 0x00, 0x00, 0x00, 0x00, 0x00, 0x00, 0x00, 0x00, 0x00, 0x00, 0x00, 0x00, 0x00, 0x00, 0xff, 0x0f, 0x00, 0x00, 0x00, 0x00, 0x0f, 0xf0, 0x00, 0x00, 0x00, 0x00, 0x0f, 0xf0, 0x00, 0x00, 0x00, 0x00
.byte 0x0f, 0xf0, 0x00, 0x00, 0x00, 0x00, 0xff, 0x0f, 0x00, 0x00, 0x00, 0x00, 0x0f, 0x00, 0x00, 0x00, 0x00, 0x00, 0x0f, 0x00, 0x00, 0x00, 0x00, 0x00, 0x00, 0x00, 0x00, 0x00, 0x00, 0x00, 0x00, 0x00
.byte 0x00, 0x00, 0x00, 0x00
.global gUnknown_8310D44
gUnknown_8310D44:
.byte 0x00, 0x00, 0x00, 0x00, 0x00, 0x00, 0x00, 0x00, 0x00, 0x00, 0x00, 0x00, 0x00, 0x00, 0x00, 0x00, 0x00, 0x00, 0xf0, 0xff, 0x00, 0x00, 0x00, 0x00, 0x0f, 0xf0, 0x00, 0x00
.byte 0x00, 0x00, 0x0f, 0xf0, 0x00, 0x00, 0x00, 0x00, 0x0f, 0xf0, 0x00, 0x00, 0x00, 0x00, 0xf0, 0xff, 0x00, 0x00, 0x00, 0x00, 0x00, 0xf0, 0x00, 0x00, 0x00, 0x00, 0x00, 0xf0, 0x00, 0x00, 0x00, 0x00
.byte 0x00, 0x00, 0x00, 0x00, 0x00, 0x00, 0x00, 0x00, 0x00, 0x00, 0x00, 0x00
.global gUnknown_8310D8C
gUnknown_8310D8C:
.byte 0x00, 0x00, 0x00, 0x00, 0x00, 0x00, 0x00, 0x00, 0x00, 0x00, 0x00, 0x00, 0x00, 0x00, 0x00, 0x00, 0x00, 0x00, 0x0f, 0xff
.byte 0x00, 0x00, 0x00, 0x00, 0xff, 0x00, 0x00, 0x00, 0x00, 0x00, 0x0f, 0x00, 0x00, 0x00, 0x00, 0x00, 0x0f, 0x00, 0x00, 0x00, 0x00, 0x00, 0x0f, 0x00, 0x00, 0x00, 0x00, 0x00, 0x0f, 0x00, 0x00, 0x00
.byte 0x00, 0x00, 0x00, 0x00, 0x00, 0x00, 0x00, 0x00, 0x00, 0x00, 0x00, 0x00, 0x00, 0x00, 0x00, 0x00, 0x00, 0x00, 0x00, 0x00
.global gUnknown_8310DD4
gUnknown_8310DD4:
.byte 0x00, 0x00, 0x00, 0x00, 0x00, 0x00, 0x00, 0x00, 0x00, 0x00, 0x00, 0x00
.byte 0x00, 0x00, 0x00, 0x00, 0x00, 0x00, 0xf0, 0xff, 0x00, 0x00, 0x00, 0x00, 0x0f, 0x00, 0x00, 0x00, 0x00, 0x00, 0xf0, 0x0f, 0x00, 0x00, 0x00, 0x00, 0x00, 0xf0, 0x00, 0x00, 0x00, 0x00, 0x0f, 0xf0
.byte 0x00, 0x00, 0x00, 0x00, 0xf0, 0x0f, 0x00, 0x00, 0x00, 0x00, 0x00, 0x00, 0x00, 0x00, 0x00, 0x00, 0x00, 0x00, 0x00, 0x00, 0x00, 0x00, 0x00, 0x00, 0x00, 0x00, 0x00, 0x00
.global gUnknown_8310E1C
gUnknown_8310E1C:
.byte 0x00, 0x00, 0x00, 0x00
.byte 0x00, 0x00, 0xf0, 0x00, 0x00, 0x00, 0x00, 0x00, 0xf0, 0x00, 0x00, 0x00, 0x00, 0x00, 0xff, 0x0f, 0x00, 0x00, 0x00, 0x00, 0xf0, 0x00, 0x00, 0x00, 0x00, 0x00, 0xf0, 0x00, 0x00, 0x00, 0x00, 0x00
.byte 0xf0, 0x00, 0x00, 0x00, 0x00, 0x00, 0xf0, 0x00, 0x00, 0x00, 0x00, 0x00, 0x00, 0x0f, 0x00, 0x00, 0x00, 0x00, 0x00, 0x00, 0x00, 0x00, 0x00, 0x00, 0x00, 0x00, 0x00, 0x00, 0x00, 0x00, 0x00, 0x00
.byte 0x00, 0x00, 0x00, 0x00
.global gUnknown_8310E64
gUnknown_8310E64:
.byte 0x00, 0x00, 0x00, 0x00, 0x00, 0x00, 0x00, 0x00, 0x00, 0x00, 0x00, 0x00, 0x00, 0x00, 0x00, 0x00, 0x00, 0x00, 0x0f, 0xf0, 0x00, 0x00, 0x00, 0x00, 0x0f, 0xf0, 0x00, 0x00
.byte 0x00, 0x00, 0x0f, 0xf0, 0x00, 0x00, 0x00, 0x00, 0x0f, 0xf0, 0x00, 0x00, 0x00, 0x00, 0x0f, 0xf0, 0x00, 0x00, 0x00, 0x00, 0xf0, 0xff, 0x00, 0x00, 0x00, 0x00, 0x00, 0x00, 0x00, 0x00, 0x00, 0x00
.byte 0x00, 0x00, 0x00, 0x00, 0x00, 0x00, 0x00, 0x00, 0x00, 0x00, 0x00, 0x00
.global gUnknown_8310EAC
gUnknown_8310EAC:
.byte 0x00, 0x00, 0x00, 0x00, 0x00, 0x00, 0x00, 0x00, 0x00, 0x00, 0x00, 0x00, 0x00, 0x00, 0x00, 0x00, 0x00, 0x00, 0x0f, 0x00
.byte 0x0f, 0x00, 0x00, 0x00, 0x0f, 0x00, 0x0f, 0x00, 0x00, 0x00, 0xf0, 0xf0, 0x00, 0x00, 0x00, 0x00, 0xf0, 0xf0, 0x00, 0x00, 0x00, 0x00, 0x00, 0x0f, 0x00, 0x00, 0x00, 0x00, 0x00, 0x0f, 0x00, 0x00
.byte 0x00, 0x00, 0x00, 0x00, 0x00, 0x00, 0x00, 0x00, 0x00, 0x00, 0x00, 0x00, 0x00, 0x00, 0x00, 0x00, 0x00, 0x00, 0x00, 0x00
.global gUnknown_8310EF4
gUnknown_8310EF4:
.byte 0x00, 0x00, 0x00, 0x00, 0x00, 0x00, 0x00, 0x00, 0x00, 0x00, 0x00, 0x00
.byte 0x00, 0x00, 0x00, 0x00, 0x00, 0x00, 0x0f, 0x00, 0x00, 0x0f, 0x00, 0x00, 0x0f, 0x00, 0x00, 0x0f, 0x00, 0x00, 0xf0, 0xf0, 0xf0, 0x00, 0x00, 0x00, 0xf0, 0xf0, 0xf0, 0x00, 0x00, 0x00, 0x00, 0x0f
.byte 0x0f, 0x00, 0x00, 0x00, 0x00, 0x0f, 0x0f, 0x00, 0x00, 0x00, 0x00, 0x00, 0x00, 0x00, 0x00, 0x00, 0x00, 0x00, 0x00, 0x00, 0x00, 0x00, 0x00, 0x00, 0x00, 0x00, 0x00, 0x00
.global gUnknown_8310F3C
gUnknown_8310F3C:
.byte 0x00, 0x00, 0x00, 0x00
.byte 0x00, 0x00, 0x00, 0x00, 0x00, 0x00, 0x00, 0x00, 0x00, 0x00, 0x00, 0x00, 0x00, 0x00, 0x0f, 0x00, 0x0f, 0x00, 0x00, 0x00, 0xf0, 0xf0, 0x00, 0x00, 0x00, 0x00, 0x00, 0x0f, 0x00, 0x00, 0x00, 0x00
.byte 0x00, 0x0f, 0x00, 0x00, 0x00, 0x00, 0xf0, 0xf0, 0x00, 0x00, 0x00, 0x00, 0x0f, 0x00, 0x0f, 0x00, 0x00, 0x00, 0x00, 0x00, 0x00, 0x00, 0x00, 0x00, 0x00, 0x00, 0x00, 0x00, 0x00, 0x00, 0x00, 0x00
.byte 0x00, 0x00, 0x00, 0x00
.global gUnknown_8310F84
gUnknown_8310F84:
.byte 0x00, 0x00, 0x00, 0x00, 0x00, 0x00, 0x00, 0x00, 0x00, 0x00, 0x00, 0x00, 0x00, 0x00, 0x00, 0x00, 0x00, 0x00, 0x0f, 0xf0, 0x00, 0x00, 0x00, 0x00, 0x0f, 0xf0, 0x00, 0x00
.byte 0x00, 0x00, 0x0f, 0xf0, 0x00, 0x00, 0x00, 0x00, 0x0f, 0xf0, 0x00, 0x00, 0x00, 0x00, 0xf0, 0xff, 0x00, 0x00, 0x00, 0x00, 0x00, 0xf0, 0x00, 0x00, 0x00, 0x00, 0xf0, 0x0f, 0x00, 0x00, 0x00, 0x00
.byte 0x00, 0x00, 0x00, 0x00, 0x00, 0x00, 0x00, 0x00, 0x00, 0x00, 0x00, 0x00
.global gUnknown_8310FCC
gUnknown_8310FCC:
.byte 0x00, 0x00, 0x00, 0x00, 0x00, 0x00, 0x00, 0x00, 0x00, 0x00, 0x00, 0x00, 0x00, 0x00, 0x00, 0x00, 0x00, 0x00, 0xff, 0xff
.byte 0x00, 0x00, 0x00, 0x00, 0x00, 0xf0, 0x00, 0x00, 0x00, 0x00, 0x00, 0x0f, 0x00, 0x00, 0x00, 0x00, 0xf0, 0x00, 0x00, 0x00, 0x00, 0x00, 0x0f, 0x00, 0x00, 0x00, 0x00, 0x00, 0xff, 0xff, 0x00, 0x00
.byte 0x00, 0x00, 0x00, 0x00, 0x00, 0x00, 0x00, 0x00, 0x00, 0x00, 0x00, 0x00, 0x00, 0x00, 0x00, 0x00, 0x00, 0x00, 0x00, 0x00
.global gUnknown_8311014
gUnknown_8311014:
.byte 0x00, 0x00, 0x00, 0x00, 0x00, 0x00, 0x00, 0xf0, 0x00, 0x00, 0x00, 0x00
.byte 0x00, 0x0f, 0x00, 0x00, 0x00, 0x00, 0x00, 0x0f, 0x00, 0x00, 0x00, 0x00, 0x00, 0x0f, 0x00, 0x00, 0x00, 0x00, 0x00, 0x0f, 0x00, 0x00, 0x00, 0x00, 0xf0, 0x00, 0x00, 0x00, 0x00, 0x00, 0x00, 0x0f
.byte 0x00, 0x00, 0x00, 0x00, 0x00, 0x0f, 0x00, 0x00, 0x00, 0x00, 0x00, 0x0f, 0x00, 0x00, 0x00, 0x00, 0x00, 0xf0, 0x00, 0x00, 0x00, 0x00, 0x00, 0x00, 0x00, 0x00, 0x00, 0x00
.global gUnknown_831105C
gUnknown_831105C:
.byte 0x00, 0x00, 0x00, 0x00
.byte 0x00, 0x00, 0x0f, 0x00, 0x00, 0x00, 0x00, 0x00, 0x0f, 0x00, 0x00, 0x00, 0x00, 0x00, 0x0f, 0x00, 0x00, 0x00, 0x00, 0x00, 0x0f, 0x00, 0x00, 0x00, 0x00, 0x00, 0x0f, 0x00, 0x00, 0x00, 0x00, 0x00
.byte 0x0f, 0x00, 0x00, 0x00, 0x00, 0x00, 0x0f, 0x00, 0x00, 0x00, 0x00, 0x00, 0x0f, 0x00, 0x00, 0x00, 0x00, 0x00, 0x0f, 0x00, 0x00, 0x00, 0x00, 0x00, 0x0f, 0x00, 0x00, 0x00, 0x00, 0x00, 0x00, 0x00
.byte 0x00, 0x00, 0x00, 0x00
.global gUnknown_83110A4
gUnknown_83110A4:
.byte 0x00, 0x00, 0x00, 0x00, 0x00, 0x00, 0xf0, 0x00, 0x00, 0x00, 0x00, 0x00, 0x00, 0x0f, 0x00, 0x00, 0x00, 0x00, 0x00, 0x0f, 0x00, 0x00, 0x00, 0x00, 0x00, 0x0f, 0x00, 0x00
.byte 0x00, 0x00, 0x00, 0x0f, 0x00, 0x00, 0x00, 0x00, 0x00, 0xf0, 0x00, 0x00, 0x00, 0x00, 0x00, 0x0f, 0x00, 0x00, 0x00, 0x00, 0x00, 0x0f, 0x00, 0x00, 0x00, 0x00, 0x00, 0x0f, 0x00, 0x00, 0x00, 0x00
.byte 0xf0, 0x00, 0x00, 0x00, 0x00, 0x00, 0x00, 0x00, 0x00, 0x00, 0x00, 0x00
.global gUnknown_83110EC
gUnknown_83110EC:
.byte 0x00, 0x00, 0x00, 0x00, 0x00, 0x00, 0x00, 0xff, 0xf0, 0x00, 0x00, 0x00, 0xf0, 0xf0, 0x0f, 0x00, 0x00, 0x00, 0x00, 0x00
.byte 0x00, 0x00, 0x00, 0x00, 0x00, 0x00, 0x00, 0x00, 0x00, 0x00, 0x00, 0x00, 0x00, 0x00, 0x00, 0x00, 0x00, 0x00, 0x00, 0x00, 0x00, 0x00, 0x00, 0x00, 0x00, 0x00, 0x00, 0x00, 0x00, 0x00, 0x00, 0x00
.byte 0x00, 0x00, 0x00, 0x00, 0x00, 0x00, 0x00, 0x00, 0x00, 0x00, 0x00, 0x00, 0x00, 0x00, 0x00, 0x00, 0x00, 0x00, 0x00, 0x00
.global gUnknown_8311134
gUnknown_8311134:
.byte 0x00, 0x00, 0x00, 0x00, 0x00, 0x00, 0x00, 0x00, 0x00, 0x00, 0x00, 0x00
.byte 0x00, 0x00, 0x00, 0x00, 0x00, 0x00, 0x00, 0x00, 0x00, 0x00, 0x00, 0x00, 0x00, 0x00, 0x00, 0x00, 0x00, 0x00, 0x00, 0x00, 0x00, 0x00, 0x00, 0x00, 0x00, 0x00, 0x00, 0x00, 0x00, 0x00, 0x00, 0x00
.byte 0x00, 0x00, 0x00, 0x00, 0x00, 0x00, 0x00, 0x00, 0x00, 0x00, 0x00, 0x00, 0x00, 0x00, 0x00, 0x00, 0x00, 0x00, 0x00, 0x00, 0x00, 0x00, 0x00, 0x00, 0x00, 0x00, 0x00, 0x00
.global gUnknown_831117C
gUnknown_831117C:
.byte 0x00, 0x00, 0x00, 0x00
.byte 0x00, 0x00, 0x00, 0x00, 0x00, 0x00, 0x00, 0x00, 0x00, 0x00, 0x00, 0x00, 0x00, 0x00, 0xf0, 0x0f, 0x00, 0x00, 0x00, 0x00, 0x0f, 0xf0, 0x00, 0x00, 0x00, 0x00, 0xff, 0x0f, 0x00, 0x00, 0x00, 0x00
.byte 0xff, 0x0f, 0x00, 0x00, 0x00, 0x00, 0x0f, 0xf0, 0x00, 0x00, 0x00, 0x00, 0xf0, 0x0f, 0x00, 0x00, 0x00, 0x00, 0x00, 0x00, 0x00, 0x00, 0x00, 0x00, 0x00, 0x00, 0x00, 0x00, 0x00, 0x00, 0x00, 0x00
.byte 0x00, 0x00, 0x00, 0x00
.global gUnknown_83111C4
gUnknown_83111C4:
.byte 0x00, 0x00, 0x00, 0x00, 0x00, 0x00, 0x00, 0x00, 0x00, 0x00, 0x00, 0x00, 0x00, 0x00, 0x00, 0x00, 0x00, 0x00, 0x00, 0x00, 0x00, 0x00, 0x00, 0x00, 0xf0, 0x0f, 0x00, 0x00
.byte 0x00, 0x00, 0xf0, 0x0f, 0x00, 0x00, 0x00, 0x00, 0x00, 0x00, 0x00, 0x00, 0x00, 0x00, 0x00, 0x00, 0x00, 0x00, 0x00, 0x00, 0x00, 0x00, 0x00, 0x00, 0x00, 0x00, 0x00, 0x00, 0x00, 0x00, 0x00, 0x00
.byte 0x00, 0x00, 0x00, 0x00, 0x00, 0x00, 0x00, 0x00, 0x00, 0x00, 0x00, 0x00
.global gUnknown_831120C
gUnknown_831120C:
.byte 0x00, 0x00, 0x00, 0x00, 0x00, 0x00, 0x00, 0x00, 0x00, 0x00, 0x00, 0x00, 0x00, 0x00, 0x00, 0x00, 0x00, 0x00, 0x00, 0x00
.byte 0x00, 0x00, 0x00, 0x00, 0x00, 0x00, 0x00, 0x00, 0x00, 0x00, 0x00, 0x00, 0x00, 0x00, 0x00, 0x00, 0x00, 0x00, 0x00, 0x00, 0x00, 0x00, 0xff, 0x00, 0x00, 0x00, 0x00, 0x00, 0xf0, 0x00, 0x00, 0x00
.byte 0x00, 0x00, 0x00, 0x00, 0x00, 0x00, 0x00, 0x00, 0x00, 0x00, 0x00, 0x00, 0x00, 0x00, 0x00, 0x00, 0x00, 0x00, 0x00, 0x00
.global gUnknown_8311254
gUnknown_8311254:
.byte 0x00, 0x00, 0x00, 0x00, 0x00, 0x00, 0x00, 0xf0, 0x0f, 0x00, 0x00, 0x00
.byte 0x00, 0x0f, 0xf0, 0x00, 0x00, 0x00, 0x00, 0x0f, 0x00, 0x00, 0x00, 0x00, 0xff, 0xff, 0xff, 0x0f, 0x00, 0x00, 0x00, 0xf0, 0x00, 0x00, 0x00, 0x00, 0x0f, 0xf0, 0x00, 0x00, 0x00, 0x00, 0x0f, 0xf0
.byte 0x00, 0x00, 0x00, 0x00, 0xf0, 0x0f, 0x00, 0x00, 0x00, 0x00, 0x00, 0x00, 0x00, 0x00, 0x00, 0x00, 0x00, 0x00, 0x00, 0x00, 0x00, 0x00, 0x00, 0x00, 0x00, 0x00, 0x00, 0x00
.global gUnknown_831129C
gUnknown_831129C:
.byte 0x00, 0x00, 0x00, 0x00
.byte 0x00, 0x00, 0x00, 0x00, 0x00, 0x00, 0x00, 0x00, 0x00, 0x00, 0x00, 0x00, 0x00, 0x00, 0x00, 0x00, 0x00, 0x00, 0x00, 0x00, 0x00, 0x00, 0x00, 0x00, 0x00, 0x00, 0x00, 0x00, 0x00, 0x00, 0x00, 0x00
.byte 0xf0, 0xf0, 0x00, 0x00, 0x00, 0x00, 0xf0, 0xf0, 0x00, 0x00, 0x00, 0x00, 0x0f, 0x0f, 0x00, 0x00, 0x00, 0x00, 0x00, 0x00, 0x00, 0x00, 0x00, 0x00, 0x00, 0x00, 0x00, 0x00, 0x00, 0x00, 0x00, 0x00
.byte 0x00, 0x00, 0x00, 0x00
.global gUnknown_83112E4
gUnknown_83112E4:
.byte 0x00, 0x00, 0x00, 0x00, 0x00, 0x00, 0x00, 0x00, 0x00, 0x00, 0x00, 0x00, 0x00, 0x00, 0x00, 0x00, 0x00, 0x00, 0x00, 0x00, 0x00, 0x00, 0x00, 0x00, 0xff, 0xf0, 0x0f, 0xff
.byte 0x00, 0x00, 0xff, 0xf0, 0x0f, 0xff, 0x00, 0x00, 0x00, 0x00, 0x00, 0x00, 0x00, 0x00, 0x00, 0x00, 0x00, 0x00, 0x00, 0x00, 0x00, 0x00, 0x00, 0x00, 0x00, 0x00, 0x00, 0x00, 0x00, 0x00, 0x00, 0x00
.byte 0x00, 0x00, 0x00, 0x00, 0x00, 0x00, 0x00, 0x00, 0x00, 0x00, 0x00, 0x00
.global gUnknown_831132C
gUnknown_831132C:
.byte 0x00, 0x0f, 0x00, 0x00, 0x00, 0x00, 0x00, 0x0f, 0x00, 0x00, 0x00, 0x00, 0xff, 0xff, 0x0f, 0x00, 0x00, 0x00, 0x00, 0x0f
.byte 0x00, 0x00, 0x00, 0x00, 0x00, 0x0f, 0x00, 0x00, 0x00, 0x00, 0x00, 0x0f, 0x00, 0x00, 0x00, 0x00, 0x00, 0x0f, 0x00, 0x00, 0x00, 0x00, 0x00, 0x0f, 0x00, 0x00, 0x00, 0x00, 0x00, 0x0f, 0x00, 0x00
.byte 0x00, 0x00, 0x00, 0x00, 0x00, 0x00, 0x00, 0x00, 0x00, 0x00, 0x00, 0x00, 0x00, 0x00, 0x00, 0x00, 0x00, 0x00, 0x00, 0x00
.global gUnknown_8311374
gUnknown_8311374:
.byte 0x00, 0x0f, 0x00, 0x00, 0x00, 0x00, 0x00, 0x0f, 0x00, 0x00, 0x00, 0x00
.byte 0xff, 0xff, 0x0f, 0x00, 0x00, 0x00, 0x00, 0x0f, 0x00, 0x00, 0x00, 0x00, 0x00, 0x0f, 0x00, 0x00, 0x00, 0x00, 0xff, 0xff, 0x0f, 0x00, 0x00, 0x00, 0x00, 0x0f, 0x00, 0x00, 0x00, 0x00, 0x00, 0x0f
.byte 0x00, 0x00, 0x00, 0x00, 0x00, 0x0f, 0x00, 0x00, 0x00, 0x00, 0x00, 0x00, 0x00, 0x00, 0x00, 0x00, 0x00, 0x00, 0x00, 0x00, 0x00, 0x00, 0x00, 0x00, 0x00, 0x00, 0x00, 0x00
.global gUnknown_83113BC
gUnknown_83113BC:
.byte 0xf0, 0x0f, 0x00, 0x00
.byte 0x00, 0x00, 0x0f, 0xf0, 0x00, 0x00, 0x00, 0x00, 0x00, 0x00, 0x00, 0x00, 0x00, 0x00, 0x00, 0x00, 0x00, 0x00, 0x00, 0x00, 0x00, 0x00, 0x00, 0x00, 0x00, 0x00, 0x00, 0x00, 0x00, 0x00, 0x00, 0x00
.byte 0x00, 0x00, 0x00, 0x00, 0x00, 0x00, 0x00, 0x00, 0x00, 0x00, 0x00, 0x00, 0x00, 0x00, 0x00, 0x00, 0x00, 0x00, 0x00, 0x00, 0x00, 0x00, 0x00, 0x00, 0x00, 0x00, 0x00, 0x00, 0x00, 0x00, 0x00, 0x00
.byte 0x00, 0x00, 0x00, 0x00
.global gUnknown_8311404
gUnknown_8311404:
.byte 0xf0, 0x00, 0x00, 0x0f, 0x00, 0x00, 0x0f, 0x0f, 0xf0, 0x00, 0x00, 0x00, 0x0f, 0x0f, 0xf0, 0x00, 0x00, 0x00, 0xf0, 0x00, 0x0f, 0x00, 0x00, 0x00, 0x00, 0xf0, 0x00, 0x00
.byte 0x00, 0x00, 0x00, 0x0f, 0xf0, 0x00, 0xf0, 0x00, 0x00, 0x0f, 0x0f, 0x0f, 0x0f, 0x0f, 0xf0, 0x00, 0x0f, 0x0f, 0x0f, 0x0f, 0x0f, 0x00, 0xf0, 0x00, 0xf0, 0x00, 0x00, 0x00, 0x00, 0x00, 0x00, 0x00
.byte 0x00, 0x00, 0x00, 0x00, 0x00, 0x00, 0x00, 0x00, 0x00, 0x00, 0x00, 0x00
.global gUnknown_831144C
gUnknown_831144C:
.byte 0xf0, 0x00, 0x0f, 0x00, 0x00, 0x00, 0x00, 0xff, 0x00, 0x00, 0x00, 0x00, 0x00, 0x00, 0x00, 0x00, 0x00, 0x00, 0xf0, 0xff
.byte 0x0f, 0x00, 0x00, 0x00, 0x0f, 0x00, 0xf0, 0x00, 0x00, 0x00, 0xf0, 0x0f, 0x00, 0x00, 0x00, 0x00, 0x00, 0xf0, 0x0f, 0x00, 0x00, 0x00, 0x0f, 0x00, 0xf0, 0x00, 0x00, 0x00, 0xf0, 0xff, 0x0f, 0x00
.byte 0x00, 0x00, 0x00, 0x00, 0x00, 0x00, 0x00, 0x00, 0x00, 0x00, 0x00, 0x00, 0x00, 0x00, 0x00, 0x00, 0x00, 0x00, 0x00, 0x00
.global gUnknown_8311494
gUnknown_8311494:
.byte 0x00, 0x00, 0x00, 0x00, 0x00, 0x00, 0x00, 0x00, 0x00, 0x00, 0x00, 0x00
.byte 0x00, 0xf0, 0x00, 0x00, 0x00, 0x00, 0x00, 0x0f, 0x00, 0x00, 0x00, 0x00, 0xf0, 0x00, 0x00, 0x00, 0x00, 0x00, 0x0f, 0x00, 0x00, 0x00, 0x00, 0x00, 0xf0, 0x00, 0x00, 0x00, 0x00, 0x00, 0x00, 0x0f
.byte 0x00, 0x00, 0x00, 0x00, 0x00, 0xf0, 0x00, 0x00, 0x00, 0x00, 0x00, 0x00, 0x00, 0x00, 0x00, 0x00, 0x00, 0x00, 0x00, 0x00, 0x00, 0x00, 0x00, 0x00, 0x00, 0x00, 0x00, 0x00
.global gUnknown_83114DC
gUnknown_83114DC:
.byte 0x00, 0x00, 0x00, 0x00
.byte 0x00, 0x00, 0x00, 0x00, 0x00, 0x00, 0x00, 0x00, 0xf0, 0xff, 0xff, 0x0f, 0x00, 0x00, 0x0f, 0xf0, 0x00, 0x00, 0x00, 0x00, 0x0f, 0xf0, 0x00, 0x00, 0x00, 0x00, 0x0f, 0xf0, 0xff, 0x0f, 0x00, 0x00
.byte 0x0f, 0xf0, 0x00, 0x00, 0x00, 0x00, 0x0f, 0xf0, 0x00, 0x00, 0x00, 0x00, 0xf0, 0xff, 0xff, 0x0f, 0x00, 0x00, 0x00, 0x00, 0x00, 0x00, 0x00, 0x00, 0x00, 0x00, 0x00, 0x00, 0x00, 0x00, 0x00, 0x00
.byte 0x00, 0x00, 0x00, 0x00
.global gUnknown_8311524
gUnknown_8311524:
.byte 0x00, 0x00, 0x00, 0x00, 0x00, 0x00, 0xf0, 0x00, 0x00, 0x00, 0x00, 0x00, 0x0f, 0x0f, 0x00, 0x00, 0x00, 0x00, 0xff, 0x0f, 0x00, 0x00, 0x00, 0x00, 0x0f, 0x00, 0x00, 0x00
.byte 0x00, 0x00, 0xf0, 0x00, 0x00, 0x00, 0x00, 0x00, 0x00, 0x00, 0x00, 0x00, 0x00, 0x00, 0x00, 0x00, 0x00, 0x00, 0x00, 0x00, 0x00, 0x00, 0x00, 0x00, 0x00, 0x00, 0x00, 0x00, 0x00, 0x00, 0x00, 0x00
.byte 0x00, 0x00, 0x00, 0x00, 0x00, 0x00, 0x00, 0x00, 0x00, 0x00, 0x00, 0x00
.global gUnknown_831156C
gUnknown_831156C:
.byte 0xf0, 0x00, 0x0f, 0x00, 0x00, 0x00, 0x00, 0xff, 0x00, 0x00, 0x00, 0x00, 0x00, 0x00, 0x00, 0x00, 0x00, 0x00, 0xff, 0xff
.byte 0xff, 0x00, 0x00, 0x00, 0x00, 0x00, 0x0f, 0x00, 0x00, 0x00, 0x00, 0xf0, 0x00, 0x00, 0x00, 0x00, 0x00, 0x0f, 0x00, 0x00, 0x00, 0x00, 0xf0, 0x00, 0x00, 0x00, 0x00, 0x00, 0xff, 0xff, 0xff, 0x00
.byte 0x00, 0x00, 0x00, 0x00, 0x00, 0x00, 0x00, 0x00, 0x00, 0x00, 0x00, 0x00, 0x00, 0x00, 0x00, 0x00, 0x00, 0x00, 0x00, 0x00
.global gUnknown_83115B4
gUnknown_83115B4:
.byte 0x00, 0x00, 0x00, 0x00, 0x00, 0x00, 0x00, 0x00, 0x00, 0x00, 0x00, 0x00
.byte 0x00, 0x00, 0x00, 0x00, 0x00, 0x00, 0x00, 0x00, 0x00, 0x00, 0x00, 0x00, 0xf0, 0x0f, 0x00, 0x00, 0x00, 0x00, 0xf0, 0x0f, 0x00, 0x00, 0x00, 0x00, 0x00, 0x00, 0x00, 0x00, 0x00, 0x00, 0x00, 0x00
.byte 0x00, 0x00, 0x00, 0x00, 0x00, 0x00, 0x00, 0x00, 0x00, 0x00, 0x00, 0x00, 0x00, 0x00, 0x00, 0x00, 0x00, 0x00, 0x00, 0x00, 0x00, 0x00, 0x00, 0x00, 0x00, 0x00, 0x00, 0x00
.global gUnknown_83115FC
gUnknown_83115FC:
.byte 0x00, 0x00, 0x00, 0x00
.byte 0x00, 0x00, 0x00, 0x00, 0x00, 0x00, 0x00, 0x00, 0x00, 0x00, 0x00, 0x00, 0x00, 0x00, 0x00, 0x00, 0x00, 0x00, 0x00, 0x00, 0xf0, 0x0f, 0x00, 0x00, 0x00, 0x00, 0xf0, 0x0f, 0x00, 0x00, 0x00, 0x00
.byte 0x00, 0x00, 0x00, 0x00, 0x00, 0x00, 0x00, 0x00, 0x00, 0x00, 0x00, 0x00, 0x00, 0x00, 0x00, 0x00, 0x00, 0x00, 0x00, 0x00, 0x00, 0x00, 0x00, 0x00, 0x00, 0x00, 0x00, 0x00, 0x00, 0x00, 0x00, 0x00
.byte 0x00, 0x00, 0x00, 0x00
.global gUnknown_8311644
gUnknown_8311644:
.byte 0x00, 0x0f, 0x00, 0x00, 0x00, 0x00, 0xf0, 0x00, 0x00, 0x00, 0x00, 0x00, 0xf0, 0x0f, 0x00, 0x00, 0x00, 0x00, 0x00, 0x00, 0x00, 0x00, 0x00, 0x00, 0x00, 0x00, 0x00, 0x00
.byte 0x00, 0x00, 0x00, 0x00, 0x00, 0x00, 0x00, 0x00, 0x00, 0x00, 0x00, 0x00, 0x00, 0x00, 0x00, 0x00, 0x00, 0x00, 0x00, 0x00, 0x00, 0x00, 0x00, 0x00, 0x00, 0x00, 0x00, 0x00, 0x00, 0x00, 0x00, 0x00
.byte 0x00, 0x00, 0x00, 0x00, 0x00, 0x00, 0x00, 0x00, 0x00, 0x00, 0x00, 0x00
.global gUnknown_831168C
gUnknown_831168C:
.byte 0xf0, 0x0f, 0x00, 0x00, 0x00, 0x00, 0x00, 0x0f, 0x00, 0x00, 0x00, 0x00, 0xf0, 0x00, 0x00, 0x00, 0x00, 0x00, 0x00, 0x00
.byte 0x00, 0x00, 0x00, 0x00, 0x00, 0x00, 0x00, 0x00, 0x00, 0x00, 0x00, 0x00, 0x00, 0x00, 0x00, 0x00, 0x00, 0x00, 0x00, 0x00, 0x00, 0x00, 0x00, 0x00, 0x00, 0x00, 0x00, 0x00, 0x00, 0x00, 0x00, 0x00
.byte 0x00, 0x00, 0x00, 0x00, 0x00, 0x00, 0x00, 0x00, 0x00, 0x00, 0x00, 0x00, 0x00, 0x00, 0x00, 0x00, 0x00, 0x00, 0x00, 0x00
.global gUnknown_83116D4
gUnknown_83116D4:
.byte 0xf0, 0x00, 0x0f, 0x00, 0x00, 0x00, 0x0f, 0xf0, 0x00, 0x00, 0x00, 0x00
.byte 0xff, 0xf0, 0x0f, 0x00, 0x00, 0x00, 0x00, 0x00, 0x00, 0x00, 0x00, 0x00, 0x00, 0x00, 0x00, 0x00, 0x00, 0x00, 0x00, 0x00, 0x00, 0x00, 0x00, 0x00, 0x00, 0x00, 0x00, 0x00, 0x00, 0x00, 0x00, 0x00
.byte 0x00, 0x00, 0x00, 0x00, 0x00, 0x00, 0x00, 0x00, 0x00, 0x00, 0x00, 0x00, 0x00, 0x00, 0x00, 0x00, 0x00, 0x00, 0x00, 0x00, 0x00, 0x00, 0x00, 0x00, 0x00, 0x00, 0x00, 0x00
.global gUnknown_831171C
gUnknown_831171C:
.byte 0xff, 0xf0, 0x0f, 0x00
.byte 0x00, 0x00, 0xf0, 0x00, 0x0f, 0x00, 0x00, 0x00, 0x0f, 0xf0, 0x00, 0x00, 0x00, 0x00, 0x00, 0x00, 0x00, 0x00, 0x00, 0x00, 0x00, 0x00, 0x00, 0x00, 0x00, 0x00, 0x00, 0x00, 0x00, 0x00, 0x00, 0x00
.byte 0x00, 0x00, 0x00, 0x00, 0x00, 0x00, 0x00, 0x00, 0x00, 0x00, 0x00, 0x00, 0x00, 0x00, 0x00, 0x00, 0x00, 0x00, 0x00, 0x00, 0x00, 0x00, 0x00, 0x00, 0x00, 0x00, 0x00, 0x00, 0x00, 0x00, 0x00, 0x00
.byte 0x00, 0x00, 0x00, 0x00
.global gUnknown_8311764
gUnknown_8311764:
.byte 0x00, 0x00, 0x00, 0x00, 0x00, 0x00, 0x00, 0x00, 0x00, 0x00, 0x00, 0x00, 0x00, 0x00, 0x00, 0x00, 0x00, 0x00, 0x00, 0x00, 0x00, 0x00, 0x00, 0x00, 0xf0, 0x0f, 0x00, 0x00
.byte 0x00, 0x00, 0xf0, 0x0f, 0x00, 0x00, 0x00, 0x00, 0x00, 0x00, 0x00, 0x00, 0x00, 0x00, 0x00, 0x00, 0x00, 0x00, 0x00, 0x00, 0x00, 0x00, 0x00, 0x00, 0x00, 0x00, 0x00, 0x00, 0x00, 0x00, 0x00, 0x00
.byte 0x00, 0x00, 0x00, 0x00, 0x00, 0x00, 0x00, 0x00, 0x00, 0x00, 0x00, 0x00
.global gUnknown_83117AC
gUnknown_83117AC:
.byte 0x00, 0x00, 0x00, 0x00, 0x00, 0x00, 0xf0, 0x00, 0x0f, 0x0f, 0x00, 0x00, 0x0f, 0x0f, 0xff, 0x00, 0x00, 0x00, 0xff, 0x0f
.byte 0x0f, 0x00, 0x00, 0x00, 0x0f, 0x00, 0x0f, 0x00, 0x00, 0x00, 0xf0, 0x00, 0x0f, 0x00, 0x00, 0x00, 0x00, 0x00, 0x00, 0x00, 0x00, 0x00, 0x00, 0x00, 0x00, 0x00, 0x00, 0x00, 0x00, 0x00, 0x00, 0x00
.byte 0x00, 0x00, 0x00, 0x00, 0x00, 0x00, 0x00, 0x00, 0x00, 0x00, 0x00, 0x00, 0x00, 0x00, 0x00, 0x00, 0x00, 0x00, 0x00, 0x00
.global gUnknown_83117F4
gUnknown_83117F4:
.byte 0x00, 0x00, 0x00, 0x00, 0x00, 0x00, 0x0f, 0x0f, 0xf0, 0x00, 0x00, 0x00
.byte 0xff, 0x00, 0x0f, 0x0f, 0x00, 0x00, 0x0f, 0x00, 0xff, 0x0f, 0x00, 0x00, 0x0f, 0x00, 0x0f, 0x00, 0x00, 0x00, 0x0f, 0x00, 0xf0, 0x00, 0x00, 0x00, 0x00, 0x00, 0x00, 0x00, 0x00, 0x00, 0x00, 0x00
.byte 0x00, 0x00, 0x00, 0x00, 0x00, 0x00, 0x00, 0x00, 0x00, 0x00, 0x00, 0x00, 0x00, 0x00, 0x00, 0x00, 0x00, 0x00, 0x00, 0x00, 0x00, 0x00, 0x00, 0x00, 0x00, 0x00, 0x00, 0x00
.global gUnknown_831183C
gUnknown_831183C:
.byte 0xf0, 0x0f, 0x0f, 0x00
.byte 0x00, 0x00, 0x0f, 0xf0, 0x00, 0x00, 0x00, 0x00, 0x00, 0x00, 0x00, 0x00, 0x00, 0x00, 0x00, 0x00, 0x00, 0x00, 0x00, 0x00, 0x00, 0x00, 0x00, 0x00, 0x00, 0x00, 0x00, 0x00, 0x00, 0x00, 0x00, 0x00
.byte 0x00, 0x00, 0x00, 0x00, 0x00, 0x00, 0x00, 0x00, 0x00, 0x00, 0x00, 0x00, 0x00, 0x00, 0x00, 0x00, 0x00, 0x00, 0x00, 0x00, 0x00, 0x00, 0x00, 0x00, 0x00, 0x00, 0x00, 0x00, 0x00, 0x00, 0x00, 0x00
.byte 0x00, 0x00, 0x00, 0x00
.global gUnknown_8311884
gUnknown_8311884:
.byte 0x00, 0x00, 0x00, 0x00, 0x00, 0x00, 0xff, 0xff, 0xf0, 0x00, 0x00, 0x00, 0xf0, 0xf0, 0xff, 0x00, 0x00, 0x00, 0xf0, 0xf0, 0xff, 0x00, 0x00, 0x00, 0x00, 0x00, 0x00, 0x00
.byte 0x00, 0x00, 0x00, 0x00, 0x00, 0x00, 0x00, 0x00, 0x00, 0x00, 0x00, 0x00, 0x00, 0x00, 0x00, 0x00, 0x00, 0x00, 0x00, 0x00, 0x00, 0x00, 0x00, 0x00, 0x00, 0x00, 0x00, 0x00, 0x00, 0x00, 0x00, 0x00
.byte 0x00, 0x00, 0x00, 0x00, 0x00, 0x00, 0x00, 0x00, 0x00, 0x00, 0x00, 0x00
.global gUnknown_83118CC
gUnknown_83118CC:
.byte 0x00, 0x00, 0x00, 0x00, 0x00, 0x00, 0x03, 0x30, 0x00, 0x00, 0x00, 0x00, 0x30, 0x03, 0x00, 0x00, 0x00, 0x00, 0x00, 0x00
.byte 0x00, 0x00, 0x00, 0x00, 0x30, 0x33, 0x00, 0x00, 0x00, 0x00, 0x03, 0x00, 0x00, 0x00, 0x00, 0x00, 0x30, 0x33, 0x00, 0x00, 0x00, 0x00, 0x00, 0x00, 0x03, 0x00, 0x00, 0x00, 0x33, 0x33, 0x00, 0x00
.byte 0x00, 0x00, 0x00, 0x00, 0x00, 0x00, 0x00, 0x00, 0x00, 0x00, 0x00, 0x00, 0x00, 0x00, 0x00, 0x00, 0x00, 0x00, 0x00, 0x00
.global gUnknown_8311914
gUnknown_8311914:
.byte 0x00, 0x00, 0x00, 0x00, 0x00, 0x00, 0xf0, 0x00, 0x00, 0x00, 0x00, 0x00
.byte 0x00, 0x0f, 0x00, 0x00, 0x00, 0x00, 0x00, 0xf0, 0x00, 0x00, 0x00, 0x00, 0x00, 0x00, 0x0f, 0x00, 0x00, 0x00, 0x00, 0xf0, 0x00, 0x00, 0x00, 0x00, 0x00, 0x0f, 0x00, 0x00, 0x00, 0x00, 0xf0, 0x00
.byte 0x00, 0x00, 0x00, 0x00, 0x00, 0x00, 0x00, 0x00, 0x00, 0x00, 0x00, 0x00, 0x00, 0x00, 0x00, 0x00, 0x00, 0x00, 0x00, 0x00, 0x00, 0x00, 0x00, 0x00, 0x00, 0x00, 0x00, 0x00
.global gUnknown_831195C
gUnknown_831195C:
.byte 0x00, 0x00, 0x00, 0x00
.byte 0x00, 0x00, 0x00, 0x00, 0x00, 0x00, 0x00, 0x00, 0x00, 0x00, 0x00, 0x00, 0x00, 0x00, 0x00, 0x00, 0x00, 0x00, 0x00, 0x00, 0xf0, 0x0f, 0xff, 0x00, 0x00, 0x00, 0x0f, 0xf0, 0x00, 0x0f, 0x00, 0x00
.byte 0x0f, 0xf0, 0xff, 0x0f, 0x00, 0x00, 0x0f, 0xf0, 0x00, 0x00, 0x00, 0x00, 0xf0, 0x0f, 0xff, 0x0f, 0x00, 0x00, 0x00, 0x00, 0x00, 0x00, 0x00, 0x00, 0x00, 0x00, 0x00, 0x00, 0x00, 0x00, 0x00, 0x00
.byte 0x00, 0x00, 0x00, 0x00
.global gUnknown_83119A4
gUnknown_83119A4:
.byte 0x00, 0x00, 0x00, 0x00, 0x00, 0x00, 0x00, 0x00, 0x00, 0x00, 0x00, 0x00, 0x00, 0x00, 0x00, 0x00, 0x00, 0x00, 0x00, 0x00, 0x00, 0x00, 0x00, 0x00, 0xf0, 0x0f, 0x00, 0x00
.byte 0x00, 0x00, 0xf0, 0x0f, 0x00, 0x00, 0x00, 0x00, 0x00, 0x00, 0x00, 0x00, 0x00, 0x00, 0x00, 0x00, 0x00, 0x00, 0x00, 0x00, 0x00, 0x00, 0x00, 0x00, 0x00, 0x00, 0x00, 0x00, 0x00, 0x00, 0x00, 0x00
.byte 0x00, 0x00, 0x00, 0x00, 0x00, 0x00, 0x00, 0x00, 0x00, 0x00, 0x00, 0x00
.global gUnknown_83119EC
gUnknown_83119EC:
.byte 0x00, 0x00, 0x00, 0x00, 0x00, 0x00, 0x0f, 0xf0, 0x00, 0x00, 0x00, 0x00, 0xf0, 0x0f, 0x00, 0x00, 0x00, 0x00, 0x00, 0x00
.byte 0x00, 0x00, 0x00, 0x00, 0xff, 0xff, 0x00, 0x00, 0x00, 0x00, 0x00, 0xf0, 0x00, 0x00, 0x00, 0x00, 0x00, 0x0f, 0x00, 0x00, 0x00, 0x00, 0xf0, 0x00, 0x00, 0x00, 0x00, 0x00, 0xff, 0xff, 0x00, 0x00
.byte 0x00, 0x00, 0x00, 0x00, 0x00, 0x00, 0x00, 0x00, 0x00, 0x00, 0x00, 0x00, 0x00, 0x00, 0x00, 0x00, 0x00, 0x00, 0x00, 0x00
.global gUnknown_8311A34
gUnknown_8311A34:
.byte 0xf0, 0xf0, 0x00, 0x00, 0x00, 0x00, 0xf0, 0xf0, 0x00, 0x00, 0x00, 0x00
.byte 0x00, 0x00, 0x00, 0x00, 0x00, 0x00, 0x0f, 0x00, 0x0f, 0x00, 0x00, 0x00, 0x0f, 0x00, 0x0f, 0x00, 0x00, 0x00, 0xf0, 0xf0, 0x00, 0x00, 0x00, 0x00, 0xf0, 0xf0, 0x00, 0x00, 0x00, 0x00, 0x00, 0x0f
.byte 0x00, 0x00, 0x00, 0x00, 0x00, 0x0f, 0x00, 0x00, 0x00, 0x00, 0x00, 0x00, 0x00, 0x00, 0x00, 0x00, 0x00, 0x00, 0x00, 0x00, 0x00, 0x00, 0x00, 0x00, 0x00, 0x00, 0x00, 0x00
.global gUnknown_8311A7C
gUnknown_8311A7C:
.byte 0x00, 0x00, 0x00, 0x00
.byte 0x00, 0x00, 0x00, 0x00, 0x00, 0x00, 0x00, 0x00, 0x00, 0x00, 0x00, 0x00, 0x00, 0x00, 0x00, 0x00, 0x00, 0x00, 0x00, 0x00, 0x00, 0x00, 0x00, 0x00, 0x00, 0x00, 0x00, 0x00, 0x00, 0x00, 0x00, 0x00
.byte 0x00, 0x00, 0x00, 0x00, 0x00, 0x00, 0x00, 0x00, 0x00, 0x00, 0x00, 0x00, 0x00, 0x00, 0x00, 0x00, 0x00, 0x00, 0x00, 0x00, 0x00, 0x00, 0x00, 0x00, 0x00, 0x00, 0x00, 0x00, 0x00, 0x00, 0x00, 0x00
.byte 0x00, 0x00, 0x00, 0x00
.global gUnknown_8311AC4
gUnknown_8311AC4:
.byte 0x00, 0x00, 0x00, 0x00, 0x00, 0x00, 0x00, 0x00, 0x00, 0x00, 0x00, 0x00, 0xf0, 0x00, 0x00, 0x00, 0x00, 0x00, 0x00, 0x00, 0x00, 0x00, 0x00, 0x00, 0xf0, 0x00, 0x00, 0x00
.byte 0x00, 0x00, 0xf0, 0x00, 0x00, 0x00, 0x00, 0x00, 0xff, 0x0f, 0x00, 0x00, 0x00, 0x00, 0xff, 0x0f, 0x00, 0x00, 0x00, 0x00, 0xff, 0x0f, 0x00, 0x00, 0x00, 0x00, 0xf0, 0x00, 0x00, 0x00, 0x00, 0x00
.byte 0x00, 0x00, 0x00, 0x00, 0x00, 0x00, 0x00, 0x00, 0x00, 0x00, 0x00, 0x00
.global gUnknown_8311B0C
gUnknown_8311B0C:
.byte 0x00, 0x00, 0x00, 0x00, 0x00, 0x00, 0x00, 0x00, 0x00, 0x00, 0x00, 0x00, 0x00, 0x00, 0x00, 0x00, 0x00, 0x00, 0x00, 0xf0
.byte 0x00, 0x00, 0x00, 0x00, 0xf0, 0xff, 0x00, 0x00, 0x00, 0x00, 0x0f, 0x0f, 0x0f, 0x00, 0x00, 0x00, 0x0f, 0x0f, 0x00, 0x00, 0x00, 0x00, 0x0f, 0x0f, 0x0f, 0x00, 0x00, 0x00, 0xf0, 0xff, 0x00, 0x00
.byte 0x00, 0x00, 0xf0, 0x00, 0x00, 0x00, 0x00, 0x00, 0x00, 0x00, 0x00, 0x00, 0x00, 0x00, 0x00, 0x00, 0x00, 0x00, 0x00, 0x00
.global gUnknown_8311B54
gUnknown_8311B54:
.byte 0x00, 0x00, 0x00, 0x00, 0x00, 0x00, 0x00, 0xff, 0x0f, 0x00, 0x00, 0x00
.byte 0xf0, 0x00, 0xf0, 0x00, 0x00, 0x00, 0xf0, 0x00, 0x00, 0x00, 0x00, 0x00, 0xff, 0xff, 0x0f, 0x00, 0x00, 0x00, 0x00, 0x0f, 0x00, 0x00, 0x00, 0x00, 0xf0, 0x0f, 0x00, 0x00, 0x00, 0x00, 0x0f, 0xf0
.byte 0x00, 0x0f, 0x00, 0x00, 0xf0, 0x0f, 0xff, 0x00, 0x00, 0x00, 0x00, 0x00, 0x00, 0x00, 0x00, 0x00, 0x00, 0x00, 0x00, 0x00, 0x00, 0x00, 0x00, 0x00, 0x00, 0x00, 0x00, 0x00
.global gUnknown_8311B9C
gUnknown_8311B9C:
.byte 0x00, 0x00, 0x00, 0x00
.byte 0x00, 0x00, 0x00, 0x00, 0x00, 0x00, 0x00, 0x00, 0x0f, 0x00, 0x0f, 0x00, 0x00, 0x00, 0xf0, 0xff, 0x00, 0x00, 0x00, 0x00, 0x0f, 0x00, 0x0f, 0x00, 0x00, 0x00, 0x0f, 0x00, 0x0f, 0x00, 0x00, 0x00
.byte 0x0f, 0x00, 0x0f, 0x00, 0x00, 0x00, 0xf0, 0xff, 0x00, 0x00, 0x00, 0x00, 0x0f, 0x00, 0x0f, 0x00, 0x00, 0x00, 0x00, 0x00, 0x00, 0x00, 0x00, 0x00, 0x00, 0x00, 0x00, 0x00, 0x00, 0x00, 0x00, 0x00
.byte 0x00, 0x00, 0x00, 0x00
.global gUnknown_8311BE4
gUnknown_8311BE4:
.byte 0x00, 0x00, 0x00, 0x00, 0x00, 0x00, 0x0f, 0x00, 0x0f, 0x00, 0x00, 0x00, 0xf0, 0xf0, 0x00, 0x00, 0x00, 0x00, 0x00, 0x0f, 0x00, 0x00, 0x00, 0x00, 0xff, 0xff, 0x0f, 0x00
.byte 0x00, 0x00, 0x00, 0x0f, 0x00, 0x00, 0x00, 0x00, 0xff, 0xff, 0x0f, 0x00, 0x00, 0x00, 0x00, 0x0f, 0x00, 0x00, 0x00, 0x00, 0x00, 0x0f, 0x00, 0x00, 0x00, 0x00, 0x00, 0x00, 0x00, 0x00, 0x00, 0x00
.byte 0x00, 0x00, 0x00, 0x00, 0x00, 0x00, 0x00, 0x00, 0x00, 0x00, 0x00, 0x00
.global gUnknown_8311C2C
gUnknown_8311C2C:
.byte 0x00, 0x00, 0x00, 0x00, 0x00, 0x00, 0x0f, 0x00, 0x00, 0x00, 0x00, 0x00, 0x0f, 0x00, 0x00, 0x00, 0x00, 0x00, 0x0f, 0x00
.byte 0x00, 0x00, 0x00, 0x00, 0x00, 0x00, 0x00, 0x00, 0x00, 0x00, 0x00, 0x00, 0x00, 0x00, 0x00, 0x00, 0x0f, 0x00, 0x00, 0x00, 0x00, 0x00, 0x0f, 0x00, 0x00, 0x00, 0x00, 0x00, 0x0f, 0x00, 0x00, 0x00
.byte 0x00, 0x00, 0x00, 0x00, 0x00, 0x00, 0x00, 0x00, 0x00, 0x00, 0x00, 0x00, 0x00, 0x00, 0x00, 0x00, 0x00, 0x00, 0x00, 0x00
.global gUnknown_8311C74
gUnknown_8311C74:
.byte 0x00, 0xff, 0x0f, 0x00, 0x00, 0x00, 0xf0, 0x00, 0xf0, 0x00, 0x00, 0x00
.byte 0x00, 0xff, 0x00, 0x00, 0x00, 0x00, 0xf0, 0x00, 0x0f, 0x00, 0x00, 0x00, 0xf0, 0x00, 0xf0, 0x00, 0x00, 0x00, 0x00, 0x0f, 0xf0, 0x00, 0x00, 0x00, 0x00, 0xf0, 0x0f, 0x00, 0x00, 0x00, 0xf0, 0x00
.byte 0xf0, 0x00, 0x00, 0x00, 0x00, 0xff, 0x0f, 0x00, 0x00, 0x00, 0x00, 0x00, 0x00, 0x00, 0x00, 0x00, 0x00, 0x00, 0x00, 0x00, 0x00, 0x00, 0x00, 0x00, 0x00, 0x00, 0x00, 0x00
.global gUnknown_8311CBC
gUnknown_8311CBC:
.byte 0x0f, 0xf0, 0x0f, 0x00
.byte 0x00, 0x00, 0x0f, 0xf0, 0x0f, 0x00, 0x00, 0x00, 0x00, 0x00, 0x00, 0x00, 0x00, 0x00, 0x00, 0x00, 0x00, 0x00, 0x00, 0x00, 0x00, 0x00, 0x00, 0x00, 0x00, 0x00, 0x00, 0x00, 0x00, 0x00, 0x00, 0x00
.byte 0x00, 0x00, 0x00, 0x00, 0x00, 0x00, 0x00, 0x00, 0x00, 0x00, 0x00, 0x00, 0x00, 0x00, 0x00, 0x00, 0x00, 0x00, 0x00, 0x00, 0x00, 0x00, 0x00, 0x00, 0x00, 0x00, 0x00, 0x00, 0x00, 0x00, 0x00, 0x00
.byte 0x00, 0x00, 0x00, 0x00
.global gUnknown_8311D04
gUnknown_8311D04:
.byte 0x00, 0x00, 0x00, 0x00, 0x00, 0x00, 0x00, 0xff, 0x0f, 0x00, 0x00, 0x00, 0xf0, 0x00, 0xf0, 0x00, 0x00, 0x00, 0x0f, 0xf0, 0x0f, 0x0f, 0x00, 0x00, 0x0f, 0x0f, 0x00, 0x0f
.byte 0x00, 0x00, 0x0f, 0x0f, 0x00, 0x0f, 0x00, 0x00, 0x0f, 0xf0, 0x0f, 0x0f, 0x00, 0x00, 0xf0, 0x00, 0xf0, 0x00, 0x00, 0x00, 0x00, 0xff, 0x0f, 0x00, 0x00, 0x00, 0x00, 0x00, 0x00, 0x00, 0x00, 0x00
.byte 0x00, 0x00, 0x00, 0x00, 0x00, 0x00, 0x00, 0x00, 0x00, 0x00, 0x00, 0x00
.global gUnknown_8311D4C
gUnknown_8311D4C:
.byte 0x00, 0x00, 0x00, 0x00, 0x00, 0x00, 0xff, 0x00, 0x00, 0x00, 0x00, 0x00, 0x00, 0x0f, 0x00, 0x00, 0x00, 0x00, 0xf0, 0x0f
.byte 0x00, 0x00, 0x00, 0x00, 0x0f, 0x0f, 0x00, 0x00, 0x00, 0x00, 0xf0, 0x0f, 0x00, 0x00, 0x00, 0x00, 0x00, 0x00, 0x00, 0x00, 0x00, 0x00, 0x00, 0x00, 0x00, 0x00, 0x00, 0x00, 0x00, 0x00, 0x00, 0x00
.byte 0x00, 0x00, 0x00, 0x00, 0x00, 0x00, 0x00, 0x00, 0x00, 0x00, 0x00, 0x00, 0x00, 0x00, 0x00, 0x00, 0x00, 0x00, 0x00, 0x00
.global gUnknown_8311D94
gUnknown_8311D94:
.byte 0x00, 0x00, 0x00, 0x00, 0x00, 0x00, 0x00, 0xf0, 0x00, 0x0f, 0x00, 0x00
.byte 0x00, 0x0f, 0xf0, 0x00, 0x00, 0x00, 0xf0, 0x00, 0x0f, 0x00, 0x00, 0x00, 0x0f, 0xf0, 0x00, 0x00, 0x00, 0x00, 0xf0, 0x00, 0x0f, 0x00, 0x00, 0x00, 0x00, 0x0f, 0xf0, 0x00, 0x00, 0x00, 0x00, 0xf0
.byte 0x00, 0x0f, 0x00, 0x00, 0x00, 0x00, 0x00, 0x00, 0x00, 0x00, 0x00, 0x00, 0x00, 0x00, 0x00, 0x00, 0x00, 0x00, 0x00, 0x00, 0x00, 0x00, 0x00, 0x00, 0x00, 0x00, 0x00, 0x00
.global gUnknown_8311DDC
gUnknown_8311DDC:
.byte 0x00, 0x00, 0x00, 0x00
.byte 0x00, 0x00, 0x00, 0x00, 0x00, 0x00, 0x00, 0x00, 0x00, 0x00, 0x00, 0x00, 0x00, 0x00, 0x00, 0x00, 0x00, 0x00, 0x00, 0x00, 0xff, 0xff, 0xff, 0x0f, 0x00, 0x00, 0x00, 0x00, 0x00, 0x0f, 0x00, 0x00
.byte 0x00, 0x00, 0x00, 0x0f, 0x00, 0x00, 0x00, 0x00, 0x00, 0x00, 0x00, 0x00, 0x00, 0x00, 0x00, 0x00, 0x00, 0x00, 0x00, 0x00, 0x00, 0x00, 0x00, 0x00, 0x00, 0x00, 0x00, 0x00, 0x00, 0x00, 0x00, 0x00
.byte 0x00, 0x00, 0x00, 0x00
.global gUnknown_8311E24
gUnknown_8311E24:
.byte 0x00, 0x00, 0x00, 0x00, 0x00, 0x00, 0x00, 0x00, 0x00, 0x00, 0x00, 0x00, 0x00, 0x00, 0x00, 0x00, 0x00, 0x00, 0x00, 0x00, 0x00, 0x00, 0x00, 0x00, 0xff, 0xff, 0x0f, 0x00
.byte 0x00, 0x00, 0x00, 0x00, 0x00, 0x00, 0x00, 0x00, 0x00, 0x00, 0x00, 0x00, 0x00, 0x00, 0x00, 0x00, 0x00, 0x00, 0x00, 0x00, 0x00, 0x00, 0x00, 0x00, 0x00, 0x00, 0x00, 0x00, 0x00, 0x00, 0x00, 0x00
.byte 0x00, 0x00, 0x00, 0x00, 0x00, 0x00, 0x00, 0x00, 0x00, 0x00, 0x00, 0x00
.global gUnknown_8311E6C
gUnknown_8311E6C:
.byte 0x00, 0x00, 0x00, 0x00, 0x00, 0x00, 0x00, 0xff, 0x0f, 0x00, 0x00, 0x00, 0xf0, 0x00, 0xf0, 0x00, 0x00, 0x00, 0x0f, 0xff
.byte 0x00, 0x0f, 0x00, 0x00, 0x0f, 0x0f, 0x0f, 0x0f, 0x00, 0x00, 0x0f, 0xff, 0x00, 0x0f, 0x00, 0x00, 0x0f, 0x0f, 0x0f, 0x0f, 0x00, 0x00, 0xf0, 0x0f, 0xf0, 0x00, 0x00, 0x00, 0x00, 0xff, 0x0f, 0x00
.byte 0x00, 0x00, 0x00, 0x00, 0x00, 0x00, 0x00, 0x00, 0x00, 0x00, 0x00, 0x00, 0x00, 0x00, 0x00, 0x00, 0x00, 0x00, 0x00, 0x00
.global gUnknown_8311EB4
gUnknown_8311EB4:
.byte 0xff, 0xff, 0xff, 0xff, 0x00, 0x00, 0x00, 0x00, 0x00, 0x00, 0x00, 0x00
.byte 0x00, 0x00, 0x00, 0x00, 0x00, 0x00, 0x00, 0x00, 0x00, 0x00, 0x00, 0x00, 0x00, 0x00, 0x00, 0x00, 0x00, 0x00, 0x00, 0x00, 0x00, 0x00, 0x00, 0x00, 0x00, 0x00, 0x00, 0x00, 0x00, 0x00, 0x00, 0x00
.byte 0x00, 0x00, 0x00, 0x00, 0x00, 0x00, 0x00, 0x00, 0x00, 0x00, 0x00, 0x00, 0x00, 0x00, 0x00, 0x00, 0x00, 0x00, 0x00, 0x00, 0x00, 0x00, 0x00, 0x00, 0x00, 0x00, 0x00, 0x00
.global gUnknown_8311EFC
gUnknown_8311EFC:
.byte 0xf0, 0x00, 0x00, 0x00
.byte 0x00, 0x00, 0x0f, 0x0f, 0x00, 0x00, 0x00, 0x00, 0xf0, 0x00, 0x00, 0x00, 0x00, 0x00, 0x00, 0x00, 0x00, 0x00, 0x00, 0x00, 0x00, 0x00, 0x00, 0x00, 0x00, 0x00, 0x00, 0x00, 0x00, 0x00, 0x00, 0x00
.byte 0x00, 0x00, 0x00, 0x00, 0x00, 0x00, 0x00, 0x00, 0x00, 0x00, 0x00, 0x00, 0x00, 0x00, 0x00, 0x00, 0x00, 0x00, 0x00, 0x00, 0x00, 0x00, 0x00, 0x00, 0x00, 0x00, 0x00, 0x00, 0x00, 0x00, 0x00, 0x00
.byte 0x00, 0x00, 0x00, 0x00
.global gUnknown_8311F44
gUnknown_8311F44:
.byte 0x00, 0x00, 0x0f, 0x00, 0x00, 0x00, 0x00, 0x00, 0x0f, 0x00, 0x00, 0x00, 0x00, 0x00, 0x0f, 0x00, 0x00, 0x00, 0xf0, 0xff, 0xff, 0xff, 0x00, 0x00, 0x00, 0x00, 0x0f, 0x00
.byte 0x00, 0x00, 0x00, 0x00, 0x0f, 0x00, 0x00, 0x00, 0x00, 0x00, 0x0f, 0x00, 0x00, 0x00, 0x00, 0x00, 0x00, 0x00, 0x00, 0x00, 0xf0, 0xff, 0xff, 0xff, 0x00, 0x00, 0x00, 0x00, 0x00, 0x00, 0x00, 0x00
.byte 0x00, 0x00, 0x00, 0x00, 0x00, 0x00, 0x00, 0x00, 0x00, 0x00, 0x00, 0x00
.global gUnknown_8311F8C
gUnknown_8311F8C:
.byte 0x00, 0x00, 0x00, 0x00, 0x00, 0x00, 0xf0, 0x00, 0x00, 0x00, 0x00, 0x00, 0x0f, 0x0f, 0x00, 0x00, 0x00, 0x00, 0x00, 0x0f
.byte 0x00, 0x00, 0x00, 0x00, 0xf0, 0x00, 0x00, 0x00, 0x00, 0x00, 0xff, 0x0f, 0x00, 0x00, 0x00, 0x00, 0x00, 0x00, 0x00, 0x00, 0x00, 0x00, 0x00, 0x00, 0x00, 0x00, 0x00, 0x00, 0x00, 0x00, 0x00, 0x00
.byte 0x00, 0x00, 0x00, 0x00, 0x00, 0x00, 0x00, 0x00, 0x00, 0x00, 0x00, 0x00, 0x00, 0x00, 0x00, 0x00, 0x00, 0x00, 0x00, 0x00
.global gUnknown_8311FD4
gUnknown_8311FD4:
.byte 0x00, 0x00, 0x00, 0x00, 0x00, 0x00, 0xff, 0x00, 0x00, 0x00, 0x00, 0x00
.byte 0x00, 0x0f, 0x00, 0x00, 0x00, 0x00, 0xff, 0x00, 0x00, 0x00, 0x00, 0x00, 0x00, 0x0f, 0x00, 0x00, 0x00, 0x00, 0xff, 0x00, 0x00, 0x00, 0x00, 0x00, 0x00, 0x00, 0x00, 0x00, 0x00, 0x00, 0x00, 0x00
.byte 0x00, 0x00, 0x00, 0x00, 0x00, 0x00, 0x00, 0x00, 0x00, 0x00, 0x00, 0x00, 0x00, 0x00, 0x00, 0x00, 0x00, 0x00, 0x00, 0x00, 0x00, 0x00, 0x00, 0x00, 0x00, 0x00, 0x00, 0x00
.global gUnknown_831201C
gUnknown_831201C:
.byte 0x00, 0x0f, 0x00, 0x00
.byte 0x00, 0x00, 0xf0, 0x00, 0x00, 0x00, 0x00, 0x00, 0x00, 0x00, 0x00, 0x00, 0x00, 0x00, 0x00, 0x00, 0x00, 0x00, 0x00, 0x00, 0x00, 0x00, 0x00, 0x00, 0x00, 0x00, 0x00, 0x00, 0x00, 0x00, 0x00, 0x00
.byte 0x00, 0x00, 0x00, 0x00, 0x00, 0x00, 0x00, 0x00, 0x00, 0x00, 0x00, 0x00, 0x00, 0x00, 0x00, 0x00, 0x00, 0x00, 0x00, 0x00, 0x00, 0x00, 0x00, 0x00, 0x00, 0x00, 0x00, 0x00, 0x00, 0x00, 0x00, 0x00
.byte 0x00, 0x00, 0x00, 0x00
.global gUnknown_8312064
gUnknown_8312064:
.byte 0x00, 0x00, 0x00, 0x00, 0x00, 0x00, 0x00, 0x00, 0x00, 0x00, 0x00, 0x00, 0x00, 0x00, 0x00, 0x00, 0x00, 0x00, 0x00, 0x00, 0x00, 0x00, 0x00, 0x00, 0x0f, 0x00, 0x0f, 0x00
.byte 0x00, 0x00, 0x0f, 0x00, 0x0f, 0x00, 0x00, 0x00, 0x0f, 0x00, 0x0f, 0x00, 0x00, 0x00, 0x0f, 0xf0, 0x0f, 0x00, 0x00, 0x00, 0xff, 0x0f, 0x0f, 0x00, 0x00, 0x00, 0x0f, 0x00, 0x00, 0x00, 0x00, 0x00
.byte 0x00, 0x00, 0x00, 0x00, 0x00, 0x00, 0x00, 0x00, 0x00, 0x00, 0x00, 0x00
.global gUnknown_83120AC
gUnknown_83120AC:
.byte 0xff, 0xff, 0x00, 0x00, 0x00, 0x00, 0xff, 0xf0, 0x00, 0x00, 0x00, 0x00, 0xff, 0xf0, 0x00, 0x00, 0x00, 0x00, 0xff, 0xf0
.byte 0x00, 0x00, 0x00, 0x00, 0xff, 0xf0, 0x00, 0x00, 0x00, 0x00, 0xf0, 0xf0, 0x00, 0x00, 0x00, 0x00, 0xf0, 0xf0, 0x00, 0x00, 0x00, 0x00, 0xf0, 0xf0, 0x00, 0x00, 0x00, 0x00, 0xf0, 0xf0, 0x00, 0x00
.byte 0x00, 0x00, 0x00, 0x00, 0x00, 0x00, 0x00, 0x00, 0x00, 0x00, 0x00, 0x00, 0x00, 0x00, 0x00, 0x00, 0x00, 0x00, 0x00, 0x00
.global gUnknown_83120F4
gUnknown_83120F4:
.byte 0x00, 0x00, 0x00, 0x00, 0x00, 0x00, 0x00, 0x00, 0x00, 0x00, 0x00, 0x00
.byte 0x00, 0x00, 0x00, 0x00, 0x00, 0x00, 0x00, 0x00, 0x00, 0x00, 0x00, 0x00, 0x00, 0x00, 0x00, 0x00, 0x00, 0x00, 0x00, 0x00, 0x00, 0x00, 0x00, 0x00, 0x00, 0x00, 0x00, 0x00, 0x00, 0x00, 0xff, 0xf0
.byte 0x0f, 0x00, 0x00, 0x00, 0xf0, 0x00, 0x0f, 0x00, 0x00, 0x00, 0x0f, 0xf0, 0x00, 0x00, 0x00, 0x00, 0x00, 0x00, 0x00, 0x00, 0x00, 0x00, 0x00, 0x00, 0x00, 0x00, 0x00, 0x00
.global gUnknown_831213C
gUnknown_831213C:
.byte 0x00, 0x00, 0x00, 0x00
.byte 0x00, 0x00, 0x00, 0x00, 0x00, 0x00, 0x00, 0x00, 0x00, 0x00, 0x00, 0x00, 0x00, 0x00, 0x00, 0x00, 0x00, 0x00, 0x00, 0x00, 0x00, 0x00, 0x00, 0x00, 0x00, 0x00, 0x00, 0x00, 0x00, 0x00, 0x00, 0x00
.byte 0x00, 0x00, 0x00, 0x00, 0x00, 0x00, 0xff, 0x00, 0x00, 0x00, 0x00, 0x00, 0xf0, 0x00, 0x00, 0x00, 0x00, 0x00, 0x0f, 0x00, 0x00, 0x00, 0x00, 0x00, 0x00, 0x00, 0x00, 0x00, 0x00, 0x00, 0x00, 0x00
.byte 0x00, 0x00, 0x00, 0x00
.global gUnknown_8312184
gUnknown_8312184:
.byte 0x00, 0x00, 0x00, 0x00, 0x00, 0x00, 0xf0, 0x00, 0x00, 0x00, 0x00, 0x00, 0xff, 0x00, 0x00, 0x00, 0x00, 0x00, 0xf0, 0x00, 0x00, 0x00, 0x00, 0x00, 0xf0, 0x00, 0x00, 0x00
.byte 0x00, 0x00, 0xf0, 0x00, 0x00, 0x00, 0x00, 0x00, 0x00, 0x00, 0x00, 0x00, 0x00, 0x00, 0x00, 0x00, 0x00, 0x00, 0x00, 0x00, 0x00, 0x00, 0x00, 0x00, 0x00, 0x00, 0x00, 0x00, 0x00, 0x00, 0x00, 0x00
.byte 0x00, 0x00, 0x00, 0x00, 0x00, 0x00, 0x00, 0x00, 0x00, 0x00, 0x00, 0x00
.global gUnknown_83121CC
gUnknown_83121CC:
.byte 0x00, 0x00, 0x00, 0x00, 0x00, 0x00, 0xf0, 0x00, 0x00, 0x00, 0x00, 0x00, 0x0f, 0x0f, 0x00, 0x00, 0x00, 0x00, 0x0f, 0x0f
.byte 0x00, 0x00, 0x00, 0x00, 0x0f, 0x0f, 0x00, 0x00, 0x00, 0x00, 0xf0, 0x00, 0x00, 0x00, 0x00, 0x00, 0x00, 0x00, 0x00, 0x00, 0x00, 0x00, 0x00, 0x00, 0x00, 0x00, 0x00, 0x00, 0x00, 0x00, 0x00, 0x00
.byte 0x00, 0x00, 0x00, 0x00, 0x00, 0x00, 0x00, 0x00, 0x00, 0x00, 0x00, 0x00, 0x00, 0x00, 0x00, 0x00, 0x00, 0x00, 0x00, 0x00
.global gUnknown_8312214
gUnknown_8312214:
.byte 0x00, 0x00, 0x00, 0x00, 0x00, 0x00, 0x0f, 0xf0, 0x00, 0x00, 0x00, 0x00
.byte 0xf0, 0x00, 0x0f, 0x00, 0x00, 0x00, 0x00, 0x0f, 0xf0, 0x00, 0x00, 0x00, 0x00, 0xf0, 0x00, 0x0f, 0x00, 0x00, 0x00, 0x0f, 0xf0, 0x00, 0x00, 0x00, 0xf0, 0x00, 0x0f, 0x00, 0x00, 0x00, 0x0f, 0xf0
.byte 0x00, 0x00, 0x00, 0x00, 0x00, 0x00, 0x00, 0x00, 0x00, 0x00, 0x00, 0x00, 0x00, 0x00, 0x00, 0x00, 0x00, 0x00, 0x00, 0x00, 0x00, 0x00, 0x00, 0x00, 0x00, 0x00, 0x00, 0x00
.global gUnknown_831225C
gUnknown_831225C:
.byte 0x00, 0x00, 0x00, 0x00
.byte 0x00, 0x00, 0x00, 0x00, 0x03, 0x00, 0x00, 0x00, 0x00, 0x33, 0x00, 0x00, 0x00, 0x00, 0x30, 0x03, 0x00, 0x00, 0x00, 0x00, 0x33, 0x33, 0x33, 0x33, 0x03, 0x00, 0x30, 0x03, 0x00, 0x00, 0x00, 0x00
.byte 0x00, 0x33, 0x00, 0x00, 0x00, 0x00, 0x00, 0x00, 0x03, 0x00, 0x00, 0x00, 0x00, 0x00, 0x00, 0x00, 0x00, 0x00, 0x00, 0x00, 0x00, 0x00, 0x00, 0x00, 0x00, 0x00, 0x00, 0x00, 0x00, 0x00, 0x00, 0x00
.byte 0x00, 0x00, 0x00, 0x00
.global gUnknown_83122A4
gUnknown_83122A4:
.byte 0x00, 0x00, 0x00, 0x00, 0x00, 0x00, 0x00, 0xf0, 0xff, 0x0f, 0x00, 0x00, 0x00, 0x00, 0xf0, 0x0f, 0x00, 0x00, 0x00, 0x00, 0x0f, 0x0f, 0x00, 0x00, 0xf0, 0xff, 0x00, 0x0f
.byte 0x00, 0x00, 0x0f, 0xf0, 0x00, 0x00, 0x00, 0x00, 0x0f, 0xf0, 0x00, 0x00, 0x00, 0x00, 0xf0, 0x0f, 0x00, 0x00, 0x00, 0x00, 0x00, 0x00, 0x00, 0x00, 0x00, 0x00, 0x00, 0x00, 0x00, 0x00, 0x00, 0x00
.byte 0x00, 0x00, 0x00, 0x00, 0x00, 0x00, 0x00, 0x00, 0x00, 0x00, 0x00, 0x00
.global gUnknown_83122EC
gUnknown_83122EC:
.byte 0x00, 0x00, 0x00, 0x00, 0x00, 0x00, 0x00, 0xff, 0x0f, 0x00, 0x00, 0x00, 0xf0, 0x00, 0xf0, 0x00, 0x00, 0x00, 0xf0, 0x00
.byte 0xf0, 0x00, 0x00, 0x00, 0x00, 0xff, 0x0f, 0x00, 0x00, 0x00, 0x00, 0xf0, 0x00, 0x00, 0x00, 0x00, 0xf0, 0xff, 0xff, 0x00, 0x00, 0x00, 0x00, 0xf0, 0x00, 0x00, 0x00, 0x00, 0x00, 0xf0, 0x00, 0x00
.byte 0x00, 0x00, 0x00, 0x00, 0x00, 0x00, 0x00, 0x00, 0x00, 0x00, 0x00, 0x00, 0x00, 0x00, 0x00, 0x00, 0x00, 0x00, 0x00, 0x00
.global gUnknown_8312334
gUnknown_8312334:
.byte 0x00, 0x00, 0x00, 0x00, 0x00, 0x00, 0x00, 0x00, 0x00, 0x00, 0x00, 0x00
.byte 0x00, 0x0f, 0x00, 0x00, 0x00, 0x00, 0x00, 0x00, 0x00, 0x00, 0x00, 0x00, 0x00, 0x0f, 0x00, 0x00, 0x00, 0x00, 0xf0, 0x00, 0x00, 0x00, 0x00, 0x00, 0x0f, 0xf0, 0x00, 0x00, 0x00, 0x00, 0x0f, 0xf0
.byte 0x00, 0x00, 0x00, 0x00, 0xf0, 0x0f, 0x00, 0x00, 0x00, 0x00, 0x00, 0x00, 0x00, 0x00, 0x00, 0x00, 0x00, 0x00, 0x00, 0x00, 0x00, 0x00, 0x00, 0x00, 0x00, 0x00, 0x00, 0x00
.global gUnknown_831237C
gUnknown_831237C:
.byte 0xf0, 0x0f, 0x00, 0x00
.byte 0x00, 0x00, 0x00, 0xf0, 0x00, 0x00, 0x00, 0x00, 0x00, 0x00, 0x00, 0x00, 0x00, 0x00, 0x00, 0xf0, 0x00, 0x00, 0x00, 0x00, 0x00, 0x0f, 0x0f, 0x00, 0x00, 0x00, 0xf0, 0x00, 0xf0, 0x00, 0x00, 0x00
.byte 0xf0, 0xff, 0xff, 0x00, 0x00, 0x00, 0x0f, 0x00, 0x00, 0x0f, 0x00, 0x00, 0x0f, 0x00, 0x00, 0x0f, 0x00, 0x00, 0x00, 0x00, 0x00, 0x00, 0x00, 0x00, 0x00, 0x00, 0x00, 0x00, 0x00, 0x00, 0x00, 0x00
.byte 0x00, 0x00, 0x00, 0x00
.global gUnknown_83123C4
gUnknown_83123C4:
.byte 0x00, 0x00, 0xff, 0x00, 0x00, 0x00, 0x00, 0xf0, 0x00, 0x00, 0x00, 0x00, 0x00, 0x00, 0x00, 0x00, 0x00, 0x00, 0x00, 0xf0, 0x00, 0x00, 0x00, 0x00, 0x00, 0x0f, 0x0f, 0x00
.byte 0x00, 0x00, 0xf0, 0x00, 0xf0, 0x00, 0x00, 0x00, 0xf0, 0xff, 0xff, 0x00, 0x00, 0x00, 0x0f, 0x00, 0x00, 0x0f, 0x00, 0x00, 0x0f, 0x00, 0x00, 0x0f, 0x00, 0x00, 0x00, 0x00, 0x00, 0x00, 0x00, 0x00
.byte 0x00, 0x00, 0x00, 0x00, 0x00, 0x00, 0x00, 0x00, 0x00, 0x00, 0x00, 0x00
.global gUnknown_831240C
gUnknown_831240C:
.byte 0x00, 0xf0, 0x00, 0x00, 0x00, 0x00, 0x00, 0x0f, 0x0f, 0x00, 0x00, 0x00, 0x00, 0x00, 0x00, 0x00, 0x00, 0x00, 0x00, 0xf0
.byte 0x00, 0x00, 0x00, 0x00, 0x00, 0x0f, 0x0f, 0x00, 0x00, 0x00, 0xf0, 0x00, 0xf0, 0x00, 0x00, 0x00, 0xf0, 0xff, 0xff, 0x00, 0x00, 0x00, 0x0f, 0x00, 0x00, 0x0f, 0x00, 0x00, 0x0f, 0x00, 0x00, 0x0f
.byte 0x00, 0x00, 0x00, 0x00, 0x00, 0x00, 0x00, 0x00, 0x00, 0x00, 0x00, 0x00, 0x00, 0x00, 0x00, 0x00, 0x00, 0x00, 0x00, 0x00
.global gUnknown_8312454
gUnknown_8312454:
.byte 0x00, 0x0f, 0x0f, 0x00, 0x00, 0x00, 0xf0, 0xf0, 0x00, 0x00, 0x00, 0x00
.byte 0x00, 0x00, 0x00, 0x00, 0x00, 0x00, 0x00, 0xf0, 0x00, 0x00, 0x00, 0x00, 0x00, 0x0f, 0x0f, 0x00, 0x00, 0x00, 0xf0, 0x00, 0xf0, 0x00, 0x00, 0x00, 0xf0, 0xff, 0xff, 0x00, 0x00, 0x00, 0x0f, 0x00
.byte 0x00, 0x0f, 0x00, 0x00, 0x0f, 0x00, 0x00, 0x0f, 0x00, 0x00, 0x00, 0x00, 0x00, 0x00, 0x00, 0x00, 0x00, 0x00, 0x00, 0x00, 0x00, 0x00, 0x00, 0x00, 0x00, 0x00, 0x00, 0x00
.global gUnknown_831249C
gUnknown_831249C:
.byte 0x00, 0x0f, 0x0f, 0x00
.byte 0x00, 0x00, 0x00, 0x00, 0x00, 0x00, 0x00, 0x00, 0x00, 0xf0, 0x00, 0x00, 0x00, 0x00, 0x00, 0x0f, 0x0f, 0x00, 0x00, 0x00, 0x00, 0x0f, 0x0f, 0x00, 0x00, 0x00, 0xf0, 0x00, 0xf0, 0x00, 0x00, 0x00
.byte 0xf0, 0xff, 0xff, 0x00, 0x00, 0x00, 0x0f, 0x00, 0x00, 0x0f, 0x00, 0x00, 0x0f, 0x00, 0x00, 0x0f, 0x00, 0x00, 0x00, 0x00, 0x00, 0x00, 0x00, 0x00, 0x00, 0x00, 0x00, 0x00, 0x00, 0x00, 0x00, 0x00
.byte 0x00, 0x00, 0x00, 0x00
.global gUnknown_83124E4
gUnknown_83124E4:
.byte 0x00, 0xf0, 0x00, 0x00, 0x00, 0x00, 0x00, 0x0f, 0x0f, 0x00, 0x00, 0x00, 0x00, 0x0f, 0x0f, 0x00, 0x00, 0x00, 0x00, 0xf0, 0x00, 0x00, 0x00, 0x00, 0x00, 0x0f, 0x0f, 0x00
.byte 0x00, 0x00, 0xf0, 0x00, 0xf0, 0x00, 0x00, 0x00, 0xf0, 0xff, 0xff, 0x00, 0x00, 0x00, 0x0f, 0x00, 0x00, 0x0f, 0x00, 0x00, 0x0f, 0x00, 0x00, 0x0f, 0x00, 0x00, 0x00, 0x00, 0x00, 0x00, 0x00, 0x00
.byte 0x00, 0x00, 0x00, 0x00, 0x00, 0x00, 0x00, 0x00, 0x00, 0x00, 0x00, 0x00
.global gUnknown_831252C
gUnknown_831252C:
.byte 0x00, 0x00, 0x00, 0x00, 0x00, 0x00, 0x00, 0x00, 0x00, 0x00, 0x00, 0x00, 0x00, 0xff, 0xff, 0x0f, 0x00, 0x00, 0x00, 0xff
.byte 0x00, 0x00, 0x00, 0x00, 0xf0, 0xf0, 0x00, 0x00, 0x00, 0x00, 0xf0, 0xff, 0xff, 0x0f, 0x00, 0x00, 0x0f, 0xf0, 0x00, 0x00, 0x00, 0x00, 0x0f, 0xf0, 0x00, 0x00, 0x00, 0x00, 0x0f, 0xf0, 0xff, 0x0f
.byte 0x00, 0x00, 0x00, 0x00, 0x00, 0x00, 0x00, 0x00, 0x00, 0x00, 0x00, 0x00, 0x00, 0x00, 0x00, 0x00, 0x00, 0x00, 0x00, 0x00
.global gUnknown_8312574
gUnknown_8312574:
.byte 0x00, 0x00, 0x00, 0x00, 0x00, 0x00, 0x00, 0xff, 0x0f, 0x00, 0x00, 0x00
.byte 0xf0, 0x00, 0xf0, 0x00, 0x00, 0x00, 0x0f, 0x00, 0x00, 0x0f, 0x00, 0x00, 0x0f, 0x00, 0x00, 0x00, 0x00, 0x00, 0x0f, 0x00, 0x00, 0x0f, 0x00, 0x00, 0xf0, 0x00, 0xf0, 0x00, 0x00, 0x00, 0x00, 0xff
.byte 0x0f, 0x00, 0x00, 0x00, 0x00, 0xf0, 0x00, 0x00, 0x00, 0x00, 0xf0, 0x0f, 0x00, 0x00, 0x00, 0x00, 0x00, 0x00, 0x00, 0x00, 0x00, 0x00, 0x00, 0x00, 0x00, 0x00, 0x00, 0x00
.global gUnknown_83125BC
gUnknown_83125BC:
.byte 0xff, 0x00, 0x00, 0x00
.byte 0x00, 0x00, 0x00, 0x0f, 0x00, 0x00, 0x00, 0x00, 0x00, 0x00, 0x00, 0x00, 0x00, 0x00, 0xff, 0xff, 0xff, 0x00, 0x00, 0x00, 0x0f, 0x00, 0x00, 0x00, 0x00, 0x00, 0xff, 0xff, 0x0f, 0x00, 0x00, 0x00
.byte 0x0f, 0x00, 0x00, 0x00, 0x00, 0x00, 0x0f, 0x00, 0x00, 0x00, 0x00, 0x00, 0xff, 0xff, 0xff, 0x00, 0x00, 0x00, 0x00, 0x00, 0x00, 0x00, 0x00, 0x00, 0x00, 0x00, 0x00, 0x00, 0x00, 0x00, 0x00, 0x00
.byte 0x00, 0x00, 0x00, 0x00
.global gUnknown_8312604
gUnknown_8312604:
.byte 0x00, 0xf0, 0x0f, 0x00, 0x00, 0x00, 0x00, 0x0f, 0x00, 0x00, 0x00, 0x00, 0x00, 0x00, 0x00, 0x00, 0x00, 0x00, 0xff, 0xff, 0xff, 0x00, 0x00, 0x00, 0x0f, 0x00, 0x00, 0x00
.byte 0x00, 0x00, 0xff, 0xff, 0x0f, 0x00, 0x00, 0x00, 0x0f, 0x00, 0x00, 0x00, 0x00, 0x00, 0x0f, 0x00, 0x00, 0x00, 0x00, 0x00, 0xff, 0xff, 0xff, 0x00, 0x00, 0x00, 0x00, 0x00, 0x00, 0x00, 0x00, 0x00
.byte 0x00, 0x00, 0x00, 0x00, 0x00, 0x00, 0x00, 0x00, 0x00, 0x00, 0x00, 0x00
.global gUnknown_831264C
gUnknown_831264C:
.byte 0x00, 0x0f, 0x00, 0x00, 0x00, 0x00, 0xf0, 0xf0, 0x00, 0x00, 0x00, 0x00, 0x00, 0x00, 0x00, 0x00, 0x00, 0x00, 0xff, 0xff
.byte 0xff, 0x00, 0x00, 0x00, 0x0f, 0x00, 0x00, 0x00, 0x00, 0x00, 0xff, 0xff, 0x0f, 0x00, 0x00, 0x00, 0x0f, 0x00, 0x00, 0x00, 0x00, 0x00, 0x0f, 0x00, 0x00, 0x00, 0x00, 0x00, 0xff, 0xff, 0xff, 0x00
.byte 0x00, 0x00, 0x00, 0x00, 0x00, 0x00, 0x00, 0x00, 0x00, 0x00, 0x00, 0x00, 0x00, 0x00, 0x00, 0x00, 0x00, 0x00, 0x00, 0x00
.global gUnknown_8312694
gUnknown_8312694:
.byte 0xf0, 0x00, 0x0f, 0x00, 0x00, 0x00, 0x00, 0x00, 0x00, 0x00, 0x00, 0x00
.byte 0xff, 0xff, 0xff, 0x00, 0x00, 0x00, 0x0f, 0x00, 0x00, 0x00, 0x00, 0x00, 0x0f, 0x00, 0x00, 0x00, 0x00, 0x00, 0xff, 0xff, 0x0f, 0x00, 0x00, 0x00, 0x0f, 0x00, 0x00, 0x00, 0x00, 0x00, 0x0f, 0x00
.byte 0x00, 0x00, 0x00, 0x00, 0xff, 0xff, 0xff, 0x00, 0x00, 0x00, 0x00, 0x00, 0x00, 0x00, 0x00, 0x00, 0x00, 0x00, 0x00, 0x00, 0x00, 0x00, 0x00, 0x00, 0x00, 0x00, 0x00, 0x00
.global gUnknown_83126DC
gUnknown_83126DC:
.byte 0xff, 0x00, 0x00, 0x00
.byte 0x00, 0x00, 0x00, 0x0f, 0x00, 0x00, 0x00, 0x00, 0x00, 0x00, 0x00, 0x00, 0x00, 0x00, 0xff, 0x0f, 0x00, 0x00, 0x00, 0x00, 0xf0, 0x00, 0x00, 0x00, 0x00, 0x00, 0xf0, 0x00, 0x00, 0x00, 0x00, 0x00
.byte 0xf0, 0x00, 0x00, 0x00, 0x00, 0x00, 0xf0, 0x00, 0x00, 0x00, 0x00, 0x00, 0xff, 0x0f, 0x00, 0x00, 0x00, 0x00, 0x00, 0x00, 0x00, 0x00, 0x00, 0x00, 0x00, 0x00, 0x00, 0x00, 0x00, 0x00, 0x00, 0x00
.byte 0x00, 0x00, 0x00, 0x00
.global gUnknown_8312724
gUnknown_8312724:
.byte 0xf0, 0x0f, 0x00, 0x00, 0x00, 0x00, 0x0f, 0x00, 0x00, 0x00, 0x00, 0x00, 0x00, 0x00, 0x00, 0x00, 0x00, 0x00, 0xff, 0x0f, 0x00, 0x00, 0x00, 0x00, 0xf0, 0x00, 0x00, 0x00
.byte 0x00, 0x00, 0xf0, 0x00, 0x00, 0x00, 0x00, 0x00, 0xf0, 0x00, 0x00, 0x00, 0x00, 0x00, 0xf0, 0x00, 0x00, 0x00, 0x00, 0x00, 0xff, 0x0f, 0x00, 0x00, 0x00, 0x00, 0x00, 0x00, 0x00, 0x00, 0x00, 0x00
.byte 0x00, 0x00, 0x00, 0x00, 0x00, 0x00, 0x00, 0x00, 0x00, 0x00, 0x00, 0x00
.global gUnknown_831276C
gUnknown_831276C:
.byte 0xf0, 0x00, 0x00, 0x00, 0x00, 0x00, 0x0f, 0x0f, 0x00, 0x00, 0x00, 0x00, 0x00, 0x00, 0x00, 0x00, 0x00, 0x00, 0xff, 0x0f
.byte 0x00, 0x00, 0x00, 0x00, 0xf0, 0x00, 0x00, 0x00, 0x00, 0x00, 0xf0, 0x00, 0x00, 0x00, 0x00, 0x00, 0xf0, 0x00, 0x00, 0x00, 0x00, 0x00, 0xf0, 0x00, 0x00, 0x00, 0x00, 0x00, 0xff, 0x0f, 0x00, 0x00
.byte 0x00, 0x00, 0x00, 0x00, 0x00, 0x00, 0x00, 0x00, 0x00, 0x00, 0x00, 0x00, 0x00, 0x00, 0x00, 0x00, 0x00, 0x00, 0x00, 0x00
.global gUnknown_83127B4
gUnknown_83127B4:
.byte 0x0f, 0x0f, 0x00, 0x00, 0x00, 0x00, 0x00, 0x00, 0x00, 0x00, 0x00, 0x00
.byte 0xff, 0x0f, 0x00, 0x00, 0x00, 0x00, 0xf0, 0x00, 0x00, 0x00, 0x00, 0x00, 0xf0, 0x00, 0x00, 0x00, 0x00, 0x00, 0xf0, 0x00, 0x00, 0x00, 0x00, 0x00, 0xf0, 0x00, 0x00, 0x00, 0x00, 0x00, 0xf0, 0x00
.byte 0x00, 0x00, 0x00, 0x00, 0xff, 0x0f, 0x00, 0x00, 0x00, 0x00, 0x00, 0x00, 0x00, 0x00, 0x00, 0x00, 0x00, 0x00, 0x00, 0x00, 0x00, 0x00, 0x00, 0x00, 0x00, 0x00, 0x00, 0x00
.global gUnknown_83127FC
gUnknown_83127FC:
.byte 0x00, 0x00, 0x00, 0x00
.byte 0x00, 0x00, 0x00, 0x00, 0x00, 0x00, 0x00, 0x00, 0xff, 0xff, 0x00, 0x00, 0x00, 0x00, 0x0f, 0x00, 0x0f, 0x00, 0x00, 0x00, 0x0f, 0x00, 0xf0, 0x00, 0x00, 0x00, 0xff, 0x0f, 0xf0, 0x00, 0x00, 0x00
.byte 0x0f, 0x00, 0xf0, 0x00, 0x00, 0x00, 0x0f, 0x00, 0x0f, 0x00, 0x00, 0x00, 0xff, 0xff, 0x00, 0x00, 0x00, 0x00, 0x00, 0x00, 0x00, 0x00, 0x00, 0x00, 0x00, 0x00, 0x00, 0x00, 0x00, 0x00, 0x00, 0x00
.byte 0x00, 0x00, 0x00, 0x00
.global gUnknown_8312844
gUnknown_8312844:
.byte 0x00, 0x0f, 0x0f, 0x00, 0x00, 0x00, 0xf0, 0xf0, 0x00, 0x00, 0x00, 0x00, 0x00, 0x00, 0x00, 0x00, 0x00, 0x00, 0xff, 0x00, 0xf0, 0x00, 0x00, 0x00, 0x0f, 0x0f, 0xf0, 0x00
.byte 0x00, 0x00, 0x0f, 0xf0, 0xf0, 0x00, 0x00, 0x00, 0x0f, 0xf0, 0xf0, 0x00, 0x00, 0x00, 0x0f, 0x00, 0xff, 0x00, 0x00, 0x00, 0x0f, 0x00, 0xf0, 0x00, 0x00, 0x00, 0x00, 0x00, 0x00, 0x00, 0x00, 0x00
.byte 0x00, 0x00, 0x00, 0x00, 0x00, 0x00, 0x00, 0x00, 0x00, 0x00, 0x00, 0x00
.global gUnknown_831288C
gUnknown_831288C:
.byte 0xf0, 0x0f, 0x00, 0x00, 0x00, 0x00, 0x00, 0xf0, 0x00, 0x00, 0x00, 0x00, 0x00, 0x00, 0x00, 0x00, 0x00, 0x00, 0x00, 0xff
.byte 0x00, 0x00, 0x00, 0x00, 0xf0, 0x00, 0x0f, 0x00, 0x00, 0x00, 0x0f, 0x00, 0xf0, 0x00, 0x00, 0x00, 0x0f, 0x00, 0xf0, 0x00, 0x00, 0x00, 0xf0, 0x00, 0x0f, 0x00, 0x00, 0x00, 0x00, 0xff, 0x00, 0x00
.byte 0x00, 0x00, 0x00, 0x00, 0x00, 0x00, 0x00, 0x00, 0x00, 0x00, 0x00, 0x00, 0x00, 0x00, 0x00, 0x00, 0x00, 0x00, 0x00, 0x00
.global gUnknown_83128D4
gUnknown_83128D4:
.byte 0x00, 0xf0, 0x0f, 0x00, 0x00, 0x00, 0x00, 0x0f, 0x00, 0x00, 0x00, 0x00
.byte 0x00, 0x00, 0x00, 0x00, 0x00, 0x00, 0x00, 0xff, 0x00, 0x00, 0x00, 0x00, 0xf0, 0x00, 0x0f, 0x00, 0x00, 0x00, 0x0f, 0x00, 0xf0, 0x00, 0x00, 0x00, 0x0f, 0x00, 0xf0, 0x00, 0x00, 0x00, 0xf0, 0x00
.byte 0x0f, 0x00, 0x00, 0x00, 0x00, 0xff, 0x00, 0x00, 0x00, 0x00, 0x00, 0x00, 0x00, 0x00, 0x00, 0x00, 0x00, 0x00, 0x00, 0x00, 0x00, 0x00, 0x00, 0x00, 0x00, 0x00, 0x00, 0x00
.global gUnknown_831291C
gUnknown_831291C:
.byte 0x00, 0x0f, 0x00, 0x00
.byte 0x00, 0x00, 0xf0, 0xf0, 0x00, 0x00, 0x00, 0x00, 0x00, 0x00, 0x00, 0x00, 0x00, 0x00, 0x00, 0xff, 0x00, 0x00, 0x00, 0x00, 0xf0, 0x00, 0x0f, 0x00, 0x00, 0x00, 0x0f, 0x00, 0xf0, 0x00, 0x00, 0x00
.byte 0x0f, 0x00, 0xf0, 0x00, 0x00, 0x00, 0xf0, 0x00, 0x0f, 0x00, 0x00, 0x00, 0x00, 0xff, 0x00, 0x00, 0x00, 0x00, 0x00, 0x00, 0x00, 0x00, 0x00, 0x00, 0x00, 0x00, 0x00, 0x00, 0x00, 0x00, 0x00, 0x00
.byte 0x00, 0x00, 0x00, 0x00
.global gUnknown_8312964
gUnknown_8312964:
.byte 0x00, 0x0f, 0x0f, 0x00, 0x00, 0x00, 0xf0, 0xf0, 0x00, 0x00, 0x00, 0x00, 0x00, 0x00, 0x00, 0x00, 0x00, 0x00, 0x00, 0xff, 0x00, 0x00, 0x00, 0x00, 0xf0, 0x00, 0x0f, 0x00
.byte 0x00, 0x00, 0x0f, 0x00, 0xf0, 0x00, 0x00, 0x00, 0x0f, 0x00, 0xf0, 0x00, 0x00, 0x00, 0xf0, 0x00, 0x0f, 0x00, 0x00, 0x00, 0x00, 0xff, 0x00, 0x00, 0x00, 0x00, 0x00, 0x00, 0x00, 0x00, 0x00, 0x00
.byte 0x00, 0x00, 0x00, 0x00, 0x00, 0x00, 0x00, 0x00, 0x00, 0x00, 0x00, 0x00
.global gUnknown_83129AC
gUnknown_83129AC:
.byte 0xf0, 0xf0, 0x00, 0x00, 0x00, 0x00, 0x00, 0x00, 0x00, 0x00, 0x00, 0x00, 0x00, 0xff, 0x00, 0x00, 0x00, 0x00, 0xf0, 0x00
.byte 0x0f, 0x00, 0x00, 0x00, 0x0f, 0x00, 0xf0, 0x00, 0x00, 0x00, 0x0f, 0x00, 0xf0, 0x00, 0x00, 0x00, 0x0f, 0x00, 0xf0, 0x00, 0x00, 0x00, 0xf0, 0x00, 0x0f, 0x00, 0x00, 0x00, 0x00, 0xff, 0x00, 0x00
.byte 0x00, 0x00, 0x00, 0x00, 0x00, 0x00, 0x00, 0x00, 0x00, 0x00, 0x00, 0x00, 0x00, 0x00, 0x00, 0x00, 0x00, 0x00, 0x00, 0x00
.global gUnknown_83129F4
gUnknown_83129F4:
.byte 0x00, 0x00, 0x00, 0x00, 0x00, 0x00, 0x00, 0x00, 0x00, 0x00, 0x00, 0x00
.byte 0x0f, 0x00, 0x00, 0x0f, 0x00, 0x00, 0xf0, 0x00, 0xf0, 0x00, 0x00, 0x00, 0x00, 0x0f, 0x0f, 0x00, 0x00, 0x00, 0x00, 0xf0, 0x00, 0x00, 0x00, 0x00, 0x00, 0x0f, 0x0f, 0x00, 0x00, 0x00, 0xf0, 0x00
.byte 0xf0, 0x00, 0x00, 0x00, 0x0f, 0x00, 0x00, 0x0f, 0x00, 0x00, 0x00, 0x00, 0x00, 0x00, 0x00, 0x00, 0x00, 0x00, 0x00, 0x00, 0x00, 0x00, 0x00, 0x00, 0x00, 0x00, 0x00, 0x00
.global gUnknown_8312A3C
gUnknown_8312A3C:
.byte 0x00, 0x00, 0x00, 0x00
.byte 0x00, 0x00, 0x00, 0x00, 0x0f, 0x00, 0x00, 0x00, 0x00, 0xff, 0x0f, 0x00, 0x00, 0x00, 0xf0, 0xf0, 0xf0, 0x00, 0x00, 0x00, 0x0f, 0xf0, 0x00, 0x0f, 0x00, 0x00, 0x0f, 0xf0, 0x00, 0x0f, 0x00, 0x00
.byte 0x0f, 0xf0, 0x00, 0x0f, 0x00, 0x00, 0xf0, 0xf0, 0xf0, 0x00, 0x00, 0x00, 0x00, 0xff, 0x0f, 0x00, 0x00, 0x00, 0x00, 0x0f, 0x00, 0x00, 0x00, 0x00, 0x00, 0x00, 0x00, 0x00, 0x00, 0x00, 0x00, 0x00
.byte 0x00, 0x00, 0x00, 0x00
.global gUnknown_8312A84
gUnknown_8312A84:
.byte 0xf0, 0x0f, 0x00, 0x00, 0x00, 0x00, 0x00, 0xf0, 0x00, 0x00, 0x00, 0x00, 0x00, 0x00, 0x00, 0x00, 0x00, 0x00, 0x0f, 0x00, 0x00, 0x0f, 0x00, 0x00, 0x0f, 0x00, 0x00, 0x0f
.byte 0x00, 0x00, 0x0f, 0x00, 0x00, 0x0f, 0x00, 0x00, 0x0f, 0x00, 0x00, 0x0f, 0x00, 0x00, 0x0f, 0x00, 0x00, 0x0f, 0x00, 0x00, 0xf0, 0xff, 0xff, 0x00, 0x00, 0x00, 0x00, 0x00, 0x00, 0x00, 0x00, 0x00
.byte 0x00, 0x00, 0x00, 0x00, 0x00, 0x00, 0x00, 0x00, 0x00, 0x00, 0x00, 0x00
.global gUnknown_8312ACC
gUnknown_8312ACC:
.byte 0x00, 0x00, 0xff, 0x00, 0x00, 0x00, 0x00, 0xf0, 0x00, 0x00, 0x00, 0x00, 0x00, 0x00, 0x00, 0x00, 0x00, 0x00, 0x0f, 0x00
.byte 0x00, 0x0f, 0x00, 0x00, 0x0f, 0x00, 0x00, 0x0f, 0x00, 0x00, 0x0f, 0x00, 0x00, 0x0f, 0x00, 0x00, 0x0f, 0x00, 0x00, 0x0f, 0x00, 0x00, 0x0f, 0x00, 0x00, 0x0f, 0x00, 0x00, 0xf0, 0xff, 0xff, 0x00
.byte 0x00, 0x00, 0x00, 0x00, 0x00, 0x00, 0x00, 0x00, 0x00, 0x00, 0x00, 0x00, 0x00, 0x00, 0x00, 0x00, 0x00, 0x00, 0x00, 0x00
.global gUnknown_8312B14
gUnknown_8312B14:
.byte 0x00, 0xf0, 0x00, 0x00, 0x00, 0x00, 0x00, 0x0f, 0x0f, 0x00, 0x00, 0x00
.byte 0x00, 0x00, 0x00, 0x00, 0x00, 0x00, 0x0f, 0x00, 0x00, 0x0f, 0x00, 0x00, 0x0f, 0x00, 0x00, 0x0f, 0x00, 0x00, 0x0f, 0x00, 0x00, 0x0f, 0x00, 0x00, 0x0f, 0x00, 0x00, 0x0f, 0x00, 0x00, 0x0f, 0x00
.byte 0x00, 0x0f, 0x00, 0x00, 0xf0, 0xff, 0xff, 0x00, 0x00, 0x00, 0x00, 0x00, 0x00, 0x00, 0x00, 0x00, 0x00, 0x00, 0x00, 0x00, 0x00, 0x00, 0x00, 0x00, 0x00, 0x00, 0x00, 0x00
.global gUnknown_8312B5C
gUnknown_8312B5C:
.byte 0x00, 0x0f, 0x0f, 0x00
.byte 0x00, 0x00, 0x00, 0x00, 0x00, 0x00, 0x00, 0x00, 0x0f, 0x00, 0x00, 0x0f, 0x00, 0x00, 0x0f, 0x00, 0x00, 0x0f, 0x00, 0x00, 0x0f, 0x00, 0x00, 0x0f, 0x00, 0x00, 0x0f, 0x00, 0x00, 0x0f, 0x00, 0x00
.byte 0x0f, 0x00, 0x00, 0x0f, 0x00, 0x00, 0x0f, 0x00, 0x00, 0x0f, 0x00, 0x00, 0xf0, 0xff, 0xff, 0x00, 0x00, 0x00, 0x00, 0x00, 0x00, 0x00, 0x00, 0x00, 0x00, 0x00, 0x00, 0x00, 0x00, 0x00, 0x00, 0x00
.byte 0x00, 0x00, 0x00, 0x00
.global gUnknown_8312BA4
gUnknown_8312BA4:
.byte 0x00, 0xf0, 0x0f, 0x00, 0x00, 0x00, 0x00, 0x0f, 0x00, 0x00, 0x00, 0x00, 0x00, 0x00, 0x00, 0x00, 0x00, 0x00, 0x0f, 0x00, 0x0f, 0x00, 0x00, 0x00, 0x0f, 0x00, 0x0f, 0x00
.byte 0x00, 0x00, 0xf0, 0xf0, 0x00, 0x00, 0x00, 0x00, 0xf0, 0xf0, 0x00, 0x00, 0x00, 0x00, 0x00, 0x0f, 0x00, 0x00, 0x00, 0x00, 0x00, 0x0f, 0x00, 0x00, 0x00, 0x00, 0x00, 0x00, 0x00, 0x00, 0x00, 0x00
.byte 0x00, 0x00, 0x00, 0x00, 0x00, 0x00, 0x00, 0x00, 0x00, 0x00, 0x00, 0x00
.global gUnknown_8312BEC
gUnknown_8312BEC:
.byte 0x00, 0x00, 0x00, 0x00, 0x00, 0x00, 0x0f, 0x00, 0x00, 0x00, 0x00, 0x00, 0x0f, 0x00, 0x00, 0x00, 0x00, 0x00, 0xff, 0xff
.byte 0x0f, 0x00, 0x00, 0x00, 0x0f, 0x00, 0xf0, 0x00, 0x00, 0x00, 0x0f, 0x00, 0xf0, 0x00, 0x00, 0x00, 0xff, 0xff, 0x0f, 0x00, 0x00, 0x00, 0x0f, 0x00, 0x00, 0x00, 0x00, 0x00, 0x0f, 0x00, 0x00, 0x00
.byte 0x00, 0x00, 0x00, 0x00, 0x00, 0x00, 0x00, 0x00, 0x00, 0x00, 0x00, 0x00, 0x00, 0x00, 0x00, 0x00, 0x00, 0x00, 0x00, 0x00
.global gUnknown_8312C34
gUnknown_8312C34:
.byte 0x00, 0x00, 0x00, 0x00, 0x00, 0x00, 0xf0, 0xff, 0x00, 0x00, 0x00, 0x00
.byte 0x0f, 0x00, 0x0f, 0x00, 0x00, 0x00, 0x0f, 0x00, 0x0f, 0x00, 0x00, 0x00, 0x0f, 0xff, 0x00, 0x00, 0x00, 0x00, 0x0f, 0x00, 0x0f, 0x00, 0x00, 0x00, 0x0f, 0x00, 0xf0, 0x00, 0x00, 0x00, 0xff, 0x00
.byte 0xf0, 0x00, 0x00, 0x00, 0x0f, 0xff, 0x0f, 0x00, 0x00, 0x00, 0x00, 0x00, 0x00, 0x00, 0x00, 0x00, 0x00, 0x00, 0x00, 0x00, 0x00, 0x00, 0x00, 0x00, 0x00, 0x00, 0x00, 0x00
.global gUnknown_8312C7C
gUnknown_8312C7C:
.byte 0x00, 0x00, 0x00, 0x00
.byte 0x00, 0x00, 0xff, 0x00, 0x00, 0x00, 0x00, 0x00, 0x00, 0x0f, 0x00, 0x00, 0x00, 0x00, 0x00, 0x00, 0x00, 0x00, 0x00, 0x00, 0xff, 0x0f, 0x00, 0x00, 0x00, 0x00, 0x00, 0xf0, 0x00, 0x00, 0x00, 0x00
.byte 0xf0, 0xff, 0x00, 0x00, 0x00, 0x00, 0x0f, 0xf0, 0x00, 0x00, 0x00, 0x00, 0xf0, 0x0f, 0x0f, 0x00, 0x00, 0x00, 0x00, 0x00, 0x00, 0x00, 0x00, 0x00, 0x00, 0x00, 0x00, 0x00, 0x00, 0x00, 0x00, 0x00
.byte 0x00, 0x00, 0x00, 0x00
.global gUnknown_8312CC4
gUnknown_8312CC4:
.byte 0x00, 0x00, 0x00, 0x00, 0x00, 0x00, 0x00, 0xf0, 0x0f, 0x00, 0x00, 0x00, 0x00, 0x0f, 0x00, 0x00, 0x00, 0x00, 0x00, 0x00, 0x00, 0x00, 0x00, 0x00, 0xff, 0x0f, 0x00, 0x00
.byte 0x00, 0x00, 0x00, 0xf0, 0x00, 0x00, 0x00, 0x00, 0xf0, 0xff, 0x00, 0x00, 0x00, 0x00, 0x0f, 0xf0, 0x00, 0x00, 0x00, 0x00, 0xf0, 0x0f, 0x0f, 0x00, 0x00, 0x00, 0x00, 0x00, 0x00, 0x00, 0x00, 0x00
.byte 0x00, 0x00, 0x00, 0x00, 0x00, 0x00, 0x00, 0x00, 0x00, 0x00, 0x00, 0x00
.global gUnknown_8312D0C
gUnknown_8312D0C:
.byte 0x00, 0x00, 0x00, 0x00, 0x00, 0x00, 0x00, 0x0f, 0x00, 0x00, 0x00, 0x00, 0xf0, 0xf0, 0x00, 0x00, 0x00, 0x00, 0x00, 0x00
.byte 0x00, 0x00, 0x00, 0x00, 0xff, 0x0f, 0x00, 0x00, 0x00, 0x00, 0x00, 0xf0, 0x00, 0x00, 0x00, 0x00, 0xf0, 0xff, 0x00, 0x00, 0x00, 0x00, 0x0f, 0xf0, 0x00, 0x00, 0x00, 0x00, 0xf0, 0x0f, 0x0f, 0x00
.byte 0x00, 0x00, 0x00, 0x00, 0x00, 0x00, 0x00, 0x00, 0x00, 0x00, 0x00, 0x00, 0x00, 0x00, 0x00, 0x00, 0x00, 0x00, 0x00, 0x00
.global gUnknown_8312D54
gUnknown_8312D54:
.byte 0x00, 0x00, 0x00, 0x00, 0x00, 0x00, 0xf0, 0xf0, 0x00, 0x00, 0x00, 0x00
.byte 0x0f, 0x0f, 0x00, 0x00, 0x00, 0x00, 0x00, 0x00, 0x00, 0x00, 0x00, 0x00, 0xff, 0x0f, 0x00, 0x00, 0x00, 0x00, 0x00, 0xf0, 0x00, 0x00, 0x00, 0x00, 0xf0, 0xff, 0x00, 0x00, 0x00, 0x00, 0x0f, 0xf0
.byte 0x00, 0x00, 0x00, 0x00, 0xf0, 0x0f, 0x0f, 0x00, 0x00, 0x00, 0x00, 0x00, 0x00, 0x00, 0x00, 0x00, 0x00, 0x00, 0x00, 0x00, 0x00, 0x00, 0x00, 0x00, 0x00, 0x00, 0x00, 0x00
.global gUnknown_8312D9C
gUnknown_8312D9C:
.byte 0x00, 0x00, 0x00, 0x00
.byte 0x00, 0x00, 0xf0, 0xf0, 0x00, 0x00, 0x00, 0x00, 0x00, 0x00, 0x00, 0x00, 0x00, 0x00, 0xff, 0x0f, 0x00, 0x00, 0x00, 0x00, 0x00, 0xf0, 0x00, 0x00, 0x00, 0x00, 0xf0, 0xff, 0x00, 0x00, 0x00, 0x00
.byte 0x0f, 0xf0, 0x00, 0x00, 0x00, 0x00, 0x0f, 0xf0, 0x00, 0x00, 0x00, 0x00, 0xf0, 0x0f, 0x0f, 0x00, 0x00, 0x00, 0x00, 0x00, 0x00, 0x00, 0x00, 0x00, 0x00, 0x00, 0x00, 0x00, 0x00, 0x00, 0x00, 0x00
.byte 0x00, 0x00, 0x00, 0x00
.global gUnknown_8312DE4
gUnknown_8312DE4:
.byte 0x00, 0x00, 0x00, 0x00, 0x00, 0x00, 0x00, 0x0f, 0x00, 0x00, 0x00, 0x00, 0xf0, 0xf0, 0x00, 0x00, 0x00, 0x00, 0x00, 0x0f, 0x00, 0x00, 0x00, 0x00, 0xff, 0x0f, 0x00, 0x00
.byte 0x00, 0x00, 0x00, 0xf0, 0x00, 0x00, 0x00, 0x00, 0xf0, 0xff, 0x00, 0x00, 0x00, 0x00, 0x0f, 0xf0, 0x00, 0x00, 0x00, 0x00, 0xf0, 0x0f, 0x0f, 0x00, 0x00, 0x00, 0x00, 0x00, 0x00, 0x00, 0x00, 0x00
.byte 0x00, 0x00, 0x00, 0x00, 0x00, 0x00, 0x00, 0x00, 0x00, 0x00, 0x00, 0x00
.global gUnknown_8312E2C
gUnknown_8312E2C:
.byte 0x00, 0x00, 0x00, 0x00, 0x00, 0x00, 0x00, 0x00, 0x00, 0x00, 0x00, 0x00, 0x00, 0x00, 0x00, 0x00, 0x00, 0x00, 0x00, 0x00
.byte 0x00, 0x00, 0x00, 0x00, 0xf0, 0x0f, 0xff, 0x00, 0x00, 0x00, 0x0f, 0xf0, 0x00, 0x00, 0x00, 0x00, 0xf0, 0xff, 0xff, 0x00, 0x00, 0x00, 0x0f, 0xf0, 0x00, 0x00, 0x00, 0x00, 0xf0, 0x0f, 0xff, 0x00
.byte 0x00, 0x00, 0x00, 0x00, 0x00, 0x00, 0x00, 0x00, 0x00, 0x00, 0x00, 0x00, 0x00, 0x00, 0x00, 0x00, 0x00, 0x00, 0x00, 0x00
.global gUnknown_8312E74
gUnknown_8312E74:
.byte 0x00, 0x00, 0x00, 0x00, 0x00, 0x00, 0x00, 0x00, 0x00, 0x00, 0x00, 0x00
.byte 0x00, 0x00, 0x00, 0x00, 0x00, 0x00, 0xf0, 0xff, 0x00, 0x00, 0x00, 0x00, 0x0f, 0x00, 0x0f, 0x00, 0x00, 0x00, 0x0f, 0x00, 0x00, 0x00, 0x00, 0x00, 0x0f, 0x00, 0x0f, 0x00, 0x00, 0x00, 0xf0, 0xff
.byte 0x00, 0x00, 0x00, 0x00, 0x00, 0xf0, 0x00, 0x00, 0x00, 0x00, 0xf0, 0x0f, 0x00, 0x00, 0x00, 0x00, 0x00, 0x00, 0x00, 0x00, 0x00, 0x00, 0x00, 0x00, 0x00, 0x00, 0x00, 0x00
.global gUnknown_8312EBC
gUnknown_8312EBC:
.byte 0x00, 0x00, 0x00, 0x00
.byte 0x00, 0x00, 0xff, 0x00, 0x00, 0x00, 0x00, 0x00, 0x00, 0x0f, 0x00, 0x00, 0x00, 0x00, 0x00, 0x00, 0x00, 0x00, 0x00, 0x00, 0xf0, 0xff, 0x00, 0x00, 0x00, 0x00, 0x0f, 0x00, 0x0f, 0x00, 0x00, 0x00
.byte 0xff, 0xff, 0x0f, 0x00, 0x00, 0x00, 0x0f, 0x00, 0x00, 0x00, 0x00, 0x00, 0xf0, 0xff, 0x0f, 0x00, 0x00, 0x00, 0x00, 0x00, 0x00, 0x00, 0x00, 0x00, 0x00, 0x00, 0x00, 0x00, 0x00, 0x00, 0x00, 0x00
.byte 0x00, 0x00, 0x00, 0x00
.global gUnknown_8312F04
gUnknown_8312F04:
.byte 0x00, 0x00, 0x00, 0x00, 0x00, 0x00, 0x00, 0xf0, 0x0f, 0x00, 0x00, 0x00, 0x00, 0x0f, 0x00, 0x00, 0x00, 0x00, 0x00, 0x00, 0x00, 0x00, 0x00, 0x00, 0xf0, 0xff, 0x00, 0x00
.byte 0x00, 0x00, 0x0f, 0x00, 0x0f, 0x00, 0x00, 0x00, 0xff, 0xff, 0x0f, 0x00, 0x00, 0x00, 0x0f, 0x00, 0x00, 0x00, 0x00, 0x00, 0xf0, 0xff, 0x0f, 0x00, 0x00, 0x00, 0x00, 0x00, 0x00, 0x00, 0x00, 0x00
.byte 0x00, 0x00, 0x00, 0x00, 0x00, 0x00, 0x00, 0x00, 0x00, 0x00, 0x00, 0x00
.global gUnknown_8312F4C
gUnknown_8312F4C:
.byte 0x00, 0x00, 0x00, 0x00, 0x00, 0x00, 0x00, 0x0f, 0x00, 0x00, 0x00, 0x00, 0xf0, 0xf0, 0x00, 0x00, 0x00, 0x00, 0x00, 0x00
.byte 0x00, 0x00, 0x00, 0x00, 0xf0, 0xff, 0x00, 0x00, 0x00, 0x00, 0x0f, 0x00, 0x0f, 0x00, 0x00, 0x00, 0xff, 0xff, 0x0f, 0x00, 0x00, 0x00, 0x0f, 0x00, 0x00, 0x00, 0x00, 0x00, 0xf0, 0xff, 0x0f, 0x00
.byte 0x00, 0x00, 0x00, 0x00, 0x00, 0x00, 0x00, 0x00, 0x00, 0x00, 0x00, 0x00, 0x00, 0x00, 0x00, 0x00, 0x00, 0x00, 0x00, 0x00
.global gUnknown_8312F94
gUnknown_8312F94:
.byte 0x00, 0x00, 0x00, 0x00, 0x00, 0x00, 0xf0, 0xf0, 0x00, 0x00, 0x00, 0x00
.byte 0x00, 0x00, 0x00, 0x00, 0x00, 0x00, 0xf0, 0xff, 0x00, 0x00, 0x00, 0x00, 0x0f, 0x00, 0x0f, 0x00, 0x00, 0x00, 0xff, 0xff, 0x0f, 0x00, 0x00, 0x00, 0x0f, 0x00, 0x00, 0x00, 0x00, 0x00, 0x0f, 0x00
.byte 0x0f, 0x00, 0x00, 0x00, 0xf0, 0xff, 0x00, 0x00, 0x00, 0x00, 0x00, 0x00, 0x00, 0x00, 0x00, 0x00, 0x00, 0x00, 0x00, 0x00, 0x00, 0x00, 0x00, 0x00, 0x00, 0x00, 0x00, 0x00
.global gUnknown_8312FDC
gUnknown_8312FDC:
.byte 0x00, 0x00, 0x00, 0x00
.byte 0x00, 0x00, 0xff, 0x00, 0x00, 0x00, 0x00, 0x00, 0x00, 0x0f, 0x00, 0x00, 0x00, 0x00, 0x00, 0x00, 0x00, 0x00, 0x00, 0x00, 0xf0, 0x00, 0x00, 0x00, 0x00, 0x00, 0xf0, 0x00, 0x00, 0x00, 0x00, 0x00
.byte 0xf0, 0x00, 0x00, 0x00, 0x00, 0x00, 0xf0, 0x00, 0x00, 0x00, 0x00, 0x00, 0xf0, 0x00, 0x00, 0x00, 0x00, 0x00, 0x00, 0x00, 0x00, 0x00, 0x00, 0x00, 0x00, 0x00, 0x00, 0x00, 0x00, 0x00, 0x00, 0x00
.byte 0x00, 0x00, 0x00, 0x00
.global gUnknown_8313024
gUnknown_8313024:
.byte 0x00, 0x00, 0x00, 0x00, 0x00, 0x00, 0xf0, 0x0f, 0x00, 0x00, 0x00, 0x00, 0x0f, 0x00, 0x00, 0x00, 0x00, 0x00, 0x00, 0x00, 0x00, 0x00, 0x00, 0x00, 0xf0, 0x00, 0x00, 0x00
.byte 0x00, 0x00, 0xf0, 0x00, 0x00, 0x00, 0x00, 0x00, 0xf0, 0x00, 0x00, 0x00, 0x00, 0x00, 0xf0, 0x00, 0x00, 0x00, 0x00, 0x00, 0xf0, 0x00, 0x00, 0x00, 0x00, 0x00, 0x00, 0x00, 0x00, 0x00, 0x00, 0x00
.byte 0x00, 0x00, 0x00, 0x00, 0x00, 0x00, 0x00, 0x00, 0x00, 0x00, 0x00, 0x00
.global gUnknown_831306C
gUnknown_831306C:
.byte 0x00, 0x00, 0x00, 0x00, 0x00, 0x00, 0xf0, 0x00, 0x00, 0x00, 0x00, 0x00, 0x0f, 0x0f, 0x00, 0x00, 0x00, 0x00, 0x00, 0x00
.byte 0x00, 0x00, 0x00, 0x00, 0xf0, 0x00, 0x00, 0x00, 0x00, 0x00, 0xf0, 0x00, 0x00, 0x00, 0x00, 0x00, 0xf0, 0x00, 0x00, 0x00, 0x00, 0x00, 0xf0, 0x00, 0x00, 0x00, 0x00, 0x00, 0xf0, 0x00, 0x00, 0x00
.byte 0x00, 0x00, 0x00, 0x00, 0x00, 0x00, 0x00, 0x00, 0x00, 0x00, 0x00, 0x00, 0x00, 0x00, 0x00, 0x00, 0x00, 0x00, 0x00, 0x00
.global gUnknown_83130B4
gUnknown_83130B4:
.byte 0x00, 0x00, 0x00, 0x00, 0x00, 0x00, 0x0f, 0x0f, 0x00, 0x00, 0x00, 0x00
.byte 0x00, 0x00, 0x00, 0x00, 0x00, 0x00, 0xf0, 0x00, 0x00, 0x00, 0x00, 0x00, 0xf0, 0x00, 0x00, 0x00, 0x00, 0x00, 0xf0, 0x00, 0x00, 0x00, 0x00, 0x00, 0xf0, 0x00, 0x00, 0x00, 0x00, 0x00, 0xf0, 0x00
.byte 0x00, 0x00, 0x00, 0x00, 0xf0, 0x00, 0x00, 0x00, 0x00, 0x00, 0x00, 0x00, 0x00, 0x00, 0x00, 0x00, 0x00, 0x00, 0x00, 0x00, 0x00, 0x00, 0x00, 0x00, 0x00, 0x00, 0x00, 0x00
.global gUnknown_83130FC
gUnknown_83130FC:
.byte 0x00, 0x00, 0x00, 0x00
.byte 0x00, 0x00, 0xf0, 0x0f, 0x0f, 0x00, 0x00, 0x00, 0x00, 0xff, 0x00, 0x00, 0x00, 0x00, 0x00, 0x00, 0x0f, 0x00, 0x00, 0x00, 0xf0, 0x0f, 0x0f, 0x00, 0x00, 0x00, 0x0f, 0xf0, 0x0f, 0x00, 0x00, 0x00
.byte 0x0f, 0x00, 0x0f, 0x00, 0x00, 0x00, 0x0f, 0x00, 0x0f, 0x00, 0x00, 0x00, 0xf0, 0xff, 0x00, 0x00, 0x00, 0x00, 0x00, 0x00, 0x00, 0x00, 0x00, 0x00, 0x00, 0x00, 0x00, 0x00, 0x00, 0x00, 0x00, 0x00
.byte 0x00, 0x00, 0x00, 0x00
.global gUnknown_8313144
gUnknown_8313144:
.byte 0x00, 0x00, 0x00, 0x00, 0x00, 0x00, 0xf0, 0xf0, 0x00, 0x00, 0x00, 0x00, 0x0f, 0x0f, 0x00, 0x00, 0x00, 0x00, 0x00, 0x00, 0x00, 0x00, 0x00, 0x00, 0x0f, 0xff, 0x00, 0x00
.byte 0x00, 0x00, 0xff, 0x00, 0x0f, 0x00, 0x00, 0x00, 0x0f, 0x00, 0x0f, 0x00, 0x00, 0x00, 0x0f, 0x00, 0x0f, 0x00, 0x00, 0x00, 0x0f, 0x00, 0x0f, 0x00, 0x00, 0x00, 0x00, 0x00, 0x00, 0x00, 0x00, 0x00
.byte 0x00, 0x00, 0x00, 0x00, 0x00, 0x00, 0x00, 0x00, 0x00, 0x00, 0x00, 0x00
.global gUnknown_831318C
gUnknown_831318C:
.byte 0x00, 0x00, 0x00, 0x00, 0x00, 0x00, 0xff, 0x00, 0x00, 0x00, 0x00, 0x00, 0x00, 0x0f, 0x00, 0x00, 0x00, 0x00, 0x00, 0x00
.byte 0x00, 0x00, 0x00, 0x00, 0xf0, 0xff, 0x00, 0x00, 0x00, 0x00, 0x0f, 0x00, 0x0f, 0x00, 0x00, 0x00, 0x0f, 0x00, 0x0f, 0x00, 0x00, 0x00, 0x0f, 0x00, 0x0f, 0x00, 0x00, 0x00, 0xf0, 0xff, 0x00, 0x00
.byte 0x00, 0x00, 0x00, 0x00, 0x00, 0x00, 0x00, 0x00, 0x00, 0x00, 0x00, 0x00, 0x00, 0x00, 0x00, 0x00, 0x00, 0x00, 0x00, 0x00
.global gUnknown_83131D4
gUnknown_83131D4:
.byte 0x00, 0x00, 0x00, 0x00, 0x00, 0x00, 0x00, 0xf0, 0x0f, 0x00, 0x00, 0x00
.byte 0x00, 0x0f, 0x00, 0x00, 0x00, 0x00, 0x00, 0x00, 0x00, 0x00, 0x00, 0x00, 0xf0, 0xff, 0x00, 0x00, 0x00, 0x00, 0x0f, 0x00, 0x0f, 0x00, 0x00, 0x00, 0x0f, 0x00, 0x0f, 0x00, 0x00, 0x00, 0x0f, 0x00
.byte 0x0f, 0x00, 0x00, 0x00, 0xf0, 0xff, 0x00, 0x00, 0x00, 0x00, 0x00, 0x00, 0x00, 0x00, 0x00, 0x00, 0x00, 0x00, 0x00, 0x00, 0x00, 0x00, 0x00, 0x00, 0x00, 0x00, 0x00, 0x00
.global gUnknown_831321C
gUnknown_831321C:
.byte 0x00, 0x00, 0x00, 0x00
.byte 0x00, 0x00, 0x00, 0x0f, 0x00, 0x00, 0x00, 0x00, 0xf0, 0xf0, 0x00, 0x00, 0x00, 0x00, 0x00, 0x00, 0x00, 0x00, 0x00, 0x00, 0xf0, 0xff, 0x00, 0x00, 0x00, 0x00, 0x0f, 0x00, 0x0f, 0x00, 0x00, 0x00
.byte 0x0f, 0x00, 0x0f, 0x00, 0x00, 0x00, 0x0f, 0x00, 0x0f, 0x00, 0x00, 0x00, 0xf0, 0xff, 0x00, 0x00, 0x00, 0x00, 0x00, 0x00, 0x00, 0x00, 0x00, 0x00, 0x00, 0x00, 0x00, 0x00, 0x00, 0x00, 0x00, 0x00
.byte 0x00, 0x00, 0x00, 0x00
.global gUnknown_8313264
gUnknown_8313264:
.byte 0x00, 0x00, 0x00, 0x00, 0x00, 0x00, 0xf0, 0xf0, 0x00, 0x00, 0x00, 0x00, 0x0f, 0x0f, 0x00, 0x00, 0x00, 0x00, 0x00, 0x00, 0x00, 0x00, 0x00, 0x00, 0xf0, 0xff, 0x00, 0x00
.byte 0x00, 0x00, 0x0f, 0x00, 0x0f, 0x00, 0x00, 0x00, 0x0f, 0x00, 0x0f, 0x00, 0x00, 0x00, 0x0f, 0x00, 0x0f, 0x00, 0x00, 0x00, 0xf0, 0xff, 0x00, 0x00, 0x00, 0x00, 0x00, 0x00, 0x00, 0x00, 0x00, 0x00
.byte 0x00, 0x00, 0x00, 0x00, 0x00, 0x00, 0x00, 0x00, 0x00, 0x00, 0x00, 0x00
.global gUnknown_83132AC
gUnknown_83132AC:
.byte 0x00, 0x00, 0x00, 0x00, 0x00, 0x00, 0xf0, 0xf0, 0x00, 0x00, 0x00, 0x00, 0x00, 0x00, 0x00, 0x00, 0x00, 0x00, 0xf0, 0xff
.byte 0x00, 0x00, 0x00, 0x00, 0x0f, 0x00, 0x0f, 0x00, 0x00, 0x00, 0x0f, 0x00, 0x0f, 0x00, 0x00, 0x00, 0x0f, 0x00, 0x0f, 0x00, 0x00, 0x00, 0x0f, 0x00, 0x0f, 0x00, 0x00, 0x00, 0xf0, 0xff, 0x00, 0x00
.byte 0x00, 0x00, 0x00, 0x00, 0x00, 0x00, 0x00, 0x00, 0x00, 0x00, 0x00, 0x00, 0x00, 0x00, 0x00, 0x00, 0x00, 0x00, 0x00, 0x00
.global gUnknown_83132F4
gUnknown_83132F4:
.byte 0x00, 0x00, 0x0f, 0x00, 0x00, 0x00, 0x00, 0x00, 0x0f, 0x00, 0x00, 0x00
.byte 0x00, 0x00, 0x00, 0x00, 0x00, 0x00, 0x00, 0x00, 0x00, 0x00, 0x00, 0x00, 0xff, 0xff, 0xff, 0xff, 0x0f, 0x00, 0x00, 0x00, 0x00, 0x00, 0x00, 0x00, 0x00, 0x00, 0x00, 0x00, 0x00, 0x00, 0x00, 0x00
.byte 0x0f, 0x00, 0x00, 0x00, 0x00, 0x00, 0x0f, 0x00, 0x00, 0x00, 0x00, 0x00, 0x00, 0x00, 0x00, 0x00, 0x00, 0x00, 0x00, 0x00, 0x00, 0x00, 0x00, 0x00, 0x00, 0x00, 0x00, 0x00
.global gUnknown_831333C
gUnknown_831333C:
.byte 0x00, 0x00, 0x00, 0x00
.byte 0x00, 0x00, 0x00, 0x00, 0x00, 0x00, 0x00, 0x00, 0x00, 0x00, 0x00, 0x00, 0x00, 0x00, 0x00, 0xf0, 0x00, 0x00, 0x00, 0x00, 0xf0, 0xff, 0x00, 0x00, 0x00, 0x00, 0x0f, 0x0f, 0x0f, 0x00, 0x00, 0x00
.byte 0x0f, 0x0f, 0x0f, 0x00, 0x00, 0x00, 0x0f, 0x0f, 0x0f, 0x00, 0x00, 0x00, 0xf0, 0xff, 0x00, 0x00, 0x00, 0x00, 0xf0, 0x00, 0x00, 0x00, 0x00, 0x00, 0x00, 0x00, 0x00, 0x00, 0x00, 0x00, 0x00, 0x00
.byte 0x00, 0x00, 0x00, 0x00
.global gUnknown_8313384
gUnknown_8313384:
.byte 0x00, 0x00, 0x00, 0x00, 0x00, 0x00, 0xff, 0x00, 0x00, 0x00, 0x00, 0x00, 0x00, 0x0f, 0x00, 0x00, 0x00, 0x00, 0x00, 0x00, 0x00, 0x00, 0x00, 0x00, 0x0f, 0x00, 0x0f, 0x00
.byte 0x00, 0x00, 0x0f, 0x00, 0x0f, 0x00, 0x00, 0x00, 0x0f, 0x00, 0x0f, 0x00, 0x00, 0x00, 0x0f, 0xf0, 0x0f, 0x00, 0x00, 0x00, 0xf0, 0x0f, 0x0f, 0x00, 0x00, 0x00, 0x00, 0x00, 0x00, 0x00, 0x00, 0x00
.byte 0x00, 0x00, 0x00, 0x00, 0x00, 0x00, 0x00, 0x00, 0x00, 0x00, 0x00, 0x00
.global gUnknown_83133CC
gUnknown_83133CC:
.byte 0x00, 0x00, 0x00, 0x00, 0x00, 0x00, 0x00, 0xf0, 0x0f, 0x00, 0x00, 0x00, 0x00, 0x0f, 0x00, 0x00, 0x00, 0x00, 0x00, 0x00
.byte 0x00, 0x00, 0x00, 0x00, 0x0f, 0x00, 0x0f, 0x00, 0x00, 0x00, 0x0f, 0x00, 0x0f, 0x00, 0x00, 0x00, 0x0f, 0x00, 0x0f, 0x00, 0x00, 0x00, 0x0f, 0xf0, 0x0f, 0x00, 0x00, 0x00, 0xf0, 0x0f, 0x0f, 0x00
.byte 0x00, 0x00, 0x00, 0x00, 0x00, 0x00, 0x00, 0x00, 0x00, 0x00, 0x00, 0x00, 0x00, 0x00, 0x00, 0x00, 0x00, 0x00, 0x00, 0x00
.global gUnknown_8313414
gUnknown_8313414:
.byte 0x00, 0x00, 0x00, 0x00, 0x00, 0x00, 0x00, 0x0f, 0x00, 0x00, 0x00, 0x00
.byte 0xf0, 0xf0, 0x00, 0x00, 0x00, 0x00, 0x00, 0x00, 0x00, 0x00, 0x00, 0x00, 0x0f, 0x00, 0x0f, 0x00, 0x00, 0x00, 0x0f, 0x00, 0x0f, 0x00, 0x00, 0x00, 0x0f, 0x00, 0x0f, 0x00, 0x00, 0x00, 0x0f, 0xf0
.byte 0x0f, 0x00, 0x00, 0x00, 0xf0, 0x0f, 0x0f, 0x00, 0x00, 0x00, 0x00, 0x00, 0x00, 0x00, 0x00, 0x00, 0x00, 0x00, 0x00, 0x00, 0x00, 0x00, 0x00, 0x00, 0x00, 0x00, 0x00, 0x00
.global gUnknown_831345C
gUnknown_831345C:
.byte 0x00, 0x00, 0x00, 0x00
.byte 0x00, 0x00, 0xf0, 0xf0, 0x00, 0x00, 0x00, 0x00, 0x00, 0x00, 0x00, 0x00, 0x00, 0x00, 0x0f, 0x00, 0x0f, 0x00, 0x00, 0x00, 0x0f, 0x00, 0x0f, 0x00, 0x00, 0x00, 0x0f, 0x00, 0x0f, 0x00, 0x00, 0x00
.byte 0x0f, 0x00, 0x0f, 0x00, 0x00, 0x00, 0x0f, 0xf0, 0x0f, 0x00, 0x00, 0x00, 0xf0, 0x0f, 0x0f, 0x00, 0x00, 0x00, 0x00, 0x00, 0x00, 0x00, 0x00, 0x00, 0x00, 0x00, 0x00, 0x00, 0x00, 0x00, 0x00, 0x00
.byte 0x00, 0x00, 0x00, 0x00
.global gUnknown_83134A4
gUnknown_83134A4:
.byte 0x00, 0x00, 0x00, 0x00, 0x00, 0x00, 0x00, 0xff, 0x00, 0x00, 0x00, 0x00, 0xf0, 0x00, 0x00, 0x00, 0x00, 0x00, 0x00, 0x00, 0x00, 0x00, 0x00, 0x00, 0x0f, 0xf0, 0x00, 0x00
.byte 0x00, 0x00, 0x0f, 0xf0, 0x00, 0x00, 0x00, 0x00, 0xf0, 0xf0, 0x00, 0x00, 0x00, 0x00, 0xf0, 0x0f, 0x00, 0x00, 0x00, 0x00, 0x00, 0x0f, 0x00, 0x00, 0x00, 0x00, 0xff, 0x00, 0x00, 0x00, 0x00, 0x00
.byte 0x00, 0x00, 0x00, 0x00, 0x00, 0x00, 0x00, 0x00, 0x00, 0x00, 0x00, 0x00
.global gUnknown_83134EC
gUnknown_83134EC:
.byte 0x00, 0x00, 0x00, 0x00, 0x00, 0x00, 0x0f, 0x00, 0x00, 0x00, 0x00, 0x00, 0x0f, 0xff, 0x00, 0x00, 0x00, 0x00, 0xff, 0x00
.byte 0x0f, 0x00, 0x00, 0x00, 0x0f, 0x00, 0x0f, 0x00, 0x00, 0x00, 0xff, 0x00, 0x0f, 0x00, 0x00, 0x00, 0x0f, 0xff, 0x00, 0x00, 0x00, 0x00, 0x0f, 0x00, 0x00, 0x00, 0x00, 0x00, 0x0f, 0x00, 0x00, 0x00
.byte 0x00, 0x00, 0x00, 0x00, 0x00, 0x00, 0x00, 0x00, 0x00, 0x00, 0x00, 0x00, 0x00, 0x00, 0x00, 0x00, 0x00, 0x00, 0x00, 0x00
.global gUnknown_8313534
gUnknown_8313534:
.byte 0x00, 0x00, 0x00, 0x00, 0x00, 0x00, 0xf0, 0xf0, 0x00, 0x00, 0x00, 0x00
.byte 0xf0, 0xf0, 0x00, 0x00, 0x00, 0x00, 0x00, 0x00, 0x00, 0x00, 0x00, 0x00, 0x0f, 0xf0, 0x00, 0x00, 0x00, 0x00, 0x0f, 0xf0, 0x00, 0x00, 0x00, 0x00, 0xf0, 0xf0, 0x00, 0x00, 0x00, 0x00, 0xf0, 0x0f
.byte 0x00, 0x00, 0x00, 0x00, 0x00, 0x0f, 0x00, 0x00, 0x00, 0x00, 0xff, 0x00, 0x00, 0x00, 0x00, 0x00, 0x00, 0x00, 0x00, 0x00, 0x00, 0x00, 0x00, 0x00, 0x00, 0x00, 0x00, 0x00
.global gUnknown_831357C
gUnknown_831357C:
.byte 0x00, 0x00, 0x00, 0x00
.byte 0x00, 0x00, 0x00, 0x00, 0x00, 0x00, 0x00, 0x00, 0x00, 0x00, 0x00, 0x00, 0x00, 0x00, 0x00, 0x00, 0x00, 0x00, 0x00, 0x00, 0x00, 0x00, 0x00, 0x00, 0x00, 0x00, 0x00, 0x00, 0x00, 0x00, 0x00, 0x00
.byte 0x00, 0x00, 0x00, 0x00, 0x00, 0x00, 0x00, 0x00, 0x00, 0x00, 0x00, 0x00, 0x00, 0x00, 0x00, 0x00, 0x00, 0x00, 0x00, 0x00, 0x00, 0x00, 0x00, 0x00, 0x00, 0x00, 0x00, 0x00, 0x00, 0x00, 0x00, 0x00
.byte 0x00, 0x00, 0x00, 0x00
.global gUnknown_83135C4
gUnknown_83135C4:
.byte 0x00, 0x00, 0x00, 0x00, 0x00, 0x00, 0x00, 0x00, 0x00, 0x00, 0x00, 0x00, 0x00, 0x00, 0x00, 0x00, 0x00, 0x00, 0x00, 0x00, 0x00, 0x00, 0x00, 0x00, 0x00, 0x00, 0x00, 0x00
.byte 0x00, 0x00, 0x00, 0x00, 0x00, 0x00, 0x00, 0x00, 0x00, 0x00, 0x00, 0x00, 0x00, 0x00, 0x0f, 0x00, 0x00, 0x00, 0x00, 0x00, 0xf0, 0x00, 0x00, 0x00, 0x00, 0x00, 0x00, 0x00, 0x00, 0x00, 0x00, 0x00
.byte 0x00, 0x00, 0x00, 0x00, 0x00, 0x00, 0x00, 0x00, 0x00, 0x00, 0x00, 0x00
.global gUnknown_831360C
gUnknown_831360C:
.byte 0x00, 0x00, 0x00, 0x00, 0x00, 0x00, 0x00, 0x00, 0x00, 0x00, 0x00, 0x00, 0x00, 0x00, 0x00, 0x00, 0x00, 0x00, 0x00, 0x00
.byte 0x00, 0x00, 0x00, 0x00, 0x00, 0x00, 0x00, 0x00, 0x00, 0x00, 0x00, 0x00, 0x00, 0x00, 0x00, 0x00, 0xf0, 0x00, 0x00, 0x00, 0x00, 0x00, 0x0f, 0x0f, 0x00, 0x00, 0x00, 0x00, 0xf0, 0x00, 0x00, 0x00
.byte 0x00, 0x00, 0x00, 0x00, 0x00, 0x00, 0x00, 0x00, 0x00, 0x00, 0x00, 0x00, 0x00, 0x00, 0x00, 0x00, 0x00, 0x00, 0x00, 0x00
.global gUnknown_8313654
gUnknown_8313654:
.byte 0x00, 0x00, 0x00, 0x00, 0x00, 0x00, 0x00, 0x00, 0x00, 0x00, 0x00, 0x00
.byte 0x00, 0x00, 0x00, 0x00, 0x00, 0x00, 0x00, 0x00, 0x00, 0x00, 0x00, 0x00, 0x00, 0x00, 0x00, 0x00, 0x00, 0x00, 0x00, 0x00, 0x00, 0x00, 0x00, 0x00, 0x00, 0x00, 0x00, 0x00, 0x00, 0x00, 0x00, 0x00
.byte 0x00, 0x00, 0x00, 0x00, 0xf0, 0x00, 0x00, 0x00, 0x00, 0x00, 0x00, 0x0f, 0x00, 0x00, 0x00, 0x00, 0xf0, 0x00, 0x00, 0x00, 0x00, 0x00, 0x00, 0x00, 0x00, 0x00, 0x00, 0x00
.global gUnknown_831369C
gUnknown_831369C:
.byte 0x00, 0x00, 0x00, 0x00
.byte 0x00, 0x00, 0x00, 0x00, 0x00, 0x00, 0x00, 0x00, 0x00, 0x00, 0x00, 0x00, 0x00, 0x00, 0x00, 0x00, 0x00, 0x00, 0x00, 0x00, 0x00, 0x00, 0x00, 0x00, 0x00, 0x00, 0x00, 0x00, 0x00, 0x00, 0x00, 0x00
.byte 0x00, 0x00, 0x00, 0x00, 0x00, 0x00, 0x00, 0x00, 0x00, 0x00, 0x00, 0x00, 0xf0, 0x0f, 0x00, 0x00, 0x00, 0x00, 0xf0, 0x0f, 0x00, 0x00, 0x00, 0x00, 0x00, 0x00, 0x00, 0x00, 0x00, 0x00, 0x00, 0x00
.byte 0x00, 0x00, 0x00, 0x00
.global gUnknown_83136E4
gUnknown_83136E4:
.byte 0x00, 0x00, 0x00, 0x00, 0x00, 0x00, 0x00, 0x00, 0x00, 0x00, 0x00, 0x00, 0x00, 0x00, 0x00, 0x00, 0x00, 0x00, 0xf0, 0x0f, 0x00, 0x00, 0x00, 0x00, 0xf0, 0x0f, 0x00, 0x00
.byte 0x00, 0x00, 0x00, 0x00, 0x00, 0x00, 0x00, 0x00, 0x00, 0x00, 0x00, 0x00, 0x00, 0x00, 0x00, 0x00, 0x00, 0x00, 0x00, 0x00, 0x00, 0x00, 0x00, 0x00, 0x00, 0x00, 0x00, 0x00, 0x00, 0x00, 0x00, 0x00
.byte 0x00, 0x00, 0x00, 0x00, 0x00, 0x00, 0x00, 0x00, 0x00, 0x00, 0x00, 0x00
.global gUnknown_831372C
gUnknown_831372C:
.byte 0x00, 0x00, 0x00, 0x00, 0x00, 0x00, 0x00, 0x00, 0x00, 0x00, 0x00, 0x00, 0xf0, 0x0f, 0x00, 0x00, 0x00, 0x00, 0xf0, 0x0f
.byte 0x00, 0x00, 0x00, 0x00, 0x00, 0x00, 0x00, 0x00, 0x00, 0x00, 0x00, 0x00, 0x00, 0x00, 0x00, 0x00, 0xf0, 0x0f, 0x00, 0x00, 0x00, 0x00, 0xf0, 0x0f, 0x00, 0x00, 0x00, 0x00, 0x00, 0x00, 0x00, 0x00
.byte 0x00, 0x00, 0x00, 0x00, 0x00, 0x00, 0x00, 0x00, 0x00, 0x00, 0x00, 0x00, 0x00, 0x00, 0x00, 0x00, 0x00, 0x00, 0x00, 0x00
.global gUnknown_8313774
gUnknown_8313774:
.byte 0x00, 0x00, 0x00, 0x00, 0x00, 0x00, 0xf0, 0x0f, 0x00, 0x00, 0x00, 0x00
.byte 0xf0, 0x0f, 0x00, 0x00, 0x00, 0x00, 0x00, 0x00, 0x00, 0x00, 0x00, 0x00, 0x00, 0x00, 0x00, 0x00, 0x00, 0x00, 0xf0, 0x0f, 0x00, 0x00, 0x00, 0x00, 0xf0, 0x0f, 0x00, 0x00, 0x00, 0x00, 0x00, 0x0f
.byte 0x00, 0x00, 0x00, 0x00, 0xf0, 0x00, 0x00, 0x00, 0x00, 0x00, 0x00, 0x00, 0x00, 0x00, 0x00, 0x00, 0x00, 0x00, 0x00, 0x00, 0x00, 0x00, 0x00, 0x00, 0x00, 0x00, 0x00, 0x00
.global gUnknown_83137BC
gUnknown_83137BC:
.byte 0x00, 0xff, 0x0f, 0x00
.byte 0x00, 0x00, 0xf0, 0x00, 0xf0, 0x00, 0x00, 0x00, 0x0f, 0x00, 0x00, 0x0f, 0x00, 0x00, 0x0f, 0x00, 0x00, 0x0f, 0x00, 0x00, 0x00, 0x00, 0xff, 0x00, 0x00, 0x00, 0x00, 0xf0, 0x00, 0x00, 0x00, 0x00
.byte 0x00, 0xf0, 0x00, 0x00, 0x00, 0x00, 0x00, 0x00, 0x00, 0x00, 0x00, 0x00, 0x00, 0xf0, 0x00, 0x00, 0x00, 0x00, 0x00, 0x00, 0x00, 0x00, 0x00, 0x00, 0x00, 0x00, 0x00, 0x00, 0x00, 0x00, 0x00, 0x00
.byte 0x00, 0x00, 0x00, 0x00
.global gUnknown_8313804
gUnknown_8313804:
.byte 0x00, 0x00, 0x0f, 0x00, 0x00, 0x00, 0x00, 0xf0, 0xff, 0x00, 0x00, 0x00, 0x00, 0xf0, 0xff, 0x00, 0x00, 0x00, 0x00, 0xf0, 0xff, 0x00, 0x00, 0x00, 0x00, 0x00, 0x0f, 0x00
.byte 0x00, 0x00, 0x00, 0x00, 0x0f, 0x00, 0x00, 0x00, 0x00, 0x00, 0x00, 0x00, 0x00, 0x00, 0x00, 0x00, 0x0f, 0x00, 0x00, 0x00, 0x00, 0x00, 0x0f, 0x00, 0x00, 0x00, 0x00, 0x00, 0x00, 0x00, 0x00, 0x00
.byte 0x00, 0x00, 0x00, 0x00, 0x00, 0x00, 0x00, 0x00, 0x00, 0x00, 0x00, 0x00
.global gUnknown_831384C
gUnknown_831384C:
.byte 0x0f, 0x0f, 0x00, 0x00, 0x00, 0x00, 0x0f, 0x0f, 0x00, 0x00, 0x00, 0x00, 0x00, 0x00, 0x00, 0x00, 0x00, 0x00, 0x00, 0x00
.byte 0x00, 0x00, 0x00, 0x00, 0x00, 0x00, 0x00, 0x00, 0x00, 0x00, 0x00, 0x00, 0x00, 0x00, 0x00, 0x00, 0x00, 0x00, 0x00, 0x00, 0x00, 0x00, 0x00, 0x00, 0x00, 0x00, 0x00, 0x00, 0x00, 0x00, 0x00, 0x00
.byte 0x00, 0x00, 0x00, 0x00, 0x00, 0x00, 0x00, 0x00, 0x00, 0x00, 0x00, 0x00, 0x00, 0x00, 0x00, 0x00, 0x00, 0x00, 0x00, 0x00
.global gUnknown_8313894
gUnknown_8313894:
.byte 0x00, 0x0f, 0x00, 0x00, 0x00, 0x00, 0xf0, 0xf0, 0x00, 0x00, 0x00, 0x00
.byte 0x00, 0x0f, 0x00, 0x00, 0x00, 0x00, 0x00, 0x00, 0x00, 0x00, 0x00, 0x00, 0x00, 0x00, 0x00, 0x00, 0x00, 0x00, 0x00, 0x00, 0x00, 0x00, 0x00, 0x00, 0x00, 0x00, 0x00, 0x00, 0x00, 0x00, 0x00, 0x00
.byte 0x00, 0x00, 0x00, 0x00, 0x00, 0x00, 0x00, 0x00, 0x00, 0x00, 0x00, 0x00, 0x00, 0x00, 0x00, 0x00, 0x00, 0x00, 0x00, 0x00, 0x00, 0x00, 0x00, 0x00, 0x00, 0x00, 0x00, 0x00
.global gUnknown_83138DC
gUnknown_83138DC:
.byte 0x00, 0x00, 0x00, 0x00
.byte 0x00, 0x00, 0x00, 0x00, 0x00, 0x00, 0x00, 0x00, 0x00, 0x00, 0x00, 0x00, 0x00, 0x00, 0x00, 0x00, 0x00, 0x00, 0x00, 0x00, 0x00, 0x00, 0x00, 0x00, 0x00, 0x00, 0x00, 0x00, 0x00, 0x00, 0x00, 0x00
.byte 0x00, 0x00, 0x00, 0x00, 0x00, 0x00, 0x0f, 0x00, 0x00, 0x00, 0xf0, 0x00, 0x0f, 0x00, 0x00, 0x00, 0xf0, 0x00, 0xff, 0xff, 0xff, 0xff, 0xff, 0x00, 0x00, 0x00, 0x00, 0x00, 0x00, 0x00, 0x00, 0x00
.byte 0x00, 0x00, 0x00, 0x00
.global gUnknown_8313924
gUnknown_8313924:
.byte 0x00, 0x00, 0x00, 0x00, 0x00, 0x00, 0x00, 0x00, 0x00, 0x00, 0x00, 0x00, 0x00, 0x00, 0x00, 0x00, 0x00, 0x00, 0x00, 0x00, 0x00, 0x00, 0x00, 0x00, 0x0f, 0x00, 0x00, 0x00
.byte 0x00, 0x00, 0xf0, 0xff, 0xff, 0x00, 0x00, 0x00, 0x00, 0x00, 0x00, 0x00, 0x00, 0x00, 0x00, 0x00, 0x00, 0x00, 0x00, 0x00, 0x00, 0x00, 0x00, 0x00, 0x00, 0x00, 0x00, 0x00, 0x00, 0x00, 0x00, 0x00
.byte 0x00, 0x00, 0x00, 0x00, 0x00, 0x00, 0x00, 0x00, 0x00, 0x00, 0x00, 0x00
.global gUnknown_831396C
gUnknown_831396C:
.byte 0x00, 0x00, 0x00, 0x00, 0x0f, 0x00, 0x00, 0x00, 0x00, 0xf0, 0x00, 0x00, 0x00, 0x00, 0x00, 0x0f, 0x00, 0x00, 0x00, 0x00
.byte 0xf0, 0x00, 0x00, 0x00, 0x00, 0x00, 0x0f, 0x00, 0x00, 0x00, 0x00, 0xf0, 0x00, 0x00, 0x00, 0x00, 0x00, 0x0f, 0x00, 0x00, 0x00, 0x00, 0xf0, 0x00, 0x00, 0x00, 0x00, 0x00, 0x0f, 0x00, 0x00, 0x00
.byte 0x00, 0x00, 0x00, 0x00, 0x00, 0x00, 0x00, 0x00, 0x00, 0x00, 0x00, 0x00, 0x00, 0x00, 0x00, 0x00, 0x00, 0x00, 0x00, 0x00
.global gUnknown_83139B4
gUnknown_83139B4:
.byte 0x00, 0x00, 0x00, 0x00, 0x00, 0x00, 0x00, 0x00, 0x00, 0x00, 0x00, 0x00
.byte 0x00, 0x00, 0x00, 0x00, 0x00, 0x00, 0xf0, 0x0f, 0x00, 0x00, 0x00, 0x00, 0x0f, 0xf0, 0x0f, 0xf0, 0x00, 0x00, 0x00, 0x00, 0xf0, 0x0f, 0x00, 0x00, 0x00, 0x00, 0x00, 0x00, 0x00, 0x00, 0x00, 0x00
.byte 0x00, 0x00, 0x00, 0x00, 0x00, 0x00, 0x00, 0x00, 0x00, 0x00, 0x00, 0x00, 0x00, 0x00, 0x00, 0x00, 0x00, 0x00, 0x00, 0x00, 0x00, 0x00, 0x00, 0x00, 0x00, 0x00, 0x00, 0x00
.global gUnknown_83139FC
gUnknown_83139FC:
.byte 0x00, 0x00, 0x00, 0x00
.byte 0x00, 0x00, 0x00, 0x00, 0x00, 0x00, 0x00, 0x00, 0x00, 0x00, 0x00, 0x00, 0x00, 0x00, 0x00, 0x00, 0x00, 0x00, 0x00, 0x00, 0xff, 0xf0, 0x0f, 0xff, 0x00, 0x00, 0xff, 0xf0, 0x0f, 0xff, 0x00, 0x00
.byte 0x00, 0x00, 0x00, 0x00, 0x00, 0x00, 0x00, 0x00, 0x00, 0x00, 0x00, 0x00, 0x00, 0x00, 0x00, 0x00, 0x00, 0x00, 0x00, 0x00, 0x00, 0x00, 0x00, 0x00, 0x00, 0x00, 0x00, 0x00, 0x00, 0x00, 0x00, 0x00
.byte 0x00, 0x00, 0x00, 0x00
.global gUnknown_8313A44
gUnknown_8313A44:
.byte 0x00, 0x00, 0x00, 0x00, 0x00, 0x00, 0x00, 0x00, 0x00, 0x00, 0x00, 0x00, 0x00, 0x00, 0x00, 0x00, 0x00, 0x00, 0x00, 0x00, 0x00, 0x00, 0x00, 0x00, 0xf0, 0x0f, 0x00, 0xf0
.byte 0x0f, 0x00, 0xf0, 0x0f, 0x00, 0xf0, 0x0f, 0x00, 0x00, 0x00, 0x00, 0x00, 0x00, 0x00, 0x00, 0x00, 0x00, 0x00, 0x00, 0x00, 0x00, 0x00, 0x00, 0x00, 0x00, 0x00, 0x00, 0x00, 0x00, 0x00, 0x00, 0x00
.byte 0x00, 0x00, 0x00, 0x00, 0x00, 0x00, 0x00, 0x00, 0x00, 0x00, 0x00, 0x00
.global gUnknown_8313A8C
gUnknown_8313A8C:
.byte 0x00, 0xff, 0x00, 0x00, 0x00, 0x00, 0x00, 0xff, 0x00, 0x00, 0x00, 0x00, 0x00, 0x0f, 0x00, 0x00, 0x00, 0x00, 0x00, 0x00
.byte 0x00, 0x00, 0x00, 0x00, 0x00, 0x00, 0x00, 0x00, 0x00, 0x00, 0x00, 0x00, 0x00, 0x00, 0x00, 0x00, 0x00, 0x00, 0x00, 0x00, 0x00, 0x00, 0x00, 0x00, 0x00, 0x00, 0x00, 0x00, 0x00, 0x00, 0x00, 0x00
.byte 0x00, 0x00, 0x00, 0x00, 0x00, 0x00, 0x00, 0x00, 0x00, 0x00, 0x00, 0x00, 0x00, 0x00, 0x00, 0x00, 0x00, 0x00, 0x00, 0x00
.global gUnknown_8313AD4
gUnknown_8313AD4:
.byte 0xff, 0xf0, 0x0f, 0x00, 0x00, 0x00, 0xff, 0xf0, 0x0f, 0x00, 0x00, 0x00
.byte 0x0f, 0xf0, 0x00, 0x00, 0x00, 0x00, 0xf0, 0x00, 0x0f, 0x00, 0x00, 0x00, 0x00, 0x00, 0x00, 0x00, 0x00, 0x00, 0x00, 0x00, 0x00, 0x00, 0x00, 0x00, 0x00, 0x00, 0x00, 0x00, 0x00, 0x00, 0x00, 0x00
.byte 0x00, 0x00, 0x00, 0x00, 0x00, 0x00, 0x00, 0x00, 0x00, 0x00, 0x00, 0x00, 0x00, 0x00, 0x00, 0x00, 0x00, 0x00, 0x00, 0x00, 0x00, 0x00, 0x00, 0x00, 0x00, 0x00, 0x00, 0x00
.global gUnknown_8313B1C
gUnknown_8313B1C:
.byte 0xff, 0xf0, 0x0f, 0x00
.byte 0x00, 0x00, 0xff, 0xf0, 0x0f, 0x00, 0x00, 0x00, 0xf0, 0x00, 0x0f, 0x00, 0x00, 0x00, 0x0f, 0xf0, 0x00, 0x00, 0x00, 0x00, 0x00, 0x00, 0x00, 0x00, 0x00, 0x00, 0x00, 0x00, 0x00, 0x00, 0x00, 0x00
.byte 0x00, 0x00, 0x00, 0x00, 0x00, 0x00, 0x00, 0x00, 0x00, 0x00, 0x00, 0x00, 0x00, 0x00, 0x00, 0x00, 0x00, 0x00, 0x00, 0x00, 0x00, 0x00, 0x00, 0x00, 0x00, 0x00, 0x00, 0x00, 0x00, 0x00, 0x00, 0x00
.byte 0x00, 0x00, 0x00, 0x00
.global gUnknown_8313B64
gUnknown_8313B64:
.byte 0x00, 0xf0, 0x00, 0x00, 0x00, 0x00, 0x00, 0x0f, 0x00, 0x00, 0x00, 0x00, 0x00, 0x0f, 0x00, 0x00, 0x00, 0x00, 0xf0, 0x00, 0x00, 0x00, 0x00, 0x00, 0xf0, 0x00, 0x00, 0x00
.byte 0x00, 0x00, 0xf0, 0x00, 0x00, 0x00, 0x00, 0x00, 0x00, 0x0f, 0x00, 0x00, 0x00, 0x00, 0x00, 0x0f, 0x00, 0x00, 0x00, 0x00, 0x00, 0xf0, 0x00, 0x00, 0x00, 0x00, 0x00, 0x00, 0x00, 0x00, 0x00, 0x00
.byte 0x00, 0x00, 0x00, 0x00, 0x00, 0x00, 0x00, 0x00, 0x00, 0x00, 0x00, 0x00
.global gUnknown_8313BAC
gUnknown_8313BAC:
.byte 0xf0, 0x00, 0x00, 0x00, 0x00, 0x00, 0x00, 0x0f, 0x00, 0x00, 0x00, 0x00, 0x00, 0x0f, 0x00, 0x00, 0x00, 0x00, 0x00, 0xf0
.byte 0x00, 0x00, 0x00, 0x00, 0x00, 0xf0, 0x00, 0x00, 0x00, 0x00, 0x00, 0xf0, 0x00, 0x00, 0x00, 0x00, 0x00, 0x0f, 0x00, 0x00, 0x00, 0x00, 0x00, 0x0f, 0x00, 0x00, 0x00, 0x00, 0xf0, 0x00, 0x00, 0x00
.byte 0x00, 0x00, 0x00, 0x00, 0x00, 0x00, 0x00, 0x00, 0x00, 0x00, 0x00, 0x00, 0x00, 0x00, 0x00, 0x00, 0x00, 0x00, 0x00, 0x00
.global gUnknown_8313BF4
gUnknown_8313BF4:
.byte 0x00, 0x00, 0xff, 0x0f, 0x00, 0x00, 0x00, 0x00, 0x0f, 0x00, 0x00, 0x00
.byte 0x00, 0x00, 0x0f, 0x00, 0x00, 0x00, 0x00, 0x00, 0x0f, 0x00, 0x00, 0x00, 0x00, 0x00, 0x0f, 0x00, 0x00, 0x00, 0x00, 0x00, 0x0f, 0x00, 0x00, 0x00, 0x00, 0x00, 0x00, 0x00, 0x00, 0x00, 0x00, 0x00
.byte 0x00, 0x00, 0x00, 0x00, 0x00, 0x00, 0x00, 0x00, 0x00, 0x00, 0x00, 0x00, 0x00, 0x00, 0x00, 0x00, 0x00, 0x00, 0x00, 0x00, 0x00, 0x00, 0x00, 0x00, 0x00, 0x00, 0x00, 0x00
.global gUnknown_8313C3C
gUnknown_8313C3C:
.byte 0x00, 0x00, 0x00, 0x00
.byte 0x00, 0x00, 0x00, 0x00, 0x00, 0x00, 0x00, 0x00, 0x00, 0x00, 0x00, 0x00, 0x00, 0x00, 0x00, 0x00, 0x0f, 0x00, 0x00, 0x00, 0x00, 0x00, 0x0f, 0x00, 0x00, 0x00, 0x00, 0x00, 0x0f, 0x00, 0x00, 0x00
.byte 0x00, 0x00, 0x0f, 0x00, 0x00, 0x00, 0x00, 0x00, 0x0f, 0x00, 0x00, 0x00, 0x00, 0xff, 0x0f, 0x00, 0x00, 0x00, 0x00, 0x00, 0x00, 0x00, 0x00, 0x00, 0x00, 0x00, 0x00, 0x00, 0x00, 0x00, 0x00, 0x00
.byte 0x00, 0x00, 0x00, 0x00
.global gUnknown_8313C84
gUnknown_8313C84:
.byte 0x00, 0xf0, 0xff, 0xff, 0x00, 0x00, 0x00, 0xf0, 0x00, 0xf0, 0x00, 0x00, 0x00, 0xf0, 0xf0, 0xff, 0x00, 0x00, 0x00, 0xf0, 0xf0, 0x00, 0x00, 0x00, 0x00, 0xf0, 0xf0, 0x00
.byte 0x00, 0x00, 0x00, 0xf0, 0xf0, 0x00, 0x00, 0x00, 0x00, 0xf0, 0xff, 0x00, 0x00, 0x00, 0x00, 0x00, 0x00, 0x00, 0x00, 0x00, 0x00, 0x00, 0x00, 0x00, 0x00, 0x00, 0x00, 0x00, 0x00, 0x00, 0x00, 0x00
.byte 0x00, 0x00, 0x00, 0x00, 0x00, 0x00, 0x00, 0x00, 0x00, 0x00, 0x00, 0x00
.global gUnknown_8313CCC
gUnknown_8313CCC:
.byte 0x00, 0x00, 0x00, 0x00, 0x00, 0x00, 0x00, 0x00, 0x00, 0x00, 0x00, 0x00, 0x00, 0xf0, 0xff, 0x00, 0x00, 0x00, 0x00, 0xf0
.byte 0xf0, 0x00, 0x00, 0x00, 0x00, 0xf0, 0xf0, 0x00, 0x00, 0x00, 0x00, 0xf0, 0xf0, 0x00, 0x00, 0x00, 0xf0, 0xff, 0xf0, 0x00, 0x00, 0x00, 0xf0, 0x00, 0xf0, 0x00, 0x00, 0x00, 0xf0, 0xff, 0xff, 0x00
.byte 0x00, 0x00, 0x00, 0x00, 0x00, 0x00, 0x00, 0x00, 0x00, 0x00, 0x00, 0x00, 0x00, 0x00, 0x00, 0x00, 0x00, 0x00, 0x00, 0x00
.global gUnknown_8313D14
gUnknown_8313D14:
.byte 0x00, 0x00, 0x00, 0x00, 0x00, 0x00, 0x00, 0x00, 0x00, 0x00, 0x00, 0x00
.byte 0x00, 0x0f, 0x00, 0x00, 0x00, 0x00, 0x00, 0x0f, 0x00, 0x00, 0x00, 0x00, 0xff, 0xff, 0x0f, 0x00, 0x00, 0x00, 0x00, 0x0f, 0x00, 0x00, 0x00, 0x00, 0x00, 0x0f, 0x00, 0x00, 0x00, 0x00, 0x00, 0x00
.byte 0x00, 0x00, 0x00, 0x00, 0x00, 0x00, 0x00, 0x00, 0x00, 0x00, 0x00, 0x00, 0x00, 0x00, 0x00, 0x00, 0x00, 0x00, 0x00, 0x00, 0x00, 0x00, 0x00, 0x00, 0x00, 0x00, 0x00, 0x00
.global gUnknown_8313D5C
gUnknown_8313D5C:
.byte 0x00, 0x00, 0x00, 0x00
.byte 0x00, 0x00, 0x00, 0x00, 0x00, 0x00, 0x00, 0x00, 0x00, 0x00, 0x00, 0x00, 0x00, 0x00, 0x00, 0x00, 0x00, 0x00, 0x00, 0x00, 0xff, 0xff, 0xff, 0x00, 0x00, 0x00, 0x00, 0x00, 0x00, 0x00, 0x00, 0x00
.byte 0x00, 0x00, 0x00, 0x00, 0x00, 0x00, 0x00, 0x00, 0x00, 0x00, 0x00, 0x00, 0x00, 0x00, 0x00, 0x00, 0x00, 0x00, 0x00, 0x00, 0x00, 0x00, 0x00, 0x00, 0x00, 0x00, 0x00, 0x00, 0x00, 0x00, 0x00, 0x00
.byte 0x00, 0x00, 0x00, 0x00
.global gUnknown_8313DA4
gUnknown_8313DA4:
.byte 0x00, 0x00, 0x00, 0x00, 0x00, 0x00, 0x00, 0x00, 0x00, 0x00, 0x00, 0x00, 0xf0, 0x00, 0x00, 0xf0, 0x00, 0x00, 0x00, 0x0f, 0x00, 0x0f, 0x00, 0x00, 0x00, 0xf0, 0xf0, 0x00
.byte 0x00, 0x00, 0x00, 0x00, 0x0f, 0x00, 0x00, 0x00, 0x00, 0xf0, 0xf0, 0x00, 0x00, 0x00, 0x00, 0x0f, 0x00, 0x0f, 0x00, 0x00, 0xf0, 0x00, 0x00, 0xf0, 0x00, 0x00, 0x00, 0x00, 0x00, 0x00, 0x00, 0x00
.byte 0x00, 0x00, 0x00, 0x00, 0x00, 0x00, 0x00, 0x00, 0x00, 0x00, 0x00, 0x00
.global gUnknown_8313DEC
gUnknown_8313DEC:
.byte 0x00, 0x00, 0x00, 0x00, 0x00, 0x00, 0x00, 0x00, 0x00, 0x00, 0x00, 0x00, 0x00, 0x00, 0x00, 0x00, 0x00, 0x00, 0xff, 0xff
.byte 0x0f, 0x00, 0x00, 0x00, 0x00, 0x00, 0x00, 0x00, 0x00, 0x00, 0xff, 0xff, 0x0f, 0x00, 0x00, 0x00, 0x00, 0x00, 0x00, 0x00, 0x00, 0x00, 0x00, 0x00, 0x00, 0x00, 0x00, 0x00, 0x00, 0x00, 0x00, 0x00
.byte 0x00, 0x00, 0x00, 0x00, 0x00, 0x00, 0x00, 0x00, 0x00, 0x00, 0x00, 0x00, 0x00, 0x00, 0x00, 0x00, 0x00, 0x00, 0x00, 0x00
.global gUnknown_8313E34
gUnknown_8313E34:
.byte 0x00, 0x00, 0x00, 0x00, 0x00, 0x00, 0x00, 0x00, 0x00, 0x0f, 0x00, 0x00
.byte 0x00, 0x00, 0xff, 0x00, 0x00, 0x00, 0x00, 0xff, 0x00, 0x00, 0x00, 0x00, 0xff, 0x00, 0x00, 0x00, 0x00, 0x00, 0x00, 0xff, 0x00, 0x00, 0x00, 0x00, 0x00, 0x00, 0xff, 0x00, 0x00, 0x00, 0x00, 0x00
.byte 0x00, 0x0f, 0x00, 0x00, 0x00, 0x00, 0x00, 0x00, 0x00, 0x00, 0x00, 0x00, 0x00, 0x00, 0x00, 0x00, 0x00, 0x00, 0x00, 0x00, 0x00, 0x00, 0x00, 0x00, 0x00, 0x00, 0x00, 0x00
.global gUnknown_8313E7C
gUnknown_8313E7C:
.byte 0x00, 0x00, 0x00, 0x00
.byte 0x00, 0x00, 0x0f, 0x00, 0x00, 0x00, 0x00, 0x00, 0xf0, 0x0f, 0x00, 0x00, 0x00, 0x00, 0x00, 0xf0, 0x0f, 0x00, 0x00, 0x00, 0x00, 0x00, 0xf0, 0x0f, 0x00, 0x00, 0x00, 0xf0, 0x0f, 0x00, 0x00, 0x00
.byte 0xf0, 0x0f, 0x00, 0x00, 0x00, 0x00, 0x0f, 0x00, 0x00, 0x00, 0x00, 0x00, 0x00, 0x00, 0x00, 0x00, 0x00, 0x00, 0x00, 0x00, 0x00, 0x00, 0x00, 0x00, 0x00, 0x00, 0x00, 0x00, 0x00, 0x00, 0x00, 0x00
.byte 0x00, 0x00, 0x00, 0x00
.global gUnknown_8313EC4
gUnknown_8313EC4:
.byte 0x00, 0x00, 0x00, 0x00, 0x00, 0x00, 0x00, 0x00, 0x00, 0x00, 0x00, 0x00, 0x00, 0x00, 0x00, 0x00, 0x00, 0x00, 0x00, 0xff, 0x0f, 0x00, 0xff, 0x0f, 0xf0, 0x00, 0xf0, 0xf0
.byte 0x00, 0xf0, 0xf0, 0x00, 0x00, 0x0f, 0x00, 0xf0, 0xf0, 0x00, 0xf0, 0xf0, 0x00, 0xf0, 0x00, 0xff, 0x0f, 0x00, 0xff, 0x0f, 0x00, 0x00, 0x00, 0x00, 0x00, 0x00, 0x00, 0x00, 0x00, 0x00, 0x00, 0x00
.byte 0x00, 0x00, 0x00, 0x00, 0x00, 0x00, 0x00, 0x00, 0x00, 0x00, 0x00, 0x00
.global gUnknown_8313F0C
gUnknown_8313F0C:
.byte 0x00, 0x00, 0x00, 0x00, 0x00, 0x00, 0x00, 0xf0, 0xff, 0x0f, 0x00, 0x00, 0x00, 0x00, 0xf0, 0x0f, 0x00, 0x00, 0x00, 0x00
.byte 0x0f, 0x0f, 0x00, 0x00, 0xf0, 0xff, 0x00, 0x0f, 0x00, 0x00, 0x0f, 0xf0, 0x00, 0x00, 0x00, 0x00, 0x0f, 0xf0, 0x00, 0x00, 0x00, 0x00, 0xf0, 0x0f, 0x00, 0x00, 0x00, 0x00, 0x00, 0x00, 0x00, 0x00
.byte 0x00, 0x00, 0x00, 0x00, 0x00, 0x00, 0x00, 0x00, 0x00, 0x00, 0x00, 0x00, 0x00, 0x00, 0x00, 0x00, 0x00, 0x00, 0x00, 0x00
.global gUnknown_8313F54
gUnknown_8313F54:
.byte 0x00, 0x00, 0x00, 0x00, 0x00, 0x00, 0x00, 0xff, 0x0f, 0x00, 0x00, 0x00
.byte 0xf0, 0x00, 0xf0, 0x00, 0x00, 0x00, 0xf0, 0x00, 0xf0, 0x00, 0x00, 0x00, 0x00, 0xff, 0x0f, 0x00, 0x00, 0x00, 0x00, 0xf0, 0x00, 0x00, 0x00, 0x00, 0xf0, 0xff, 0xff, 0x00, 0x00, 0x00, 0x00, 0xf0
.byte 0x00, 0x00, 0x00, 0x00, 0x00, 0xf0, 0x00, 0x00, 0x00, 0x00, 0x00, 0x00, 0x00, 0x00, 0x00, 0x00, 0x00, 0x00, 0x00, 0x00, 0x00, 0x00, 0x00, 0x00, 0x00, 0x00, 0x00, 0x00
.global gUnknown_8313F9C
gUnknown_8313F9C:
.byte 0x00, 0xf0, 0x00, 0x00
.byte 0x00, 0x00, 0xf0, 0xff, 0xff, 0x00, 0x00, 0x00, 0x0f, 0xf0, 0x00, 0x0f, 0x00, 0x00, 0x0f, 0xf0, 0x00, 0x00, 0x00, 0x00, 0xf0, 0xff, 0xff, 0x00, 0x00, 0x00, 0x00, 0xf0, 0x00, 0x0f, 0x00, 0x00
.byte 0x00, 0xf0, 0x00, 0x0f, 0x00, 0x00, 0x0f, 0xf0, 0x00, 0x0f, 0x00, 0x00, 0xf0, 0xff, 0xff, 0x00, 0x00, 0x00, 0x00, 0xf0, 0x00, 0x00, 0x00, 0x00, 0x00, 0x00, 0x00, 0x00, 0x00, 0x00, 0x00, 0x00
.byte 0x00, 0x00, 0x00, 0x00
.global gUnknown_8313FE4
gUnknown_8313FE4:
.byte 0x00, 0x00, 0x00, 0x00, 0x0f, 0x00, 0xf0, 0x0f, 0x00, 0xf0, 0x00, 0x00, 0x0f, 0xf0, 0x00, 0x0f, 0x00, 0x00, 0x0f, 0xf0, 0xf0, 0x00, 0x00, 0x00, 0xf0, 0x0f, 0x0f, 0xff
.byte 0x00, 0x00, 0x00, 0xf0, 0xf0, 0x00, 0x0f, 0x00, 0x00, 0x0f, 0xf0, 0x00, 0x0f, 0x00, 0xf0, 0x00, 0x00, 0xff, 0x00, 0x00, 0x0f, 0x00, 0x00, 0x00, 0x00, 0x00, 0x00, 0x00, 0x00, 0x00, 0x00, 0x00
.byte 0x00, 0x00, 0x00, 0x00, 0x00, 0x00, 0x00, 0x00, 0x00, 0x00, 0x00, 0x00
.global gUnknown_831402C
gUnknown_831402C:
.byte 0x00, 0xf0, 0x00, 0x0f, 0x00, 0x00, 0x00, 0xf0, 0x00, 0x0f, 0x00, 0x00, 0xf0, 0xff, 0xff, 0xff, 0x00, 0x00, 0x00, 0x0f
.byte 0xf0, 0x00, 0x00, 0x00, 0x00, 0x0f, 0xf0, 0x00, 0x00, 0x00, 0x00, 0x0f, 0xf0, 0x00, 0x00, 0x00, 0xff, 0xff, 0xff, 0x0f, 0x00, 0x00, 0xf0, 0x00, 0x0f, 0x00, 0x00, 0x00, 0xf0, 0x00, 0x0f, 0x00
.byte 0x00, 0x00, 0x00, 0x00, 0x00, 0x00, 0x00, 0x00, 0x00, 0x00, 0x00, 0x00, 0x00, 0x00, 0x00, 0x00, 0x00, 0x00, 0x00, 0x00
.global gUnknown_8314074
gUnknown_8314074:
.byte 0x00, 0x00, 0x00, 0x00, 0x00, 0x00, 0x00, 0xff, 0x00, 0x00, 0x00, 0x00
.byte 0xf0, 0x00, 0x0f, 0x00, 0x00, 0x00, 0x00, 0xff, 0x00, 0x00, 0x00, 0x00, 0xf0, 0xf0, 0x00, 0x0f, 0x00, 0x00, 0x0f, 0x00, 0xff, 0x00, 0x00, 0x00, 0x0f, 0x00, 0xff, 0x00, 0x00, 0x00, 0xf0, 0xff
.byte 0x00, 0x0f, 0x00, 0x00, 0x00, 0x00, 0x00, 0x00, 0x00, 0x00, 0x00, 0x00, 0x00, 0x00, 0x00, 0x00, 0x00, 0x00, 0x00, 0x00, 0x00, 0x00, 0x00, 0x00, 0x00, 0x00, 0x00, 0x00
.global gUnknown_83140BC
gUnknown_83140BC:
.byte 0x00, 0x00, 0x00, 0x00
.byte 0x00, 0x00, 0xf0, 0x00, 0x00, 0x0f, 0x00, 0x00, 0x00, 0x0f, 0xf0, 0x00, 0x00, 0x00, 0x00, 0xf0, 0x0f, 0x00, 0x00, 0x00, 0xff, 0xff, 0xff, 0xff, 0x00, 0x00, 0x00, 0xf0, 0x0f, 0x00, 0x00, 0x00
.byte 0x00, 0x0f, 0xf0, 0x00, 0x00, 0x00, 0xf0, 0x00, 0x00, 0x0f, 0x00, 0x00, 0x00, 0x00, 0x00, 0x00, 0x00, 0x00, 0x00, 0x00, 0x00, 0x00, 0x00, 0x00, 0x00, 0x00, 0x00, 0x00, 0x00, 0x00, 0x00, 0x00
.byte 0x00, 0x00, 0x00, 0x00
.global gUnknown_8314104
gUnknown_8314104:
.byte 0x00, 0xff, 0xff, 0x00, 0x00, 0x00, 0xf0, 0x00, 0x00, 0x0f, 0x00, 0x00, 0x0f, 0xf0, 0xff, 0xf0, 0x00, 0x00, 0x0f, 0x0f, 0xf0, 0xf0, 0x00, 0x00, 0x0f, 0x0f, 0xf0, 0xf0
.byte 0x00, 0x00, 0x0f, 0x0f, 0xff, 0xf0, 0x00, 0x00, 0x0f, 0xf0, 0xf0, 0x0f, 0x00, 0x00, 0xf0, 0x00, 0x00, 0xf0, 0x00, 0x00, 0x00, 0xff, 0xff, 0x0f, 0x00, 0x00, 0x00, 0x00, 0x00, 0x00, 0x00, 0x00
.byte 0x00, 0x00, 0x00, 0x00, 0x00, 0x00, 0x00, 0x00, 0x00, 0x00, 0x00, 0x00
.global gUnknown_831414C
gUnknown_831414C:
.byte 0x00, 0x00, 0xff, 0x00, 0x00, 0x00, 0x00, 0xff, 0x00, 0xff, 0x00, 0x00, 0xf0, 0x00, 0x00, 0x00, 0x0f, 0x00, 0xf0, 0x00
.byte 0x00, 0x00, 0x0f, 0x00, 0x0f, 0x00, 0x00, 0x00, 0xf0, 0x00, 0x0f, 0x00, 0x00, 0x00, 0xf0, 0x00, 0xf0, 0x00, 0x00, 0x00, 0x0f, 0x00, 0xf0, 0x00, 0x00, 0x00, 0x0f, 0x00, 0x00, 0xff, 0x00, 0xff
.byte 0x00, 0x00, 0x00, 0x00, 0xff, 0x00, 0x00, 0x00, 0x00, 0x00, 0x00, 0x00, 0x00, 0x00, 0x00, 0x00, 0x00, 0x00, 0x00, 0x00
.global gUnknown_8314194
gUnknown_8314194:
.byte 0x00, 0x00, 0x00, 0x00, 0x00, 0x00, 0x00, 0x00, 0x00, 0x00, 0x00, 0x00
.byte 0x00, 0x00, 0x00, 0x00, 0x00, 0x00, 0x00, 0x00, 0x00, 0xf0, 0x00, 0x00, 0x00, 0x00, 0x00, 0x00, 0x0f, 0x00, 0xf0, 0xff, 0xff, 0xff, 0xff, 0x00, 0x00, 0x00, 0x00, 0x00, 0x0f, 0x00, 0x00, 0x00
.byte 0x00, 0xf0, 0x00, 0x00, 0x00, 0x00, 0x00, 0x00, 0x00, 0x00, 0x00, 0x00, 0x00, 0x00, 0x00, 0x00, 0x00, 0x00, 0x00, 0x00, 0x00, 0x00, 0x00, 0x00, 0x00, 0x00, 0x00, 0x00
.global gUnknown_83141DC
gUnknown_83141DC:
.byte 0x00, 0x00, 0x00, 0x00
.byte 0x00, 0x00, 0x00, 0x00, 0x00, 0x00, 0x00, 0x00, 0x00, 0x00, 0x00, 0x00, 0x00, 0x00, 0x00, 0xf0, 0x00, 0x00, 0x00, 0x00, 0x00, 0x0f, 0x00, 0x00, 0x00, 0x00, 0xf0, 0xff, 0xff, 0xff, 0xff, 0xff
.byte 0x00, 0x0f, 0x00, 0x00, 0x00, 0x00, 0x00, 0xf0, 0x00, 0x00, 0x00, 0x00, 0x00, 0x00, 0x00, 0x00, 0x00, 0x00, 0x00, 0x00, 0x00, 0x00, 0x00, 0x00, 0x00, 0x00, 0x00, 0x00, 0x00, 0x00, 0x00, 0x00
.byte 0x00, 0x00, 0x00, 0x00
.global gUnknown_8314224
gUnknown_8314224:
.byte 0x00, 0xf0, 0x00, 0x00, 0x00, 0x00, 0x00, 0xff, 0x0f, 0x00, 0x00, 0x00, 0xf0, 0xf0, 0xf0, 0x00, 0x00, 0x00, 0x00, 0xf0, 0x00, 0x00, 0x00, 0x00, 0x00, 0xf0, 0x00, 0x00
.byte 0x00, 0x00, 0x00, 0xf0, 0x00, 0x00, 0x00, 0x00, 0x00, 0xf0, 0x00, 0x00, 0x00, 0x00, 0x00, 0xf0, 0x00, 0x00, 0x00, 0x00, 0x00, 0xf0, 0x00, 0x00, 0x00, 0x00, 0x00, 0xf0, 0x00, 0x00, 0x00, 0x00
.byte 0x00, 0xf0, 0x00, 0x00, 0x00, 0x00, 0x00, 0x00, 0x00, 0x00, 0x00, 0x00
.global gUnknown_831426C
gUnknown_831426C:
.byte 0x00, 0xf0, 0x00, 0x00, 0x00, 0x00, 0x00, 0xf0, 0x00, 0x00, 0x00, 0x00, 0x00, 0xf0, 0x00, 0x00, 0x00, 0x00, 0x00, 0xf0
.byte 0x00, 0x00, 0x00, 0x00, 0x00, 0xf0, 0x00, 0x00, 0x00, 0x00, 0x00, 0xf0, 0x00, 0x00, 0x00, 0x00, 0x00, 0xf0, 0x00, 0x00, 0x00, 0x00, 0x00, 0xf0, 0x00, 0x00, 0x00, 0x00, 0xf0, 0xf0, 0xf0, 0x00
.byte 0x00, 0x00, 0x00, 0xff, 0x0f, 0x00, 0x00, 0x00, 0x00, 0xf0, 0x00, 0x00, 0x00, 0x00, 0x00, 0x00, 0x00, 0x00, 0x00, 0x00
.global gUnknown_83142B4
gUnknown_83142B4:
.byte 0x00, 0x0f, 0x00, 0x00, 0x00, 0x00, 0x00, 0xff, 0x00, 0x00, 0x00, 0x00
.byte 0x00, 0x0f, 0x0f, 0x00, 0x00, 0x00, 0x00, 0x0f, 0xf0, 0x00, 0x00, 0x00, 0x00, 0x0f, 0xf0, 0x00, 0x00, 0x00, 0x00, 0x0f, 0x0f, 0x00, 0x00, 0x00, 0xf0, 0x0f, 0x00, 0x00, 0x00, 0x00, 0xff, 0x0f
.byte 0x00, 0x00, 0x00, 0x00, 0xff, 0x00, 0x00, 0x00, 0x00, 0x00, 0x00, 0x00, 0x00, 0x00, 0x00, 0x00, 0x00, 0x00, 0x00, 0x00, 0x00, 0x00, 0x00, 0x00, 0x00, 0x00, 0x00, 0x00
.global gUnknown_83142FC
gUnknown_83142FC:
.byte 0xff, 0xff, 0xff, 0x0f
.byte 0x00, 0x00, 0xff, 0x00, 0xf0, 0x0f, 0x00, 0x00, 0x0f, 0xff, 0x0f, 0x0f, 0x00, 0x00, 0x0f, 0xff, 0x0f, 0x0f, 0x00, 0x00, 0x0f, 0xff, 0x0f, 0x0f, 0x00, 0x00, 0x0f, 0xff, 0x0f, 0x0f, 0x00, 0x00
.byte 0x0f, 0xff, 0x0f, 0x0f, 0x00, 0x00, 0x0f, 0xff, 0x0f, 0x0f, 0x00, 0x00, 0xff, 0x00, 0xf0, 0x0f, 0x00, 0x00, 0xff, 0xff, 0xff, 0x0f, 0x00, 0x00, 0xff, 0xff, 0xff, 0x0f, 0x00, 0x00, 0xff, 0xff
.byte 0xff, 0x0f, 0x00, 0x00
.global gUnknown_8314344
gUnknown_8314344:
.byte 0xff, 0xff, 0x0f, 0x00, 0x00, 0x00, 0xff, 0x0f, 0x0f, 0x00, 0x00, 0x00, 0xff, 0x00, 0x0f, 0x00, 0x00, 0x00, 0x0f, 0x00, 0x0f, 0x00, 0x00, 0x00, 0xff, 0x0f, 0x0f, 0x00
.byte 0x00, 0x00, 0xff, 0x0f, 0x0f, 0x00, 0x00, 0x00, 0xff, 0x0f, 0x0f, 0x00, 0x00, 0x00, 0xff, 0x0f, 0x0f, 0x00, 0x00, 0x00, 0xff, 0x0f, 0x0f, 0x00, 0x00, 0x00, 0xff, 0xff, 0x0f, 0x00, 0x00, 0x00
.byte 0xff, 0xff, 0x0f, 0x00, 0x00, 0x00, 0xff, 0xff, 0x0f, 0x00, 0x00, 0x00
.global gUnknown_831438C
gUnknown_831438C:
.byte 0xff, 0xff, 0xff, 0x0f, 0x00, 0x00, 0xff, 0x00, 0xf0, 0x0f, 0x00, 0x00, 0x0f, 0xff, 0x0f, 0x0f, 0x00, 0x00, 0x0f, 0xff
.byte 0x0f, 0x0f, 0x00, 0x00, 0xff, 0xff, 0xf0, 0x0f, 0x00, 0x00, 0xff, 0x0f, 0xff, 0x0f, 0x00, 0x00, 0xff, 0xf0, 0xff, 0x0f, 0x00, 0x00, 0x0f, 0xff, 0xff, 0x0f, 0x00, 0x00, 0x0f, 0x00, 0x00, 0x0f
.byte 0x00, 0x00, 0xff, 0xff, 0xff, 0x0f, 0x00, 0x00, 0xff, 0xff, 0xff, 0x0f, 0x00, 0x00, 0xff, 0xff, 0xff, 0x0f, 0x00, 0x00
.global gUnknown_83143D4
gUnknown_83143D4:
.byte 0xff, 0xff, 0xff, 0x0f, 0x00, 0x00, 0xff, 0x00, 0xf0, 0x0f, 0x00, 0x00
.byte 0x0f, 0xff, 0x0f, 0x0f, 0x00, 0x00, 0xff, 0xff, 0x0f, 0x0f, 0x00, 0x00, 0xff, 0x0f, 0xf0, 0x0f, 0x00, 0x00, 0xff, 0xff, 0x0f, 0x0f, 0x00, 0x00, 0xff, 0xff, 0x0f, 0x0f, 0x00, 0x00, 0x0f, 0xff
.byte 0x0f, 0x0f, 0x00, 0x00, 0xff, 0x00, 0xf0, 0x0f, 0x00, 0x00, 0xff, 0xff, 0xff, 0x0f, 0x00, 0x00, 0xff, 0xff, 0xff, 0x0f, 0x00, 0x00, 0xff, 0xff, 0xff, 0x0f, 0x00, 0x00
.global gUnknown_831441C
gUnknown_831441C:
.byte 0xff, 0xff, 0xff, 0xff
.byte 0x00, 0x00, 0xff, 0xff, 0x0f, 0xff, 0x00, 0x00, 0xff, 0xff, 0x00, 0xff, 0x00, 0x00, 0xff, 0x0f, 0x0f, 0xff, 0x00, 0x00, 0xff, 0xf0, 0x0f, 0xff, 0x00, 0x00, 0x0f, 0xff, 0x0f, 0xff, 0x00, 0x00
.byte 0x0f, 0x00, 0x00, 0xf0, 0x00, 0x00, 0xff, 0xff, 0x0f, 0xff, 0x00, 0x00, 0xff, 0xff, 0x0f, 0xff, 0x00, 0x00, 0xff, 0xff, 0xff, 0xff, 0x00, 0x00, 0xff, 0xff, 0xff, 0xff, 0x00, 0x00, 0xff, 0xff
.byte 0xff, 0xff, 0x00, 0x00
.global gUnknown_8314464
gUnknown_8314464:
.byte 0xff, 0xff, 0xff, 0x0f, 0x00, 0x00, 0x0f, 0x00, 0x00, 0x0f, 0x00, 0x00, 0x0f, 0xff, 0xff, 0x0f, 0x00, 0x00, 0x0f, 0x00, 0xf0, 0x0f, 0x00, 0x00, 0x0f, 0xff, 0x0f, 0x0f
.byte 0x00, 0x00, 0xff, 0xff, 0x0f, 0x0f, 0x00, 0x00, 0xff, 0xff, 0x0f, 0x0f, 0x00, 0x00, 0x0f, 0xff, 0x0f, 0x0f, 0x00, 0x00, 0xff, 0x00, 0xf0, 0x0f, 0x00, 0x00, 0xff, 0xff, 0xff, 0x0f, 0x00, 0x00
.byte 0xff, 0xff, 0xff, 0x0f, 0x00, 0x00, 0xff, 0xff, 0xff, 0x0f, 0x00, 0x00
.global gUnknown_83144AC
gUnknown_83144AC:
.byte 0xff, 0xff, 0xff, 0x0f, 0x00, 0x00, 0xff, 0x00, 0xf0, 0x0f, 0x00, 0x00, 0x0f, 0xff, 0x0f, 0x0f, 0x00, 0x00, 0x0f, 0xff
.byte 0xff, 0x0f, 0x00, 0x00, 0x0f, 0x00, 0xf0, 0x0f, 0x00, 0x00, 0x0f, 0xff, 0x0f, 0x0f, 0x00, 0x00, 0x0f, 0xff, 0x0f, 0x0f, 0x00, 0x00, 0x0f, 0xff, 0x0f, 0x0f, 0x00, 0x00, 0xff, 0x00, 0xf0, 0x0f
.byte 0x00, 0x00, 0xff, 0xff, 0xff, 0x0f, 0x00, 0x00, 0xff, 0xff, 0xff, 0x0f, 0x00, 0x00, 0xff, 0xff, 0xff, 0x0f, 0x00, 0x00
.global gUnknown_83144F4
gUnknown_83144F4:
.byte 0xff, 0xff, 0xff, 0x0f, 0x00, 0x00, 0x0f, 0x00, 0x00, 0x0f, 0x00, 0x00
.byte 0xff, 0xff, 0x0f, 0x0f, 0x00, 0x00, 0xff, 0xff, 0x0f, 0x0f, 0x00, 0x00, 0xff, 0xff, 0xf0, 0x0f, 0x00, 0x00, 0xff, 0xff, 0xf0, 0x0f, 0x00, 0x00, 0xff, 0x0f, 0xff, 0x0f, 0x00, 0x00, 0xff, 0x0f
.byte 0xff, 0x0f, 0x00, 0x00, 0xff, 0x0f, 0xff, 0x0f, 0x00, 0x00, 0xff, 0xff, 0xff, 0x0f, 0x00, 0x00, 0xff, 0xff, 0xff, 0x0f, 0x00, 0x00, 0xff, 0xff, 0xff, 0x0f, 0x00, 0x00
.global gUnknown_831453C
gUnknown_831453C:
.byte 0xff, 0xff, 0xff, 0x0f
.byte 0x00, 0x00, 0xff, 0x00, 0xf0, 0x0f, 0x00, 0x00, 0x0f, 0xff, 0x0f, 0x0f, 0x00, 0x00, 0x0f, 0xff, 0x0f, 0x0f, 0x00, 0x00, 0xff, 0x00, 0xf0, 0x0f, 0x00, 0x00, 0x0f, 0xff, 0x0f, 0x0f, 0x00, 0x00
.byte 0x0f, 0xff, 0x0f, 0x0f, 0x00, 0x00, 0x0f, 0xff, 0x0f, 0x0f, 0x00, 0x00, 0xff, 0x00, 0xf0, 0x0f, 0x00, 0x00, 0xff, 0xff, 0xff, 0x0f, 0x00, 0x00, 0xff, 0xff, 0xff, 0x0f, 0x00, 0x00, 0xff, 0xff
.byte 0xff, 0x0f, 0x00, 0x00
.global gUnknown_8314584
gUnknown_8314584:
.byte 0xff, 0xff, 0xff, 0x0f, 0x00, 0x00, 0xff, 0x00, 0xf0, 0x0f, 0x00, 0x00, 0x0f, 0xff, 0x0f, 0x0f, 0x00, 0x00, 0x0f, 0xff, 0x0f, 0x0f, 0x00, 0x00, 0x0f, 0xff, 0x0f, 0x0f
.byte 0x00, 0x00, 0xff, 0x00, 0x00, 0x0f, 0x00, 0x00, 0xff, 0xff, 0x0f, 0x0f, 0x00, 0x00, 0x0f, 0xff, 0x0f, 0x0f, 0x00, 0x00, 0xff, 0x00, 0xf0, 0x0f, 0x00, 0x00, 0xff, 0xff, 0xff, 0x0f, 0x00, 0x00
.byte 0xff, 0xff, 0xff, 0x0f, 0x00, 0x00, 0xff, 0xff, 0xff, 0x0f, 0x00, 0x00
.global gUnknown_83145CC
gUnknown_83145CC:
.byte 0xff, 0xff, 0xff, 0xff, 0x00, 0x00, 0xff, 0xf0, 0xff, 0xff, 0x00, 0x00, 0x00, 0x00, 0x00, 0xff, 0x00, 0x00, 0xff, 0xf0
.byte 0xff, 0xff, 0x00, 0x00, 0x0f, 0x00, 0x00, 0xff, 0x00, 0x00, 0xf0, 0xf0, 0xf0, 0xf0, 0x00, 0x00, 0xf0, 0xf0, 0xf0, 0xf0, 0x00, 0x00, 0xf0, 0xf0, 0xf0, 0xf0, 0x00, 0x00, 0x0f, 0x00, 0x0f, 0xff
.byte 0x00, 0x00, 0xff, 0xff, 0xff, 0xff, 0x00, 0x00, 0xff, 0xff, 0xff, 0xff, 0x00, 0x00, 0xff, 0xff, 0xff, 0xff, 0x00, 0x00
.global gUnknown_8314614
gUnknown_8314614:
.byte 0xff, 0xff, 0xff, 0xff, 0x00, 0x00, 0xff, 0xff, 0xff, 0xff, 0x00, 0x00
.byte 0xf0, 0xff, 0xff, 0xff, 0x00, 0x00, 0xf0, 0xff, 0x0f, 0xff, 0x00, 0x00, 0xf0, 0xff, 0x0f, 0xff, 0x00, 0x00, 0xf0, 0xff, 0xff, 0xf0, 0x00, 0x00, 0xf0, 0xff, 0xff, 0xf0, 0x00, 0x00, 0xf0, 0xff
.byte 0xff, 0xf0, 0x00, 0x00, 0x0f, 0xf0, 0xff, 0xff, 0x00, 0x00, 0xff, 0xff, 0xff, 0xff, 0x00, 0x00, 0xff, 0xff, 0xff, 0xff, 0x00, 0x00, 0xff, 0xff, 0xff, 0xff, 0x00, 0x00
.global gUnknown_831465C
gUnknown_831465C:
.byte 0xff, 0xff, 0xff, 0x0f
.byte 0x00, 0x00, 0x0f, 0x00, 0xf0, 0x0f, 0x00, 0x00, 0xff, 0xff, 0xff, 0x0f, 0x00, 0x00, 0x0f, 0x00, 0xf0, 0x0f, 0x00, 0x00, 0xf0, 0xff, 0x0f, 0x0f, 0x00, 0x00, 0xff, 0xff, 0x0f, 0x0f, 0x00, 0x00
.byte 0xff, 0xff, 0x0f, 0x0f, 0x00, 0x00, 0xff, 0xff, 0xf0, 0x0f, 0x00, 0x00, 0x0f, 0x00, 0xff, 0x0f, 0x00, 0x00, 0xff, 0xff, 0xff, 0x0f, 0x00, 0x00, 0xff, 0xff, 0xff, 0x0f, 0x00, 0x00, 0xff, 0xff
.byte 0xff, 0x0f, 0x00, 0x00
.global gUnknown_83146A4
gUnknown_83146A4:
.byte 0xff, 0xff, 0xff, 0xff, 0x00, 0x00, 0xff, 0x00, 0xf0, 0xff, 0x00, 0x00, 0xff, 0xff, 0xff, 0xff, 0x00, 0x00, 0x00, 0x00, 0x00, 0xff, 0x00, 0x00, 0xff, 0xff, 0xf0, 0xff
.byte 0x00, 0x00, 0xff, 0x0f, 0xff, 0xff, 0x00, 0x00, 0xff, 0x00, 0xf0, 0xff, 0x00, 0x00, 0x0f, 0xff, 0xf0, 0xff, 0x00, 0x00, 0xf0, 0xff, 0x00, 0xf0, 0x00, 0x00, 0xff, 0xff, 0xff, 0xff, 0x00, 0x00
.byte 0xff, 0xff, 0xff, 0xff, 0x00, 0x00, 0xff, 0xff, 0xff, 0xff, 0x00, 0x00
.global gUnknown_83146EC
gUnknown_83146EC:
.byte 0xff, 0xff, 0xff, 0xff, 0x00, 0x00, 0xff, 0xf0, 0xff, 0xf0, 0x00, 0x00, 0x00, 0x00, 0xf0, 0xf0, 0x00, 0x00, 0xff, 0xf0
.byte 0xff, 0xff, 0x00, 0x00, 0x0f, 0x00, 0x00, 0xff, 0x00, 0x00, 0xf0, 0xf0, 0xff, 0xf0, 0x00, 0x00, 0xf0, 0xf0, 0xff, 0xf0, 0x00, 0x00, 0xf0, 0xf0, 0xff, 0xf0, 0x00, 0x00, 0x0f, 0xf0, 0x0f, 0xff
.byte 0x00, 0x00, 0xff, 0xff, 0xff, 0xff, 0x00, 0x00, 0xff, 0xff, 0xff, 0xff, 0x00, 0x00, 0xff, 0xff, 0xff, 0xff, 0x00, 0x00
.global gUnknown_8314734
gUnknown_8314734:
.byte 0xff, 0xff, 0xff, 0xff, 0x0f, 0x00, 0xff, 0xf0, 0xff, 0xf0, 0x0f, 0x00
.byte 0x00, 0x00, 0xf0, 0xf0, 0x0f, 0x00, 0xff, 0xf0, 0x0f, 0x0f, 0x0f, 0x00, 0xff, 0xf0, 0x0f, 0x0f, 0x0f, 0x00, 0xff, 0xf0, 0x0f, 0xff, 0x0f, 0x00, 0x0f, 0xff, 0x0f, 0xff, 0x0f, 0x00, 0x0f, 0xff
.byte 0x0f, 0xff, 0x0f, 0x00, 0xf0, 0x0f, 0xf0, 0xff, 0x0f, 0x00, 0xff, 0xff, 0xff, 0xff, 0x0f, 0x00, 0xff, 0xff, 0xff, 0xff, 0x0f, 0x00, 0xff, 0xff, 0xff, 0xff, 0x0f, 0x00
.global gUnknown_831477C
gUnknown_831477C:
.byte 0xff, 0xff, 0xff, 0xff
.byte 0x0f, 0x00, 0xff, 0xf0, 0x0f, 0x0f, 0x0f, 0x00, 0x00, 0x00, 0xf0, 0xf0, 0x0f, 0x00, 0xff, 0xf0, 0x0f, 0x0f, 0x0f, 0x00, 0xff, 0xf0, 0x0f, 0x0f, 0x0f, 0x00, 0xff, 0xf0, 0x0f, 0xff, 0x0f, 0x00
.byte 0x0f, 0xff, 0x0f, 0xff, 0x0f, 0x00, 0x0f, 0xff, 0x0f, 0xff, 0x0f, 0x00, 0xf0, 0x0f, 0xf0, 0xff, 0x0f, 0x00, 0xff, 0xff, 0xff, 0xff, 0x0f, 0x00, 0xff, 0xff, 0xff, 0xff, 0x0f, 0x00, 0xff, 0xff
.byte 0xff, 0xff, 0x0f, 0x00
.global gUnknown_83147C4
gUnknown_83147C4:
.byte 0xff, 0xff, 0xff, 0xff, 0x00, 0x00, 0xff, 0xf0, 0xff, 0xff, 0x00, 0x00, 0x00, 0x00, 0x00, 0xff, 0x00, 0x00, 0xff, 0x0f, 0xff, 0xff, 0x00, 0x00, 0x00, 0x00, 0x00, 0xf0
.byte 0x00, 0x00, 0xff, 0xff, 0xf0, 0xff, 0x00, 0x00, 0x0f, 0x00, 0xf0, 0xff, 0x00, 0x00, 0xf0, 0xff, 0xff, 0xff, 0x00, 0x00, 0x0f, 0x00, 0xf0, 0xff, 0x00, 0x00, 0xff, 0xff, 0xff, 0xff, 0x00, 0x00
.byte 0xff, 0xff, 0xff, 0xff, 0x00, 0x00, 0xff, 0xff, 0xff, 0xff, 0x00, 0x00
.global gUnknown_831480C
gUnknown_831480C:
.byte 0xff, 0xff, 0xff, 0xff, 0x00, 0x00, 0xff, 0xf0, 0xf0, 0xf0, 0x00, 0x00, 0x00, 0x00, 0xf0, 0xf0, 0x00, 0x00, 0xff, 0x0f
.byte 0xff, 0xff, 0x00, 0x00, 0x00, 0x00, 0x00, 0xf0, 0x00, 0x00, 0xff, 0xff, 0xf0, 0xff, 0x00, 0x00, 0x0f, 0x00, 0xf0, 0xff, 0x00, 0x00, 0xf0, 0xff, 0xff, 0xff, 0x00, 0x00, 0x0f, 0x00, 0xf0, 0xff
.byte 0x00, 0x00, 0xff, 0xff, 0xff, 0xff, 0x00, 0x00, 0xff, 0xff, 0xff, 0xff, 0x00, 0x00, 0xff, 0xff, 0xff, 0xff, 0x00, 0x00
.global gUnknown_8314854
gUnknown_8314854:
.byte 0xff, 0xff, 0x0f, 0x00, 0x00, 0x00, 0xff, 0x0f, 0x0f, 0x00, 0x00, 0x00
.byte 0xff, 0xf0, 0x0f, 0x00, 0x00, 0x00, 0x0f, 0xff, 0x0f, 0x00, 0x00, 0x00, 0xf0, 0xff, 0x0f, 0x00, 0x00, 0x00, 0xf0, 0xff, 0x0f, 0x00, 0x00, 0x00, 0x0f, 0xff, 0x0f, 0x00, 0x00, 0x00, 0xff, 0xf0
.byte 0x0f, 0x00, 0x00, 0x00, 0xff, 0x0f, 0x0f, 0x00, 0x00, 0x00, 0xff, 0xff, 0x0f, 0x00, 0x00, 0x00, 0xff, 0xff, 0x0f, 0x00, 0x00, 0x00, 0xff, 0xff, 0x0f, 0x00, 0x00, 0x00
.global gUnknown_831489C
gUnknown_831489C:
.byte 0xff, 0xff, 0xff, 0xff
.byte 0x00, 0x00, 0xff, 0xff, 0xf0, 0xf0, 0x00, 0x00, 0xff, 0xf0, 0xf0, 0xf0, 0x00, 0x00, 0x0f, 0xff, 0xff, 0xff, 0x00, 0x00, 0xf0, 0xff, 0xff, 0xff, 0x00, 0x00, 0xf0, 0xff, 0xff, 0xff, 0x00, 0x00
.byte 0x0f, 0xff, 0xff, 0xff, 0x00, 0x00, 0xff, 0xf0, 0xff, 0xff, 0x00, 0x00, 0xff, 0x0f, 0xff, 0xff, 0x00, 0x00, 0xff, 0xff, 0xff, 0xff, 0x00, 0x00, 0xff, 0xff, 0xff, 0xff, 0x00, 0x00, 0xff, 0xff
.byte 0xff, 0xff, 0x00, 0x00
.global gUnknown_83148E4
gUnknown_83148E4:
.byte 0xff, 0xff, 0xff, 0xff, 0x00, 0x00, 0xf0, 0xff, 0x0f, 0xff, 0x00, 0x00, 0xf0, 0xff, 0x0f, 0xff, 0x00, 0x00, 0xf0, 0x00, 0x00, 0xf0, 0x00, 0x00, 0xf0, 0xff, 0x0f, 0xff
.byte 0x00, 0x00, 0xf0, 0xff, 0x0f, 0xff, 0x00, 0x00, 0xf0, 0xff, 0x0f, 0xff, 0x00, 0x00, 0xf0, 0xff, 0x0f, 0xff, 0x00, 0x00, 0xf0, 0xff, 0xf0, 0xff, 0x00, 0x00, 0xff, 0xff, 0xff, 0xff, 0x00, 0x00
.byte 0xff, 0xff, 0xff, 0xff, 0x00, 0x00, 0xff, 0xff, 0xff, 0xff, 0x00, 0x00
.global gUnknown_831492C
gUnknown_831492C:
.byte 0xff, 0xff, 0xff, 0xff, 0xff, 0x00, 0xf0, 0xff, 0xf0, 0xf0, 0xf0, 0x00, 0xf0, 0xff, 0xf0, 0xf0, 0xf0, 0x00, 0xf0, 0x00
.byte 0x00, 0xff, 0xff, 0x00, 0xf0, 0xff, 0xf0, 0xff, 0xff, 0x00, 0xf0, 0xff, 0xf0, 0xff, 0xff, 0x00, 0xf0, 0xff, 0xf0, 0xff, 0xff, 0x00, 0xf0, 0xff, 0xf0, 0xff, 0xff, 0x00, 0xf0, 0x0f, 0xff, 0xff
.byte 0xff, 0x00, 0xff, 0xff, 0xff, 0xff, 0xff, 0x00, 0xff, 0xff, 0xff, 0xff, 0xff, 0x00, 0xff, 0xff, 0xff, 0xff, 0xff, 0x00
.global gUnknown_8314974
gUnknown_8314974:
.byte 0xff, 0xff, 0xff, 0x0f, 0x00, 0x00, 0xff, 0xff, 0xff, 0x0f, 0x00, 0x00
.byte 0x0f, 0x00, 0x00, 0x0f, 0x00, 0x00, 0xff, 0xff, 0x0f, 0x0f, 0x00, 0x00, 0xff, 0xff, 0xff, 0x0f, 0x00, 0x00, 0xff, 0xff, 0xff, 0x0f, 0x00, 0x00, 0xff, 0xff, 0xff, 0x0f, 0x00, 0x00, 0xf0, 0xff
.byte 0xff, 0x0f, 0x00, 0x00, 0x0f, 0x00, 0x00, 0x0f, 0x00, 0x00, 0xff, 0xff, 0xff, 0x0f, 0x00, 0x00, 0xff, 0xff, 0xff, 0x0f, 0x00, 0x00, 0xff, 0xff, 0xff, 0x0f, 0x00, 0x00
.global gUnknown_83149BC
gUnknown_83149BC:
.byte 0xff, 0xff, 0xff, 0xff
.byte 0x0f, 0x00, 0xff, 0xff, 0x0f, 0x0f, 0x0f, 0x00, 0x0f, 0x00, 0x0f, 0x0f, 0x0f, 0x00, 0xff, 0xff, 0xff, 0xff, 0x0f, 0x00, 0xff, 0xff, 0xff, 0xff, 0x0f, 0x00, 0xff, 0xff, 0xff, 0xff, 0x0f, 0x00
.byte 0xff, 0xff, 0xff, 0xff, 0x0f, 0x00, 0xf0, 0xff, 0xff, 0xff, 0x0f, 0x00, 0x0f, 0x00, 0x00, 0xff, 0x0f, 0x00, 0xff, 0xff, 0xff, 0xff, 0x0f, 0x00, 0xff, 0xff, 0xff, 0xff, 0x0f, 0x00, 0xff, 0xff
.byte 0xff, 0xff, 0x0f, 0x00
.global gUnknown_8314A04
gUnknown_8314A04:
.byte 0xff, 0xff, 0xff, 0x0f, 0x00, 0x00, 0xff, 0xf0, 0xff, 0x0f, 0x00, 0x00, 0x00, 0x00, 0x00, 0x0f, 0x00, 0x00, 0xff, 0x0f, 0xff, 0x0f, 0x00, 0x00, 0xff, 0xff, 0xf0, 0x0f
.byte 0x00, 0x00, 0x0f, 0x00, 0x00, 0x0f, 0x00, 0x00, 0xf0, 0xff, 0xff, 0x0f, 0x00, 0x00, 0xf0, 0xff, 0xff, 0x0f, 0x00, 0x00, 0x0f, 0x00, 0xf0, 0x0f, 0x00, 0x00, 0xff, 0xff, 0xff, 0x0f, 0x00, 0x00
.byte 0xff, 0xff, 0xff, 0x0f, 0x00, 0x00, 0xff, 0xff, 0xff, 0x0f, 0x00, 0x00
.global gUnknown_8314A4C
gUnknown_8314A4C:
.byte 0xff, 0xff, 0xff, 0xff, 0x0f, 0x00, 0xff, 0xf0, 0x0f, 0x0f, 0x0f, 0x00, 0x00, 0x00, 0x00, 0x0f, 0x0f, 0x00, 0xff, 0x0f
.byte 0xff, 0xff, 0x0f, 0x00, 0xff, 0xff, 0xf0, 0xff, 0x0f, 0x00, 0x0f, 0x00, 0x00, 0xff, 0x0f, 0x00, 0xf0, 0xff, 0xff, 0xff, 0x0f, 0x00, 0xf0, 0xff, 0xff, 0xff, 0x0f, 0x00, 0x0f, 0x00, 0xf0, 0xff
.byte 0x0f, 0x00, 0xff, 0xff, 0xff, 0xff, 0x0f, 0x00, 0xff, 0xff, 0xff, 0xff, 0x0f, 0x00, 0xff, 0xff, 0xff, 0xff, 0x0f, 0x00
.global gUnknown_8314A94
gUnknown_8314A94:
.byte 0xff, 0xff, 0xff, 0x0f, 0x00, 0x00, 0xf0, 0xff, 0xff, 0x0f, 0x00, 0x00
.byte 0xf0, 0xff, 0xff, 0x0f, 0x00, 0x00, 0xf0, 0xff, 0xff, 0x0f, 0x00, 0x00, 0xf0, 0xff, 0xff, 0x0f, 0x00, 0x00, 0xf0, 0xff, 0x0f, 0x0f, 0x00, 0x00, 0xf0, 0xff, 0x0f, 0x0f, 0x00, 0x00, 0xf0, 0xff
.byte 0xf0, 0x0f, 0x00, 0x00, 0x0f, 0x00, 0xff, 0x0f, 0x00, 0x00, 0xff, 0xff, 0xff, 0x0f, 0x00, 0x00, 0xff, 0xff, 0xff, 0x0f, 0x00, 0x00, 0xff, 0xff, 0xff, 0x0f, 0x00, 0x00
.global gUnknown_8314ADC
gUnknown_8314ADC:
.byte 0xff, 0xff, 0xff, 0x0f
.byte 0x00, 0x00, 0xf0, 0x0f, 0x0f, 0x0f, 0x00, 0x00, 0xf0, 0x0f, 0x0f, 0x0f, 0x00, 0x00, 0xf0, 0xff, 0xff, 0x0f, 0x00, 0x00, 0xf0, 0xff, 0xff, 0x0f, 0x00, 0x00, 0xf0, 0xff, 0x0f, 0x0f, 0x00, 0x00
.byte 0xf0, 0xff, 0x0f, 0x0f, 0x00, 0x00, 0xf0, 0xff, 0xf0, 0x0f, 0x00, 0x00, 0x0f, 0x00, 0xff, 0x0f, 0x00, 0x00, 0xff, 0xff, 0xff, 0x0f, 0x00, 0x00, 0xff, 0xff, 0xff, 0x0f, 0x00, 0x00, 0xff, 0xff
.byte 0xff, 0x0f, 0x00, 0x00
.global gUnknown_8314B24
gUnknown_8314B24:
.byte 0xff, 0xff, 0xff, 0xff, 0x00, 0x00, 0xff, 0xff, 0xf0, 0xff, 0x00, 0x00, 0x00, 0x00, 0x00, 0xf0, 0x00, 0x00, 0xff, 0xff, 0xf0, 0xff, 0x00, 0x00, 0x0f, 0x00, 0xf0, 0xff
.byte 0x00, 0x00, 0x0f, 0xff, 0xf0, 0xff, 0x00, 0x00, 0x0f, 0x00, 0xf0, 0xff, 0x00, 0x00, 0xff, 0xff, 0xf0, 0xff, 0x00, 0x00, 0xff, 0x0f, 0xff, 0xff, 0x00, 0x00, 0xff, 0xff, 0xff, 0xff, 0x00, 0x00
.byte 0xff, 0xff, 0xff, 0xff, 0x00, 0x00, 0xff, 0xff, 0xff, 0xff, 0x00, 0x00
.global gUnknown_8314B6C
gUnknown_8314B6C:
.byte 0xff, 0xff, 0xff, 0xff, 0xff, 0x00, 0xff, 0xff, 0xf0, 0xf0, 0xf0, 0x00, 0x00, 0x00, 0xf0, 0xf0, 0xf0, 0x00, 0xff, 0xff
.byte 0xf0, 0xff, 0xff, 0x00, 0x0f, 0x00, 0xf0, 0xff, 0xff, 0x00, 0x0f, 0xff, 0xf0, 0xff, 0xff, 0x00, 0x0f, 0x00, 0xf0, 0xff, 0xff, 0x00, 0xff, 0xff, 0xf0, 0xff, 0xff, 0x00, 0xff, 0x0f, 0xff, 0xff
.byte 0xff, 0x00, 0xff, 0xff, 0xff, 0xff, 0xff, 0x00, 0xff, 0xff, 0xff, 0xff, 0xff, 0x00, 0xff, 0xff, 0xff, 0xff, 0xff, 0x00
.global gUnknown_8314BB4
gUnknown_8314BB4:
.byte 0xff, 0xff, 0xff, 0xff, 0x00, 0x00, 0x0f, 0xff, 0x0f, 0xff, 0x00, 0x00
.byte 0x0f, 0xff, 0x0f, 0xff, 0x00, 0x00, 0x00, 0x00, 0x00, 0xf0, 0x00, 0x00, 0x0f, 0xff, 0x0f, 0xff, 0x00, 0x00, 0x0f, 0xff, 0x00, 0xff, 0x00, 0x00, 0x0f, 0xff, 0xff, 0xff, 0x00, 0x00, 0x0f, 0xff
.byte 0xff, 0xff, 0x00, 0x00, 0xff, 0x00, 0x00, 0xff, 0x00, 0x00, 0xff, 0xff, 0xff, 0xff, 0x00, 0x00, 0xff, 0xff, 0xff, 0xff, 0x00, 0x00, 0xff, 0xff, 0xff, 0xff, 0x00, 0x00
.global gUnknown_8314BFC
gUnknown_8314BFC:
.byte 0xff, 0xff, 0xff, 0xff
.byte 0xff, 0x00, 0x0f, 0xff, 0xf0, 0xf0, 0xf0, 0x00, 0x0f, 0xff, 0xf0, 0xf0, 0xf0, 0x00, 0x00, 0x00, 0x00, 0xff, 0xff, 0x00, 0x0f, 0xff, 0xf0, 0xff, 0xff, 0x00, 0x0f, 0x0f, 0xf0, 0xff, 0xff, 0x00
.byte 0x0f, 0xff, 0xff, 0xff, 0xff, 0x00, 0x0f, 0xff, 0xff, 0xff, 0xff, 0x00, 0xff, 0x00, 0x00, 0xff, 0xff, 0x00, 0xff, 0xff, 0xff, 0xff, 0xff, 0x00, 0xff, 0xff, 0xff, 0xff, 0xff, 0x00, 0xff, 0xff
.byte 0xff, 0xff, 0xff, 0x00
.global gUnknown_8314C44
gUnknown_8314C44:
.byte 0xff, 0xff, 0xff, 0xff, 0x00, 0x00, 0x0f, 0x00, 0x00, 0xff, 0x00, 0x00, 0xff, 0xff, 0xf0, 0xff, 0x00, 0x00, 0xff, 0x0f, 0xff, 0xff, 0x00, 0x00, 0x00, 0x00, 0x00, 0xf0
.byte 0x00, 0x00, 0xff, 0xf0, 0xff, 0xff, 0x00, 0x00, 0xff, 0xf0, 0xff, 0xff, 0x00, 0x00, 0xff, 0xf0, 0xff, 0xff, 0x00, 0x00, 0xff, 0x0f, 0x00, 0xff, 0x00, 0x00, 0xff, 0xff, 0xff, 0xff, 0x00, 0x00
.byte 0xff, 0xff, 0xff, 0xff, 0x00, 0x00, 0xff, 0xff, 0xff, 0xff, 0x00, 0x00
.global gUnknown_8314C8C
gUnknown_8314C8C:
.byte 0xff, 0xff, 0xff, 0xff, 0xff, 0x00, 0x0f, 0x00, 0xf0, 0xf0, 0xf0, 0x00, 0xff, 0xff, 0xf0, 0xf0, 0xf0, 0x00, 0xff, 0x0f
.byte 0xff, 0xff, 0xff, 0x00, 0x00, 0x00, 0x00, 0xf0, 0xff, 0x00, 0xff, 0xf0, 0xff, 0xff, 0xff, 0x00, 0xff, 0xf0, 0xff, 0xff, 0xff, 0x00, 0xff, 0xf0, 0xff, 0xff, 0xff, 0x00, 0xff, 0x0f, 0x00, 0xff
.byte 0xff, 0x00, 0xff, 0xff, 0xff, 0xff, 0xff, 0x00, 0xff, 0xff, 0xff, 0xff, 0xff, 0x00, 0xff, 0xff, 0xff, 0xff, 0xff, 0x00
.global gUnknown_8314CD4
gUnknown_8314CD4:
.byte 0xff, 0xff, 0xff, 0xff, 0x00, 0x00, 0xff, 0xf0, 0xff, 0xff, 0x00, 0x00
.byte 0x00, 0x00, 0xf0, 0xff, 0x00, 0x00, 0xff, 0xf0, 0xff, 0xff, 0x00, 0x00, 0x0f, 0xff, 0x00, 0xf0, 0x00, 0x00, 0x0f, 0xff, 0xff, 0xff, 0x00, 0x00, 0x0f, 0xff, 0xff, 0xff, 0x00, 0x00, 0xf0, 0x0f
.byte 0xff, 0xff, 0x00, 0x00, 0xf0, 0xff, 0x00, 0xf0, 0x00, 0x00, 0xff, 0xff, 0xff, 0xff, 0x00, 0x00, 0xff, 0xff, 0xff, 0xff, 0x00, 0x00, 0xff, 0xff, 0xff, 0xff, 0x00, 0x00
.global gUnknown_8314D1C
gUnknown_8314D1C:
.byte 0xff, 0xff, 0xff, 0xff
.byte 0x0f, 0x00, 0xff, 0xf0, 0x0f, 0x0f, 0x0f, 0x00, 0x00, 0x00, 0x0f, 0x0f, 0x0f, 0x00, 0xff, 0xf0, 0xff, 0xff, 0x0f, 0x00, 0x0f, 0xff, 0x00, 0xf0, 0x0f, 0x00, 0x0f, 0xff, 0xff, 0xff, 0x0f, 0x00
.byte 0x0f, 0xff, 0xff, 0xff, 0x0f, 0x00, 0xf0, 0x0f, 0xff, 0xff, 0x0f, 0x00, 0xf0, 0xff, 0x00, 0xf0, 0x0f, 0x00, 0xff, 0xff, 0xff, 0xff, 0x0f, 0x00, 0xff, 0xff, 0xff, 0xff, 0x0f, 0x00, 0xff, 0xff
.byte 0xff, 0xff, 0x0f, 0x00
.global gUnknown_8314D64
gUnknown_8314D64:
.byte 0xff, 0xff, 0xff, 0xff, 0x00, 0x00, 0xff, 0xf0, 0xff, 0xff, 0x00, 0x00, 0x00, 0x00, 0x00, 0xff, 0x00, 0x00, 0x0f, 0xff, 0xff, 0xff, 0x00, 0x00, 0x0f, 0x00, 0x00, 0xff
.byte 0x00, 0x00, 0x0f, 0xff, 0xff, 0xf0, 0x00, 0x00, 0xff, 0xff, 0xff, 0xf0, 0x00, 0x00, 0xff, 0xff, 0x0f, 0xff, 0x00, 0x00, 0xff, 0x0f, 0xf0, 0xff, 0x00, 0x00, 0xff, 0xff, 0xff, 0xff, 0x00, 0x00
.byte 0xff, 0xff, 0xff, 0xff, 0x00, 0x00, 0xff, 0xff, 0xff, 0xff, 0x00, 0x00
.global gUnknown_8314DAC
gUnknown_8314DAC:
.byte 0xff, 0xff, 0xff, 0xff, 0x0f, 0x00, 0xff, 0xf0, 0x0f, 0x0f, 0x0f, 0x00, 0x00, 0x00, 0x0f, 0x0f, 0x0f, 0x00, 0x0f, 0xff
.byte 0xff, 0xff, 0x0f, 0x00, 0x0f, 0x00, 0x00, 0xff, 0x0f, 0x00, 0x0f, 0xff, 0xff, 0xf0, 0x0f, 0x00, 0xff, 0xff, 0xff, 0xf0, 0x0f, 0x00, 0xff, 0xff, 0x0f, 0xff, 0x0f, 0x00, 0xff, 0x0f, 0xf0, 0xff
.byte 0x0f, 0x00, 0xff, 0xff, 0xff, 0xff, 0x0f, 0x00, 0xff, 0xff, 0xff, 0xff, 0x0f, 0x00, 0xff, 0xff, 0xff, 0xff, 0x0f, 0x00
.global gUnknown_8314DF4
gUnknown_8314DF4:
.byte 0xff, 0xff, 0xff, 0xff, 0x00, 0x00, 0xff, 0xff, 0xff, 0xff, 0x00, 0x00
.byte 0xff, 0xff, 0xff, 0xff, 0x00, 0x00, 0x00, 0x00, 0x00, 0xff, 0x00, 0x00, 0xff, 0xff, 0xff, 0xf0, 0x00, 0x00, 0xff, 0xff, 0xff, 0xf0, 0x00, 0x00, 0xff, 0xff, 0xff, 0xf0, 0x00, 0x00, 0xff, 0xff
.byte 0x0f, 0xff, 0x00, 0x00, 0xff, 0x00, 0xf0, 0xff, 0x00, 0x00, 0xff, 0xff, 0xff, 0xff, 0x00, 0x00, 0xff, 0xff, 0xff, 0xff, 0x00, 0x00, 0xff, 0xff, 0xff, 0xff, 0x00, 0x00
.global gUnknown_8314E3C
gUnknown_8314E3C:
.byte 0xff, 0xff, 0xff, 0xff
.byte 0x00, 0x00, 0xff, 0xff, 0xf0, 0xf0, 0x00, 0x00, 0xff, 0xff, 0xf0, 0xf0, 0x00, 0x00, 0x00, 0x00, 0x00, 0xff, 0x00, 0x00, 0xff, 0xff, 0xff, 0xf0, 0x00, 0x00, 0xff, 0xff, 0xff, 0xf0, 0x00, 0x00
.byte 0xff, 0xff, 0xff, 0xf0, 0x00, 0x00, 0xff, 0xff, 0x0f, 0xff, 0x00, 0x00, 0xff, 0x00, 0xf0, 0xff, 0x00, 0x00, 0xff, 0xff, 0xff, 0xff, 0x00, 0x00, 0xff, 0xff, 0xff, 0xff, 0x00, 0x00, 0xff, 0xff
.byte 0xff, 0xff, 0x00, 0x00
.global gUnknown_8314E84
gUnknown_8314E84:
.byte 0xff, 0xff, 0xff, 0xff, 0x00, 0x00, 0xff, 0xff, 0xff, 0xff, 0x00, 0x00, 0x00, 0x00, 0x00, 0xf0, 0x00, 0x00, 0xff, 0xff, 0xf0, 0xff, 0x00, 0x00, 0xff, 0x0f, 0xff, 0xff
.byte 0x00, 0x00, 0xff, 0xf0, 0xff, 0xff, 0x00, 0x00, 0xff, 0xf0, 0xff, 0xff, 0x00, 0x00, 0xff, 0xf0, 0xff, 0xff, 0x00, 0x00, 0xff, 0x0f, 0x00, 0xff, 0x00, 0x00, 0xff, 0xff, 0xff, 0xff, 0x00, 0x00
.byte 0xff, 0xff, 0xff, 0xff, 0x00, 0x00, 0xff, 0xff, 0xff, 0xff, 0x00, 0x00
.global gUnknown_8314ECC
gUnknown_8314ECC:
.byte 0xff, 0xff, 0xff, 0xff, 0x0f, 0x00, 0xff, 0xff, 0x0f, 0x0f, 0x0f, 0x00, 0x00, 0x00, 0x00, 0x0f, 0x0f, 0x00, 0xff, 0xff
.byte 0xf0, 0xff, 0x0f, 0x00, 0xff, 0x0f, 0xff, 0xff, 0x0f, 0x00, 0xff, 0xf0, 0xff, 0xff, 0x0f, 0x00, 0xff, 0xf0, 0xff, 0xff, 0x0f, 0x00, 0xff, 0xf0, 0xff, 0xff, 0x0f, 0x00, 0xff, 0x0f, 0x00, 0xff
.byte 0x0f, 0x00, 0xff, 0xff, 0xff, 0xff, 0x0f, 0x00, 0xff, 0xff, 0xff, 0xff, 0x0f, 0x00, 0xff, 0xff, 0xff, 0xff, 0x0f, 0x00
.global gUnknown_8314F14
gUnknown_8314F14:
.byte 0xff, 0xff, 0xff, 0x0f, 0x00, 0x00, 0x0f, 0xff, 0xff, 0x0f, 0x00, 0x00
.byte 0x0f, 0xff, 0xff, 0x0f, 0x00, 0x00, 0xff, 0xf0, 0x00, 0x0f, 0x00, 0x00, 0xff, 0x00, 0xff, 0x0f, 0x00, 0x00, 0x0f, 0xff, 0xff, 0x0f, 0x00, 0x00, 0xf0, 0xff, 0xff, 0x0f, 0x00, 0x00, 0xf0, 0xff
.byte 0xff, 0x0f, 0x00, 0x00, 0x0f, 0x00, 0x00, 0x0f, 0x00, 0x00, 0xff, 0xff, 0xff, 0x0f, 0x00, 0x00, 0xff, 0xff, 0xff, 0x0f, 0x00, 0x00, 0xff, 0xff, 0xff, 0x0f, 0x00, 0x00
.global gUnknown_8314F5C
gUnknown_8314F5C:
.byte 0xff, 0xff, 0xff, 0xff
.byte 0x0f, 0x00, 0x0f, 0xff, 0x0f, 0x0f, 0x0f, 0x00, 0x0f, 0xff, 0x0f, 0x0f, 0x0f, 0x00, 0xff, 0xf0, 0xf0, 0xff, 0x0f, 0x00, 0xff, 0x00, 0xff, 0xff, 0x0f, 0x00, 0x0f, 0xff, 0xff, 0xff, 0x0f, 0x00
.byte 0xf0, 0xff, 0xff, 0xff, 0x0f, 0x00, 0xf0, 0xff, 0xff, 0xff, 0x0f, 0x00, 0x0f, 0x00, 0x00, 0xff, 0x0f, 0x00, 0xff, 0xff, 0xff, 0xff, 0x0f, 0x00, 0xff, 0xff, 0xff, 0xff, 0x0f, 0x00, 0xff, 0xff
.byte 0xff, 0xff, 0x0f, 0x00
.global gUnknown_8314FA4
gUnknown_8314FA4:
.byte 0xff, 0xff, 0xff, 0xff, 0x00, 0x00, 0x0f, 0xff, 0xff, 0xff, 0x00, 0x00, 0x00, 0x00, 0x0f, 0xf0, 0x00, 0x00, 0x0f, 0xff, 0xff, 0xff, 0x00, 0x00, 0xf0, 0xff, 0xf0, 0xff
.byte 0x00, 0x00, 0xff, 0x00, 0xf0, 0xff, 0x00, 0x00, 0x0f, 0xff, 0x00, 0xff, 0x00, 0x00, 0x0f, 0xff, 0xf0, 0xf0, 0x00, 0x00, 0xff, 0x00, 0xff, 0xff, 0x00, 0x00, 0xff, 0xff, 0xff, 0xff, 0x00, 0x00
.byte 0xff, 0xff, 0xff, 0xff, 0x00, 0x00, 0xff, 0xff, 0xff, 0xff, 0x00, 0x00
.global gUnknown_8314FEC
gUnknown_8314FEC:
.byte 0xff, 0xff, 0xff, 0xff, 0x00, 0x00, 0xff, 0xff, 0xff, 0xff, 0x00, 0x00, 0xf0, 0xff, 0x00, 0xf0, 0x00, 0x00, 0xf0, 0xff
.byte 0xff, 0xff, 0x00, 0x00, 0xf0, 0xff, 0xff, 0xff, 0x00, 0x00, 0xf0, 0xff, 0xff, 0xff, 0x00, 0x00, 0xf0, 0xff, 0xff, 0xff, 0x00, 0x00, 0xf0, 0x0f, 0xff, 0xff, 0x00, 0x00, 0x0f, 0xff, 0x00, 0xf0
.byte 0x00, 0x00, 0xff, 0xff, 0xff, 0xff, 0x00, 0x00, 0xff, 0xff, 0xff, 0xff, 0x00, 0x00, 0xff, 0xff, 0xff, 0xff, 0x00, 0x00
.global gUnknown_8315034
gUnknown_8315034:
.byte 0xff, 0xff, 0xff, 0xff, 0xff, 0x00, 0x0f, 0xff, 0xf0, 0xff, 0xff, 0x00
.byte 0xff, 0x00, 0x00, 0xf0, 0xff, 0x00, 0x0f, 0xff, 0xf0, 0x0f, 0xff, 0x00, 0xf0, 0xf0, 0xf0, 0x0f, 0xff, 0x00, 0xf0, 0xf0, 0xf0, 0x0f, 0xff, 0x00, 0xf0, 0x0f, 0xff, 0x00, 0xff, 0x00, 0xf0, 0x0f
.byte 0x0f, 0x0f, 0xf0, 0x00, 0x0f, 0x00, 0xff, 0xf0, 0xff, 0x00, 0xff, 0xff, 0xff, 0xff, 0xff, 0x00, 0xff, 0xff, 0xff, 0xff, 0xff, 0x00, 0xff, 0xff, 0xff, 0xff, 0xff, 0x00
.global gUnknown_831507C
gUnknown_831507C:
.byte 0xff, 0xff, 0xff, 0xff
.byte 0xff, 0x00, 0xff, 0xf0, 0xff, 0xff, 0xff, 0x00, 0x00, 0x00, 0xff, 0xff, 0xff, 0x00, 0xff, 0xf0, 0x00, 0xf0, 0xff, 0x00, 0xff, 0x00, 0xff, 0x0f, 0xff, 0x00, 0xff, 0xf0, 0xff, 0x0f, 0xff, 0x00
.byte 0x0f, 0xf0, 0x0f, 0x00, 0xff, 0x00, 0xf0, 0xf0, 0xf0, 0x0f, 0xff, 0x00, 0xff, 0xf0, 0x0f, 0xf0, 0xf0, 0x00, 0xff, 0xff, 0xff, 0xff, 0xff, 0x00, 0xff, 0xff, 0xff, 0xff, 0xff, 0x00, 0xff, 0xff
.byte 0xff, 0xff, 0xff, 0x00
.global gUnknown_83150C4
gUnknown_83150C4:
.byte 0xff, 0xff, 0xff, 0xff, 0x0f, 0x00, 0xff, 0xff, 0xff, 0xff, 0x0f, 0x00, 0xff, 0x00, 0x00, 0xff, 0x0f, 0x00, 0x0f, 0xff, 0xf0, 0xf0, 0x0f, 0x00, 0xf0, 0xff, 0xf0, 0x0f
.byte 0x0f, 0x00, 0xf0, 0xff, 0xf0, 0x0f, 0x0f, 0x00, 0xf0, 0x0f, 0xff, 0x0f, 0x0f, 0x00, 0x0f, 0xf0, 0xff, 0xf0, 0x0f, 0x00, 0xff, 0xff, 0x00, 0xff, 0x0f, 0x00, 0xff, 0xff, 0xff, 0xff, 0x0f, 0x00
.byte 0xff, 0xff, 0xff, 0xff, 0x0f, 0x00, 0xff, 0xff, 0xff, 0xff, 0x0f, 0x00
.global gUnknown_831510C
gUnknown_831510C:
.byte 0xff, 0xff, 0xff, 0xff, 0x0f, 0x00, 0xf0, 0xff, 0x0f, 0xff, 0x0f, 0x00, 0xf0, 0x00, 0x00, 0x00, 0x0f, 0x00, 0xf0, 0xff
.byte 0x0f, 0xff, 0x0f, 0x00, 0xf0, 0xff, 0x0f, 0xff, 0x0f, 0x00, 0xf0, 0xff, 0x00, 0xf0, 0x0f, 0x00, 0xf0, 0x0f, 0x0f, 0x0f, 0x0f, 0x00, 0xf0, 0x0f, 0x0f, 0xff, 0x0f, 0x00, 0xff, 0xff, 0xf0, 0xff
.byte 0x0f, 0x00, 0xff, 0xff, 0xff, 0xff, 0x0f, 0x00, 0xff, 0xff, 0xff, 0xff, 0x0f, 0x00, 0xff, 0xff, 0xff, 0xff, 0x0f, 0x00
.global gUnknown_8315154
gUnknown_8315154:
.byte 0xff, 0xff, 0xff, 0xff, 0xff, 0x00, 0xf0, 0xff, 0xf0, 0xf0, 0xf0, 0x00
.byte 0xf0, 0x00, 0x00, 0xf0, 0xf0, 0x00, 0xf0, 0xff, 0xf0, 0xff, 0xff, 0x00, 0xf0, 0xff, 0xf0, 0xff, 0xff, 0x00, 0xf0, 0x0f, 0x00, 0xff, 0xff, 0x00, 0xf0, 0xf0, 0xf0, 0xf0, 0xff, 0x00, 0xf0, 0xf0
.byte 0xf0, 0xff, 0xff, 0x00, 0xff, 0x0f, 0xff, 0xff, 0xff, 0x00, 0xff, 0xff, 0xff, 0xff, 0xff, 0x00, 0xff, 0xff, 0xff, 0xff, 0xff, 0x00, 0xff, 0xff, 0xff, 0xff, 0xff, 0x00
.global gUnknown_831519C
gUnknown_831519C:
.byte 0xff, 0xff, 0xff, 0xff
.byte 0xff, 0x00, 0xf0, 0xff, 0xf0, 0x0f, 0xff, 0x00, 0xf0, 0x00, 0x00, 0xf0, 0xf0, 0x00, 0xf0, 0xff, 0xf0, 0x0f, 0xff, 0x00, 0xf0, 0xff, 0xf0, 0xff, 0xff, 0x00, 0xf0, 0x0f, 0x00, 0xff, 0xff, 0x00
.byte 0xf0, 0xf0, 0xf0, 0xf0, 0xff, 0x00, 0xf0, 0xf0, 0xf0, 0xff, 0xff, 0x00, 0xff, 0x0f, 0xff, 0xff, 0xff, 0x00, 0xff, 0xff, 0xff, 0xff, 0xff, 0x00, 0xff, 0xff, 0xff, 0xff, 0xff, 0x00, 0xff, 0xff
.byte 0xff, 0xff, 0xff, 0x00
.global gUnknown_83151E4
gUnknown_83151E4:
.byte 0xff, 0xff, 0xff, 0xff, 0x0f, 0x00, 0x00, 0x00, 0xff, 0xff, 0x0f, 0x00, 0xff, 0x0f, 0xff, 0xff, 0x0f, 0x00, 0xff, 0xf0, 0xff, 0x00, 0x0f, 0x00, 0xff, 0xf0, 0xff, 0xf0
.byte 0x0f, 0x00, 0x0f, 0xff, 0xff, 0xf0, 0x0f, 0x00, 0x0f, 0xff, 0xff, 0xf0, 0x0f, 0x00, 0x0f, 0xff, 0x0f, 0xff, 0x0f, 0x00, 0xff, 0x00, 0xf0, 0xff, 0x0f, 0x00, 0xff, 0xff, 0xff, 0xff, 0x0f, 0x00
.byte 0xff, 0xff, 0xff, 0xff, 0x0f, 0x00, 0xff, 0xff, 0xff, 0xff, 0x0f, 0x00
.global gUnknown_831522C
gUnknown_831522C:
.byte 0xff, 0xff, 0xff, 0xff, 0x0f, 0x00, 0x00, 0x00, 0x0f, 0x0f, 0x0f, 0x00, 0xff, 0x0f, 0x0f, 0x0f, 0x0f, 0x00, 0xff, 0xf0
.byte 0xff, 0xff, 0x0f, 0x00, 0xff, 0xf0, 0xff, 0x00, 0x0f, 0x00, 0x0f, 0xff, 0xff, 0xf0, 0x0f, 0x00, 0x0f, 0xff, 0xff, 0xf0, 0x0f, 0x00, 0x0f, 0xff, 0x0f, 0xff, 0x0f, 0x00, 0xff, 0x00, 0xf0, 0xff
.byte 0x0f, 0x00, 0xff, 0xff, 0xff, 0xff, 0x0f, 0x00, 0xff, 0xff, 0xff, 0xff, 0x0f, 0x00, 0xff, 0xff, 0xff, 0xff, 0x0f, 0x00
.global gUnknown_8315274
gUnknown_8315274:
.byte 0xff, 0xff, 0xff, 0xff, 0xff, 0x00, 0x00, 0x00, 0xff, 0x0f, 0xff, 0x00
.byte 0xff, 0x0f, 0xff, 0xf0, 0xf0, 0x00, 0xff, 0xf0, 0xff, 0x0f, 0xff, 0x00, 0xff, 0xf0, 0xff, 0xff, 0xff, 0x00, 0x0f, 0xff, 0xff, 0x00, 0xff, 0x00, 0x0f, 0xff, 0xff, 0xf0, 0xff, 0x00, 0x0f, 0xff
.byte 0x0f, 0xff, 0xff, 0x00, 0xff, 0x00, 0xf0, 0xff, 0xff, 0x00, 0xff, 0xff, 0xff, 0xff, 0xff, 0x00, 0xff, 0xff, 0xff, 0xff, 0xff, 0x00, 0xff, 0xff, 0xff, 0xff, 0xff, 0x00
.global gUnknown_83152BC
gUnknown_83152BC:
.byte 0xff, 0xff, 0xff, 0xff
.byte 0x0f, 0x00, 0xff, 0x00, 0xff, 0xff, 0x0f, 0x00, 0xff, 0xff, 0xf0, 0xff, 0x0f, 0x00, 0xff, 0xff, 0xff, 0xff, 0x0f, 0x00, 0xff, 0x0f, 0xff, 0xff, 0x0f, 0x00, 0x0f, 0xff, 0xf0, 0xf0, 0x0f, 0x00
.byte 0xf0, 0xff, 0xf0, 0x0f, 0x0f, 0x00, 0xf0, 0xff, 0xf0, 0x0f, 0x0f, 0x00, 0xff, 0x00, 0xff, 0xff, 0x0f, 0x00, 0xff, 0xff, 0xff, 0xff, 0x0f, 0x00, 0xff, 0xff, 0xff, 0xff, 0x0f, 0x00, 0xff, 0xff
.byte 0xff, 0xff, 0x0f, 0x00
.global gUnknown_8315304
gUnknown_8315304:
.byte 0xff, 0xff, 0xff, 0xff, 0x0f, 0x00, 0xff, 0xf0, 0x0f, 0x0f, 0x0f, 0x00, 0xff, 0x0f, 0x0f, 0x0f, 0x0f, 0x00, 0xff, 0xff, 0xff, 0xff, 0x0f, 0x00, 0xff, 0x0f, 0xff, 0xff
.byte 0x0f, 0x00, 0x0f, 0xff, 0xf0, 0xf0, 0x0f, 0x00, 0xf0, 0xff, 0xf0, 0x0f, 0x0f, 0x00, 0xf0, 0xff, 0xf0, 0x0f, 0x0f, 0x00, 0xff, 0x00, 0xff, 0xff, 0x0f, 0x00, 0xff, 0xff, 0xff, 0xff, 0x0f, 0x00
.byte 0xff, 0xff, 0xff, 0xff, 0x0f, 0x00, 0xff, 0xff, 0xff, 0xff, 0x0f, 0x00
.global gUnknown_831534C
gUnknown_831534C:
.byte 0xff, 0xff, 0xff, 0xff, 0x0f, 0x00, 0xff, 0xf0, 0xff, 0xf0, 0x0f, 0x00, 0xff, 0x0f, 0x0f, 0x0f, 0x0f, 0x00, 0xff, 0xff
.byte 0xff, 0xf0, 0x0f, 0x00, 0xff, 0x0f, 0xff, 0xff, 0x0f, 0x00, 0x0f, 0xff, 0xf0, 0xf0, 0x0f, 0x00, 0xf0, 0xff, 0xf0, 0x0f, 0x0f, 0x00, 0xf0, 0xff, 0xf0, 0x0f, 0x0f, 0x00, 0xff, 0x00, 0xff, 0xff
.byte 0x0f, 0x00, 0xff, 0xff, 0xff, 0xff, 0x0f, 0x00, 0xff, 0xff, 0xff, 0xff, 0x0f, 0x00, 0xff, 0xff, 0xff, 0xff, 0x0f, 0x00
.global gUnknown_8315394
gUnknown_8315394:
.byte 0xff, 0xff, 0xff, 0xff, 0x0f, 0x00, 0xff, 0xff, 0xff, 0xff, 0x0f, 0x00
.byte 0xff, 0xff, 0xff, 0xff, 0x0f, 0x00, 0xff, 0xf0, 0xff, 0xff, 0x0f, 0x00, 0x0f, 0x0f, 0xff, 0xff, 0x0f, 0x00, 0xf0, 0xff, 0xf0, 0xff, 0x0f, 0x00, 0xff, 0xff, 0x0f, 0xff, 0x0f, 0x00, 0xff, 0xff
.byte 0xff, 0x00, 0x0f, 0x00, 0xff, 0xff, 0xff, 0xff, 0x0f, 0x00, 0xff, 0xff, 0xff, 0xff, 0x0f, 0x00, 0xff, 0xff, 0xff, 0xff, 0x0f, 0x00, 0xff, 0xff, 0xff, 0xff, 0x0f, 0x00
.global gUnknown_83153DC
gUnknown_83153DC:
.byte 0xff, 0xff, 0xff, 0xff
.byte 0x0f, 0x00, 0xff, 0xff, 0x0f, 0x0f, 0x0f, 0x00, 0xff, 0xff, 0x0f, 0x0f, 0x0f, 0x00, 0xff, 0xf0, 0xff, 0xff, 0x0f, 0x00, 0x0f, 0x0f, 0xff, 0xff, 0x0f, 0x00, 0xf0, 0xff, 0xf0, 0xff, 0x0f, 0x00
.byte 0xff, 0xff, 0x0f, 0xff, 0x0f, 0x00, 0xff, 0xff, 0xff, 0x00, 0x0f, 0x00, 0xff, 0xff, 0xff, 0xff, 0x0f, 0x00, 0xff, 0xff, 0xff, 0xff, 0x0f, 0x00, 0xff, 0xff, 0xff, 0xff, 0x0f, 0x00, 0xff, 0xff
.byte 0xff, 0xff, 0x0f, 0x00
.global gUnknown_8315424
gUnknown_8315424:
.byte 0xff, 0xff, 0xff, 0xff, 0x0f, 0x00, 0xff, 0xff, 0xff, 0xf0, 0x0f, 0x00, 0xff, 0xff, 0x0f, 0x0f, 0x0f, 0x00, 0xff, 0xf0, 0xff, 0xf0, 0x0f, 0x00, 0x0f, 0x0f, 0xff, 0xff
.byte 0x0f, 0x00, 0xf0, 0xff, 0xf0, 0xff, 0x0f, 0x00, 0xff, 0xff, 0x0f, 0xff, 0x0f, 0x00, 0xff, 0xff, 0xff, 0x00, 0x0f, 0x00, 0xff, 0xff, 0xff, 0xff, 0x0f, 0x00, 0xff, 0xff, 0xff, 0xff, 0x0f, 0x00
.byte 0xff, 0xff, 0xff, 0xff, 0x0f, 0x00, 0xff, 0xff, 0xff, 0xff, 0x0f, 0x00
.global gUnknown_831546C
gUnknown_831546C:
.byte 0xff, 0xff, 0xff, 0xff, 0x0f, 0x00, 0xf0, 0x0f, 0x00, 0x00, 0x0f, 0x00, 0xf0, 0xff, 0x0f, 0xff, 0x0f, 0x00, 0xf0, 0x0f
.byte 0x00, 0x00, 0x0f, 0x00, 0xf0, 0xff, 0x0f, 0xff, 0x0f, 0x00, 0xf0, 0xff, 0x00, 0xf0, 0x0f, 0x00, 0xf0, 0x0f, 0x0f, 0x0f, 0x0f, 0x00, 0xf0, 0x0f, 0x0f, 0xff, 0x0f, 0x00, 0xff, 0xff, 0xf0, 0xff
.byte 0x0f, 0x00, 0xff, 0xff, 0xff, 0xff, 0x0f, 0x00, 0xff, 0xff, 0xff, 0xff, 0x0f, 0x00, 0xff, 0xff, 0xff, 0xff, 0x0f, 0x00
.global gUnknown_83154B4
gUnknown_83154B4:
.byte 0xff, 0xff, 0xff, 0xff, 0xff, 0x00, 0xf0, 0x00, 0xf0, 0xf0, 0xf0, 0x00
.byte 0xf0, 0xff, 0xf0, 0xf0, 0xf0, 0x00, 0xf0, 0x00, 0x00, 0xff, 0xff, 0x00, 0xf0, 0xff, 0xf0, 0xff, 0xff, 0x00, 0xf0, 0x0f, 0x00, 0xff, 0xff, 0x00, 0xf0, 0xf0, 0xf0, 0xf0, 0xff, 0x00, 0xf0, 0xf0
.byte 0xf0, 0xff, 0xff, 0x00, 0xff, 0x0f, 0xff, 0xff, 0xff, 0x00, 0xff, 0xff, 0xff, 0xff, 0xff, 0x00, 0xff, 0xff, 0xff, 0xff, 0xff, 0x00, 0xff, 0xff, 0xff, 0xff, 0xff, 0x00
.global gUnknown_83154FC
gUnknown_83154FC:
.byte 0xff, 0xff, 0xff, 0xff
.byte 0xff, 0x00, 0xf0, 0x00, 0x00, 0x0f, 0xff, 0x00, 0xf0, 0xff, 0xf0, 0xf0, 0xf0, 0x00, 0xf0, 0x00, 0x00, 0x0f, 0xff, 0x00, 0xf0, 0xff, 0xf0, 0xff, 0xff, 0x00, 0xf0, 0x0f, 0x00, 0xff, 0xff, 0x00
.byte 0xf0, 0xf0, 0xf0, 0xf0, 0xff, 0x00, 0xf0, 0xf0, 0xf0, 0xff, 0xff, 0x00, 0xff, 0x0f, 0xff, 0xff, 0xff, 0x00, 0xff, 0xff, 0xff, 0xff, 0xff, 0x00, 0xff, 0xff, 0xff, 0xff, 0xff, 0x00, 0xff, 0xff
.byte 0xff, 0xff, 0xff, 0x00
.global gUnknown_8315544
gUnknown_8315544:
.byte 0xff, 0xff, 0xff, 0x0f, 0x00, 0x00, 0xff, 0x0f, 0xff, 0x0f, 0x00, 0x00, 0x0f, 0x00, 0x00, 0x0f, 0x00, 0x00, 0xff, 0x0f, 0xff, 0x0f, 0x00, 0x00, 0x0f, 0x00, 0x00, 0x0f
.byte 0x00, 0x00, 0xff, 0x0f, 0xff, 0x0f, 0x00, 0x00, 0x0f, 0x00, 0xf0, 0x0f, 0x00, 0x00, 0xf0, 0x0f, 0x0f, 0x0f, 0x00, 0x00, 0x0f, 0xf0, 0xff, 0x0f, 0x00, 0x00, 0xff, 0xff, 0xff, 0x0f, 0x00, 0x00
.byte 0xff, 0xff, 0xff, 0x0f, 0x00, 0x00, 0xff, 0xff, 0xff, 0x0f, 0x00, 0x00
.global gUnknown_831558C
gUnknown_831558C:
.byte 0xff, 0xff, 0xff, 0xff, 0x00, 0x00, 0x0f, 0x00, 0xff, 0xff, 0x00, 0x00, 0xff, 0x0f, 0x0f, 0xff, 0x00, 0x00, 0xff, 0x0f
.byte 0x0f, 0xff, 0x00, 0x00, 0xff, 0x00, 0x00, 0xff, 0x00, 0x00, 0x0f, 0x0f, 0x0f, 0xf0, 0x00, 0x00, 0xf0, 0x0f, 0x0f, 0xff, 0x00, 0x00, 0xf0, 0xf0, 0x0f, 0xff, 0x00, 0x00, 0x0f, 0xff, 0xf0, 0xff
.byte 0x00, 0x00, 0xff, 0xff, 0xff, 0xff, 0x00, 0x00, 0xff, 0xff, 0xff, 0xff, 0x00, 0x00, 0xff, 0xff, 0xff, 0xff, 0x00, 0x00
.global gUnknown_83155D4
gUnknown_83155D4:
.byte 0xff, 0xff, 0xff, 0xff, 0x00, 0x00, 0xff, 0xf0, 0xff, 0xff, 0x00, 0x00
.byte 0x00, 0x00, 0x0f, 0xff, 0x00, 0x00, 0xff, 0xf0, 0xff, 0xf0, 0x00, 0x00, 0x0f, 0xf0, 0xff, 0xff, 0x00, 0x00, 0xf0, 0xf0, 0xff, 0xff, 0x00, 0x00, 0xf0, 0xf0, 0xff, 0xf0, 0x00, 0x00, 0x0f, 0xf0
.byte 0xff, 0xf0, 0x00, 0x00, 0xff, 0x00, 0x00, 0xff, 0x00, 0x00, 0xff, 0xff, 0xff, 0xff, 0x00, 0x00, 0xff, 0xff, 0xff, 0xff, 0x00, 0x00, 0xff, 0xff, 0xff, 0xff, 0x00, 0x00
.global gUnknown_831561C
gUnknown_831561C:
.byte 0xff, 0xff, 0xff, 0xff
.byte 0x0f, 0x00, 0x0f, 0xff, 0xf0, 0xff, 0x0f, 0x00, 0xff, 0x00, 0x00, 0xf0, 0x0f, 0x00, 0x0f, 0xff, 0xf0, 0x0f, 0x0f, 0x00, 0xf0, 0xf0, 0xf0, 0x0f, 0x0f, 0x00, 0xf0, 0xf0, 0xf0, 0x0f, 0x0f, 0x00
.byte 0xf0, 0x0f, 0xff, 0x0f, 0x0f, 0x00, 0xf0, 0x0f, 0xff, 0xf0, 0x0f, 0x00, 0x0f, 0x00, 0x0f, 0xff, 0x0f, 0x00, 0xff, 0xff, 0xff, 0xff, 0x0f, 0x00, 0xff, 0xff, 0xff, 0xff, 0x0f, 0x00, 0xff, 0xff
.byte 0xff, 0xff, 0x0f, 0x00
.global gUnknown_8315664
gUnknown_8315664:
.byte 0xff, 0xff, 0xff, 0xff, 0x00, 0x00, 0xff, 0xf0, 0xff, 0xff, 0x00, 0x00, 0x00, 0x00, 0xf0, 0xff, 0x00, 0x00, 0xff, 0xf0, 0xff, 0xff, 0x00, 0x00, 0xff, 0xf0, 0xff, 0xff
.byte 0x00, 0x00, 0x00, 0x00, 0xf0, 0xff, 0x00, 0x00, 0xff, 0xf0, 0xff, 0xff, 0x00, 0x00, 0xff, 0xf0, 0xff, 0xf0, 0x00, 0x00, 0xff, 0x0f, 0x00, 0xff, 0x00, 0x00, 0xff, 0xff, 0xff, 0xff, 0x00, 0x00
.byte 0xff, 0xff, 0xff, 0xff, 0x00, 0x00, 0xff, 0xff, 0xff, 0xff, 0x00, 0x00
.global gUnknown_83156AC
gUnknown_83156AC:
.byte 0xff, 0xff, 0xff, 0xff, 0x0f, 0x00, 0xff, 0xff, 0x00, 0xf0, 0x0f, 0x00, 0xff, 0xf0, 0xff, 0xff, 0x0f, 0x00, 0x00, 0x00
.byte 0x00, 0xf0, 0x0f, 0x00, 0xff, 0xf0, 0xff, 0x0f, 0x0f, 0x00, 0xff, 0xf0, 0xff, 0x0f, 0x0f, 0x00, 0xff, 0x0f, 0x0f, 0xf0, 0x0f, 0x00, 0xff, 0x0f, 0xff, 0xff, 0x0f, 0x00, 0xff, 0x0f, 0xff, 0xff
.byte 0x0f, 0x00, 0xff, 0xff, 0xff, 0xff, 0x0f, 0x00, 0xff, 0xff, 0xff, 0xff, 0x0f, 0x00, 0xff, 0xff, 0xff, 0xff, 0x0f, 0x00
.global gUnknown_83156F4
gUnknown_83156F4:
.byte 0xff, 0xff, 0xff, 0xff, 0x00, 0x00, 0xf0, 0x0f, 0xff, 0xff, 0x00, 0x00
.byte 0xf0, 0x00, 0x00, 0xff, 0x00, 0x00, 0x00, 0x0f, 0xff, 0xf0, 0x00, 0x00, 0xf0, 0x0f, 0xff, 0xf0, 0x00, 0x00, 0xff, 0x0f, 0xff, 0xf0, 0x00, 0x00, 0x0f, 0x0f, 0x0f, 0xff, 0x00, 0x00, 0xff, 0x00
.byte 0xf0, 0xff, 0x00, 0x00, 0xff, 0x0f, 0xff, 0xff, 0x00, 0x00, 0xff, 0xff, 0xff, 0xff, 0x00, 0x00, 0xff, 0xff, 0xff, 0xff, 0x00, 0x00, 0xff, 0xff, 0xff, 0xff, 0x00, 0x00
.global gUnknown_831573C
gUnknown_831573C:
.byte 0xff, 0xff, 0xff, 0x0f
.byte 0x00, 0x00, 0xff, 0x0f, 0xff, 0x0f, 0x00, 0x00, 0xff, 0x0f, 0xff, 0x0f, 0x00, 0x00, 0xff, 0x0f, 0x00, 0x0f, 0x00, 0x00, 0xff, 0x0f, 0xff, 0x0f, 0x00, 0x00, 0x0f, 0x00, 0xff, 0x0f, 0x00, 0x00
.byte 0xf0, 0x0f, 0xf0, 0x0f, 0x00, 0x00, 0xf0, 0x0f, 0x0f, 0x0f, 0x00, 0x00, 0x0f, 0xf0, 0xff, 0x0f, 0x00, 0x00, 0xff, 0xff, 0xff, 0x0f, 0x00, 0x00, 0xff, 0xff, 0xff, 0x0f, 0x00, 0x00, 0xff, 0xff
.byte 0xff, 0x0f, 0x00, 0x00
.global gUnknown_8315784
gUnknown_8315784:
.byte 0xff, 0xff, 0xff, 0x0f, 0x00, 0x00, 0xff, 0x00, 0xff, 0x0f, 0x00, 0x00, 0xf0, 0xff, 0xf0, 0x0f, 0x00, 0x00, 0xf0, 0xff, 0xff, 0x0f, 0x00, 0x00, 0x00, 0x00, 0xf0, 0x0f
.byte 0x00, 0x00, 0xf0, 0xff, 0x0f, 0x0f, 0x00, 0x00, 0xff, 0xff, 0x0f, 0x0f, 0x00, 0x00, 0xff, 0xff, 0xf0, 0x0f, 0x00, 0x00, 0x0f, 0x00, 0xff, 0x0f, 0x00, 0x00, 0xff, 0xff, 0xff, 0x0f, 0x00, 0x00
.byte 0xff, 0xff, 0xff, 0x0f, 0x00, 0x00, 0xff, 0xff, 0xff, 0x0f, 0x00, 0x00
.global gUnknown_83157CC
gUnknown_83157CC:
.byte 0xff, 0xff, 0xff, 0x0f, 0x00, 0x00, 0xff, 0xff, 0xff, 0x0f, 0x00, 0x00, 0xf0, 0xff, 0x0f, 0x0f, 0x00, 0x00, 0xf0, 0xff
.byte 0x0f, 0x0f, 0x00, 0x00, 0xf0, 0xff, 0x0f, 0x0f, 0x00, 0x00, 0x00, 0xff, 0x0f, 0x0f, 0x00, 0x00, 0xff, 0xff, 0x0f, 0x0f, 0x00, 0x00, 0xff, 0xff, 0xf0, 0x0f, 0x00, 0x00, 0xff, 0x00, 0xff, 0x0f
.byte 0x00, 0x00, 0xff, 0xff, 0xff, 0x0f, 0x00, 0x00, 0xff, 0xff, 0xff, 0x0f, 0x00, 0x00, 0xff, 0xff, 0xff, 0x0f, 0x00, 0x00
.global gUnknown_8315814
gUnknown_8315814:
.byte 0xff, 0xff, 0xff, 0x0f, 0x00, 0x00, 0xff, 0xff, 0xff, 0x0f, 0x00, 0x00
.byte 0x00, 0x00, 0x00, 0x0f, 0x00, 0x00, 0xff, 0xff, 0xf0, 0x0f, 0x00, 0x00, 0xff, 0x00, 0xff, 0x0f, 0x00, 0x00, 0xff, 0xff, 0xf0, 0x0f, 0x00, 0x00, 0x0f, 0xf0, 0x0f, 0x0f, 0x00, 0x00, 0xf0, 0x0f
.byte 0x0f, 0x0f, 0x00, 0x00, 0x0f, 0x00, 0xf0, 0x0f, 0x00, 0x00, 0xff, 0xff, 0xff, 0x0f, 0x00, 0x00, 0xff, 0xff, 0xff, 0x0f, 0x00, 0x00, 0xff, 0xff, 0xff, 0x0f, 0x00, 0x00
.global gUnknown_831585C
gUnknown_831585C:
.byte 0xff, 0xff, 0xff, 0xff
.byte 0x0f, 0x00, 0xff, 0xf0, 0xff, 0xff, 0x0f, 0x00, 0x00, 0x00, 0xf0, 0xff, 0x0f, 0x00, 0xff, 0x00, 0x0f, 0xf0, 0x0f, 0x00, 0xff, 0xf0, 0xf0, 0xf0, 0x0f, 0x00, 0xff, 0x00, 0xff, 0xf0, 0x0f, 0x00
.byte 0x0f, 0xf0, 0xff, 0xf0, 0x0f, 0x00, 0xf0, 0xf0, 0xff, 0xf0, 0x0f, 0x00, 0xff, 0xf0, 0xff, 0x00, 0x0f, 0x00, 0xff, 0xff, 0xff, 0xff, 0x0f, 0x00, 0xff, 0xff, 0xff, 0xff, 0x0f, 0x00, 0xff, 0xff
.byte 0xff, 0xff, 0x0f, 0x00
.global gUnknown_83158A4
gUnknown_83158A4:
.byte 0xff, 0xff, 0xff, 0xff, 0x00, 0x00, 0x0f, 0x00, 0x00, 0xff, 0x00, 0x00, 0xff, 0x0f, 0xff, 0xff, 0x00, 0x00, 0xff, 0xf0, 0xff, 0xff, 0x00, 0x00, 0x0f, 0x00, 0x00, 0xff
.byte 0x00, 0x00, 0xf0, 0xff, 0xff, 0xf0, 0x00, 0x00, 0xff, 0xff, 0xff, 0xf0, 0x00, 0x00, 0xff, 0xff, 0x0f, 0xff, 0x00, 0x00, 0xff, 0x00, 0xf0, 0xff, 0x00, 0x00, 0xff, 0xff, 0xff, 0xff, 0x00, 0x00
.byte 0xff, 0xff, 0xff, 0xff, 0x00, 0x00, 0xff, 0xff, 0xff, 0xff, 0x00, 0x00
.global gUnknown_83158EC
gUnknown_83158EC:
.byte 0xff, 0xff, 0xff, 0xff, 0xff, 0x00, 0xff, 0xf0, 0xff, 0xff, 0xff, 0x00, 0x00, 0x00, 0x0f, 0xf0, 0xff, 0x00, 0xff, 0x00
.byte 0xf0, 0x0f, 0xff, 0x00, 0xff, 0x00, 0xff, 0xff, 0xf0, 0x00, 0xff, 0x00, 0xff, 0xff, 0xf0, 0x00, 0x0f, 0xf0, 0xff, 0xff, 0xf0, 0x00, 0xf0, 0xf0, 0xff, 0x0f, 0xff, 0x00, 0xff, 0xf0, 0x0f, 0xf0
.byte 0xff, 0x00, 0xff, 0xff, 0xff, 0xff, 0xff, 0x00, 0xff, 0xff, 0xff, 0xff, 0xff, 0x00, 0xff, 0xff, 0xff, 0xff, 0xff, 0x00
.global gUnknown_8315934
gUnknown_8315934:
.byte 0xff, 0xff, 0xff, 0xff, 0x00, 0x00, 0xff, 0x0f, 0xff, 0xff, 0x00, 0x00
.byte 0x00, 0x00, 0x00, 0xf0, 0x00, 0x00, 0xff, 0x0f, 0xff, 0xff, 0x00, 0x00, 0x0f, 0x00, 0x0f, 0xff, 0x00, 0x00, 0xff, 0x0f, 0xf0, 0xff, 0x00, 0x00, 0xff, 0xf0, 0xf0, 0xff, 0x00, 0x00, 0x0f, 0xff
.byte 0xff, 0xff, 0x00, 0x00, 0xff, 0x00, 0x00, 0xf0, 0x00, 0x00, 0xff, 0xff, 0xff, 0xff, 0x00, 0x00, 0xff, 0xff, 0xff, 0xff, 0x00, 0x00, 0xff, 0xff, 0xff, 0xff, 0x00, 0x00
.global gUnknown_831597C
gUnknown_831597C:
.byte 0xff, 0xff, 0xff, 0xff
.byte 0x0f, 0x00, 0xff, 0x0f, 0xff, 0xff, 0x0f, 0x00, 0xff, 0x0f, 0xff, 0xff, 0x0f, 0x00, 0xff, 0xf0, 0xff, 0xff, 0x0f, 0x00, 0xff, 0x00, 0xff, 0xff, 0x0f, 0x00, 0x0f, 0xff, 0xf0, 0xff, 0x0f, 0x00
.byte 0x0f, 0xff, 0xf0, 0x0f, 0x0f, 0x00, 0xf0, 0xff, 0xf0, 0x0f, 0x0f, 0x00, 0xf0, 0xff, 0x0f, 0xf0, 0x0f, 0x00, 0xff, 0xff, 0xff, 0xff, 0x0f, 0x00, 0xff, 0xff, 0xff, 0xff, 0x0f, 0x00, 0xff, 0xff
.byte 0xff, 0xff, 0x0f, 0x00
.global gUnknown_83159C4
gUnknown_83159C4:
.byte 0xff, 0xff, 0xff, 0xff, 0x00, 0x00, 0xff, 0xff, 0xff, 0xff, 0x00, 0x00, 0x00, 0x00, 0x00, 0xf0, 0x00, 0x00, 0xff, 0xff, 0xff, 0xf0, 0x00, 0x00, 0xff, 0x0f, 0xff, 0xf0
.byte 0x00, 0x00, 0xff, 0x0f, 0x00, 0xff, 0x00, 0x00, 0xff, 0x0f, 0xff, 0xff, 0x00, 0x00, 0xff, 0x0f, 0xff, 0xff, 0x00, 0x00, 0xff, 0xf0, 0xff, 0xff, 0x00, 0x00, 0xff, 0xff, 0xff, 0xff, 0x00, 0x00
.byte 0xff, 0xff, 0xff, 0xff, 0x00, 0x00, 0xff, 0xff, 0xff, 0xff, 0x00, 0x00
.global gUnknown_8315A0C
gUnknown_8315A0C:
.byte 0xff, 0xff, 0xff, 0xff, 0x00, 0x00, 0xff, 0xff, 0xff, 0xff, 0x00, 0x00, 0xff, 0xff, 0x0f, 0xf0, 0x00, 0x00, 0xff, 0x0f
.byte 0xf0, 0xff, 0x00, 0x00, 0x00, 0x00, 0xff, 0xff, 0x00, 0x00, 0xff, 0x0f, 0xff, 0xff, 0x00, 0x00, 0xff, 0x0f, 0xff, 0xff, 0x00, 0x00, 0xff, 0x0f, 0xff, 0xff, 0x00, 0x00, 0xff, 0x0f, 0xff, 0xff
.byte 0x00, 0x00, 0xff, 0xff, 0xff, 0xff, 0x00, 0x00, 0xff, 0xff, 0xff, 0xff, 0x00, 0x00, 0xff, 0xff, 0xff, 0xff, 0x00, 0x00
.global gUnknown_8315A54
gUnknown_8315A54:
.byte 0xff, 0xff, 0xff, 0x0f, 0x00, 0x00, 0xff, 0x0f, 0xff, 0x0f, 0x00, 0x00
.byte 0xff, 0x0f, 0xff, 0x0f, 0x00, 0x00, 0x00, 0x00, 0x00, 0x0f, 0x00, 0x00, 0xf0, 0xff, 0x0f, 0x0f, 0x00, 0x00, 0xff, 0xff, 0x0f, 0x0f, 0x00, 0x00, 0xff, 0xff, 0x0f, 0x0f, 0x00, 0x00, 0xff, 0xff
.byte 0xf0, 0x0f, 0x00, 0x00, 0xff, 0x00, 0xff, 0x0f, 0x00, 0x00, 0xff, 0xff, 0xff, 0x0f, 0x00, 0x00, 0xff, 0xff, 0xff, 0x0f, 0x00, 0x00, 0xff, 0xff, 0xff, 0x0f, 0x00, 0x00
.global gUnknown_8315A9C
gUnknown_8315A9C:
.byte 0xff, 0xff, 0xff, 0xff
.byte 0x00, 0x00, 0xff, 0xff, 0xff, 0xff, 0x00, 0x00, 0xff, 0xff, 0xff, 0xff, 0x00, 0x00, 0x0f, 0x00, 0x00, 0xff, 0x00, 0x00, 0xff, 0x0f, 0xff, 0xff, 0x00, 0x00, 0xff, 0x0f, 0xff, 0xff, 0x00, 0x00
.byte 0xff, 0x0f, 0xff, 0xff, 0x00, 0x00, 0xff, 0x0f, 0xff, 0xff, 0x00, 0x00, 0x00, 0x00, 0x00, 0xf0, 0x00, 0x00, 0xff, 0xff, 0xff, 0xff, 0x00, 0x00, 0xff, 0xff, 0xff, 0xff, 0x00, 0x00, 0xff, 0xff
.byte 0xff, 0xff, 0x00, 0x00
.global gUnknown_8315AE4
gUnknown_8315AE4:
.byte 0xff, 0xff, 0xff, 0xff, 0x00, 0x00, 0xff, 0xff, 0xf0, 0xff, 0x00, 0x00, 0xff, 0xff, 0xf0, 0xff, 0x00, 0x00, 0x00, 0x00, 0x00, 0xf0, 0x00, 0x00, 0xff, 0x0f, 0xf0, 0xff
.byte 0x00, 0x00, 0xff, 0xf0, 0xf0, 0xff, 0x00, 0x00, 0x0f, 0xff, 0xf0, 0xff, 0x00, 0x00, 0xf0, 0xff, 0xf0, 0xff, 0x00, 0x00, 0xff, 0xff, 0xf0, 0xff, 0x00, 0x00, 0xff, 0xff, 0xff, 0xff, 0x00, 0x00
.byte 0xff, 0xff, 0xff, 0xff, 0x00, 0x00, 0xff, 0xff, 0xff, 0xff, 0x00, 0x00
.global gUnknown_8315B2C
gUnknown_8315B2C:
.byte 0xff, 0xff, 0xff, 0xff, 0x00, 0x00, 0xff, 0xf0, 0xff, 0xff, 0x00, 0x00, 0xff, 0xf0, 0xff, 0xff, 0x00, 0x00, 0x00, 0x00
.byte 0x00, 0xf0, 0x00, 0x00, 0xff, 0xf0, 0xff, 0xf0, 0x00, 0x00, 0xff, 0xf0, 0xff, 0xf0, 0x00, 0x00, 0x0f, 0xff, 0xff, 0xf0, 0x00, 0x00, 0x0f, 0xff, 0xff, 0xf0, 0x00, 0x00, 0xf0, 0xff, 0x00, 0xff
.byte 0x00, 0x00, 0xff, 0xff, 0xff, 0xff, 0x00, 0x00, 0xff, 0xff, 0xff, 0xff, 0x00, 0x00, 0xff, 0xff, 0xff, 0xff, 0x00, 0x00
.global gUnknown_8315B74
gUnknown_8315B74:
.byte 0xff, 0xff, 0xff, 0xff, 0x00, 0x00, 0xff, 0xf0, 0xf0, 0xf0, 0x00, 0x00
.byte 0xff, 0xf0, 0xf0, 0xf0, 0x00, 0x00, 0x00, 0x00, 0x00, 0xf0, 0x00, 0x00, 0xff, 0xf0, 0xff, 0xf0, 0x00, 0x00, 0xff, 0xf0, 0xff, 0xf0, 0x00, 0x00, 0x0f, 0xff, 0xff, 0xf0, 0x00, 0x00, 0x0f, 0xff
.byte 0xff, 0xf0, 0x00, 0x00, 0xf0, 0xff, 0x00, 0xff, 0x00, 0x00, 0xff, 0xff, 0xff, 0xff, 0x00, 0x00, 0xff, 0xff, 0xff, 0xff, 0x00, 0x00, 0xff, 0xff, 0xff, 0xff, 0x00, 0x00
.global gUnknown_8315BBC
gUnknown_8315BBC:
.byte 0xff, 0xff, 0xff, 0xff
.byte 0x00, 0x00, 0xff, 0xf0, 0xff, 0xff, 0x00, 0x00, 0xff, 0xf0, 0xff, 0xff, 0x00, 0x00, 0x00, 0x00, 0x00, 0xff, 0x00, 0x00, 0xff, 0x0f, 0xff, 0xff, 0x00, 0x00, 0xff, 0x0f, 0xff, 0xff, 0x00, 0x00
.byte 0x00, 0x00, 0x00, 0xf0, 0x00, 0x00, 0xff, 0xff, 0xf0, 0xff, 0x00, 0x00, 0xff, 0xff, 0xf0, 0xff, 0x00, 0x00, 0xff, 0xff, 0xff, 0xff, 0x00, 0x00, 0xff, 0xff, 0xff, 0xff, 0x00, 0x00, 0xff, 0xff
.byte 0xff, 0xff, 0x00, 0x00
.global gUnknown_8315C04
gUnknown_8315C04:
.byte 0xff, 0xff, 0xff, 0xff, 0x00, 0x00, 0xff, 0xf0, 0xf0, 0xf0, 0x00, 0x00, 0xff, 0xf0, 0xf0, 0xf0, 0x00, 0x00, 0x00, 0x00, 0x00, 0xff, 0x00, 0x00, 0xff, 0x0f, 0xff, 0xff
.byte 0x00, 0x00, 0xff, 0x0f, 0xff, 0xff, 0x00, 0x00, 0x00, 0x00, 0x00, 0xf0, 0x00, 0x00, 0xff, 0xff, 0xf0, 0xff, 0x00, 0x00, 0xff, 0xff, 0xf0, 0xff, 0x00, 0x00, 0xff, 0xff, 0xff, 0xff, 0x00, 0x00
.byte 0xff, 0xff, 0xff, 0xff, 0x00, 0x00, 0xff, 0xff, 0xff, 0xff, 0x00, 0x00
.global gUnknown_8315C4C
gUnknown_8315C4C:
.byte 0xff, 0xff, 0xff, 0x0f, 0x00, 0x00, 0x0f, 0xff, 0xff, 0x0f, 0x00, 0x00, 0x0f, 0x00, 0x00, 0x0f, 0x00, 0x00, 0x0f, 0xff
.byte 0x0f, 0x0f, 0x00, 0x00, 0xf0, 0xff, 0x0f, 0x0f, 0x00, 0x00, 0xff, 0xff, 0x0f, 0x0f, 0x00, 0x00, 0xff, 0xff, 0xf0, 0x0f, 0x00, 0x00, 0xff, 0x0f, 0xff, 0x0f, 0x00, 0x00, 0x0f, 0xf0, 0xff, 0x0f
.byte 0x00, 0x00, 0xff, 0xff, 0xff, 0x0f, 0x00, 0x00, 0xff, 0xff, 0xff, 0x0f, 0x00, 0x00, 0xff, 0xff, 0xff, 0x0f, 0x00, 0x00
.global gUnknown_8315C94
gUnknown_8315C94:
.byte 0xff, 0xff, 0xff, 0xff, 0x00, 0x00, 0x0f, 0xff, 0xf0, 0xf0, 0x00, 0x00
.byte 0x0f, 0xff, 0xf0, 0xf0, 0x00, 0x00, 0x0f, 0x00, 0x00, 0xff, 0x00, 0x00, 0xf0, 0xff, 0x0f, 0xff, 0x00, 0x00, 0xff, 0xff, 0x0f, 0xff, 0x00, 0x00, 0xff, 0xff, 0xf0, 0xff, 0x00, 0x00, 0xff, 0x0f
.byte 0xff, 0xff, 0x00, 0x00, 0x0f, 0xf0, 0xff, 0xff, 0x00, 0x00, 0xff, 0xff, 0xff, 0xff, 0x00, 0x00, 0xff, 0xff, 0xff, 0xff, 0x00, 0x00, 0xff, 0xff, 0xff, 0xff, 0x00, 0x00
.global gUnknown_8315CDC
gUnknown_8315CDC:
.byte 0xff, 0xff, 0xff, 0xff
.byte 0x00, 0x00, 0x0f, 0xff, 0xff, 0xff, 0x00, 0x00, 0x0f, 0x00, 0x00, 0xf0, 0x00, 0x00, 0x0f, 0xff, 0xf0, 0xff, 0x00, 0x00, 0x0f, 0xff, 0xf0, 0xff, 0x00, 0x00, 0xf0, 0xff, 0xf0, 0xff, 0x00, 0x00
.byte 0xff, 0xff, 0xf0, 0xff, 0x00, 0x00, 0xff, 0x0f, 0xff, 0xff, 0x00, 0x00, 0xff, 0xf0, 0xff, 0xff, 0x00, 0x00, 0xff, 0xff, 0xff, 0xff, 0x00, 0x00, 0xff, 0xff, 0xff, 0xff, 0x00, 0x00, 0xff, 0xff
.byte 0xff, 0xff, 0x00, 0x00
.global gUnknown_8315D24
gUnknown_8315D24:
.byte 0xff, 0xff, 0xff, 0xff, 0x00, 0x00, 0x0f, 0xff, 0xf0, 0xf0, 0x00, 0x00, 0x0f, 0xff, 0xf0, 0xf0, 0x00, 0x00, 0x0f, 0x00, 0x00, 0xf0, 0x00, 0x00, 0x0f, 0xff, 0xf0, 0xff
.byte 0x00, 0x00, 0xf0, 0xff, 0xf0, 0xff, 0x00, 0x00, 0xff, 0xff, 0xf0, 0xff, 0x00, 0x00, 0xff, 0x0f, 0xff, 0xff, 0x00, 0x00, 0xff, 0xf0, 0xff, 0xff, 0x00, 0x00, 0xff, 0xff, 0xff, 0xff, 0x00, 0x00
.byte 0xff, 0xff, 0xff, 0xff, 0x00, 0x00, 0xff, 0xff, 0xff, 0xff, 0x00, 0x00
.global gUnknown_8315D6C
gUnknown_8315D6C:
.byte 0xff, 0xff, 0xff, 0x0f, 0x00, 0x00, 0xff, 0xff, 0xff, 0x0f, 0x00, 0x00, 0x00, 0x00, 0x00, 0x0f, 0x00, 0x00, 0xff, 0xff
.byte 0x0f, 0x0f, 0x00, 0x00, 0xff, 0xff, 0x0f, 0x0f, 0x00, 0x00, 0xff, 0xff, 0x0f, 0x0f, 0x00, 0x00, 0xff, 0xff, 0x0f, 0x0f, 0x00, 0x00, 0xff, 0xff, 0x0f, 0x0f, 0x00, 0x00, 0x00, 0x00, 0x00, 0x0f
.byte 0x00, 0x00, 0xff, 0xff, 0xff, 0x0f, 0x00, 0x00, 0xff, 0xff, 0xff, 0x0f, 0x00, 0x00, 0xff, 0xff, 0xff, 0x0f, 0x00, 0x00
.global gUnknown_8315DB4
gUnknown_8315DB4:
.byte 0xff, 0xff, 0xff, 0x0f, 0x00, 0x00, 0xff, 0x0f, 0x0f, 0x0f, 0x00, 0x00
.byte 0xff, 0x0f, 0x0f, 0x0f, 0x00, 0x00, 0x00, 0x00, 0x00, 0x0f, 0x00, 0x00, 0xff, 0xff, 0x0f, 0x0f, 0x00, 0x00, 0xff, 0xff, 0x0f, 0x0f, 0x00, 0x00, 0xff, 0xff, 0x0f, 0x0f, 0x00, 0x00, 0xff, 0xff
.byte 0x0f, 0x0f, 0x00, 0x00, 0x00, 0x00, 0x00, 0x0f, 0x00, 0x00, 0xff, 0xff, 0xff, 0x0f, 0x00, 0x00, 0xff, 0xff, 0xff, 0x0f, 0x00, 0x00, 0xff, 0xff, 0xff, 0x0f, 0x00, 0x00
.global gUnknown_8315DFC
gUnknown_8315DFC:
.byte 0xff, 0xff, 0xff, 0xff
.byte 0x00, 0x00, 0x0f, 0xff, 0x0f, 0xff, 0x00, 0x00, 0x00, 0x00, 0x00, 0xf0, 0x00, 0x00, 0x0f, 0xff, 0x0f, 0xff, 0x00, 0x00, 0x0f, 0xff, 0x0f, 0xff, 0x00, 0x00, 0x0f, 0xff, 0x0f, 0xff, 0x00, 0x00
.byte 0xff, 0xff, 0x0f, 0xff, 0x00, 0x00, 0xff, 0xff, 0xf0, 0xff, 0x00, 0x00, 0xff, 0x00, 0xff, 0xff, 0x00, 0x00, 0xff, 0xff, 0xff, 0xff, 0x00, 0x00, 0xff, 0xff, 0xff, 0xff, 0x00, 0x00, 0xff, 0xff
.byte 0xff, 0xff, 0x00, 0x00
.global gUnknown_8315E44
gUnknown_8315E44:
.byte 0xff, 0xff, 0xff, 0xff, 0xf0, 0x00, 0x0f, 0xff, 0xf0, 0xf0, 0xf0, 0x00, 0x0f, 0xff, 0xf0, 0xf0, 0xff, 0x00, 0x00, 0x00, 0x00, 0xf0, 0xff, 0x00, 0x0f, 0xff, 0x0f, 0xff
.byte 0xff, 0x00, 0x0f, 0xff, 0x0f, 0xff, 0xff, 0x00, 0xff, 0xff, 0x0f, 0xff, 0xff, 0x00, 0xff, 0xff, 0xf0, 0xff, 0xff, 0x00, 0xff, 0x00, 0xff, 0xff, 0xff, 0x00, 0xff, 0xff, 0xff, 0xff, 0xff, 0x00
.byte 0xff, 0xff, 0xff, 0xff, 0xff, 0x00, 0xff, 0xff, 0xff, 0xff, 0xff, 0x00
.global gUnknown_8315E8C
gUnknown_8315E8C:
.byte 0xff, 0xff, 0xff, 0x0f, 0x00, 0x00, 0xff, 0xff, 0xff, 0x0f, 0x00, 0x00, 0x00, 0xf0, 0xff, 0x0f, 0x00, 0x00, 0xff, 0xff
.byte 0x0f, 0x0f, 0x00, 0x00, 0x00, 0xf0, 0x0f, 0x0f, 0x00, 0x00, 0xff, 0xff, 0x0f, 0x0f, 0x00, 0x00, 0xff, 0xff, 0xf0, 0x0f, 0x00, 0x00, 0xff, 0x0f, 0xff, 0x0f, 0x00, 0x00, 0x00, 0xf0, 0xff, 0x0f
.byte 0x00, 0x00, 0xff, 0xff, 0xff, 0x0f, 0x00, 0x00, 0xff, 0xff, 0xff, 0x0f, 0x00, 0x00, 0xff, 0xff, 0xff, 0x0f, 0x00, 0x00
.global gUnknown_8315ED4
gUnknown_8315ED4:
.byte 0xff, 0xff, 0xff, 0x0f, 0x00, 0x00, 0xff, 0x0f, 0x0f, 0x0f, 0x00, 0x00
.byte 0xff, 0x0f, 0x0f, 0x0f, 0x00, 0x00, 0x00, 0xf0, 0xff, 0x0f, 0x00, 0x00, 0xff, 0xff, 0x0f, 0x0f, 0x00, 0x00, 0x00, 0xf0, 0x0f, 0x0f, 0x00, 0x00, 0xff, 0xff, 0xf0, 0x0f, 0x00, 0x00, 0xff, 0x0f
.byte 0xff, 0x0f, 0x00, 0x00, 0x00, 0xf0, 0xff, 0x0f, 0x00, 0x00, 0xff, 0xff, 0xff, 0x0f, 0x00, 0x00, 0xff, 0xff, 0xff, 0x0f, 0x00, 0x00, 0xff, 0xff, 0xff, 0x0f, 0x00, 0x00
.global gUnknown_8315F1C
gUnknown_8315F1C:
.byte 0xff, 0xff, 0xff, 0xff
.byte 0x00, 0x00, 0xff, 0xff, 0xff, 0xff, 0x00, 0x00, 0x00, 0x00, 0x00, 0xff, 0x00, 0x00, 0xff, 0xff, 0x0f, 0xff, 0x00, 0x00, 0xff, 0xff, 0xf0, 0xff, 0x00, 0x00, 0xff, 0x0f, 0xff, 0xff, 0x00, 0x00
.byte 0xff, 0xf0, 0xf0, 0xff, 0x00, 0x00, 0x0f, 0xff, 0x0f, 0xff, 0x00, 0x00, 0xf0, 0xff, 0xff, 0xf0, 0x00, 0x00, 0xff, 0xff, 0xff, 0xff, 0x00, 0x00, 0xff, 0xff, 0xff, 0xff, 0x00, 0x00, 0xff, 0xff
.byte 0xff, 0xff, 0x00, 0x00
.global gUnknown_8315F64
gUnknown_8315F64:
.byte 0xff, 0xff, 0xff, 0xff, 0x0f, 0x00, 0xff, 0xff, 0x0f, 0x0f, 0x0f, 0x00, 0x00, 0x00, 0x00, 0x0f, 0x0f, 0x00, 0xff, 0xff, 0x0f, 0xff, 0x0f, 0x00, 0xff, 0xff, 0xf0, 0xff
.byte 0x0f, 0x00, 0xff, 0x0f, 0xff, 0xff, 0x0f, 0x00, 0xff, 0xf0, 0xf0, 0xff, 0x0f, 0x00, 0x0f, 0xff, 0x0f, 0xff, 0x0f, 0x00, 0xf0, 0xff, 0xff, 0xf0, 0x0f, 0x00, 0xff, 0xff, 0xff, 0xff, 0x0f, 0x00
.byte 0xff, 0xff, 0xff, 0xff, 0x0f, 0x00, 0xff, 0xff, 0xff, 0xff, 0x0f, 0x00
.global gUnknown_8315FAC
gUnknown_8315FAC:
.byte 0xff, 0xff, 0xff, 0x0f, 0x00, 0x00, 0x0f, 0xff, 0xff, 0x0f, 0x00, 0x00, 0x00, 0x00, 0x00, 0x0f, 0x00, 0x00, 0x0f, 0xff
.byte 0x0f, 0x0f, 0x00, 0x00, 0x0f, 0xff, 0x0f, 0x0f, 0x00, 0x00, 0x0f, 0xff, 0xf0, 0x0f, 0x00, 0x00, 0x0f, 0xff, 0xff, 0x0f, 0x00, 0x00, 0x0f, 0xff, 0xff, 0x0f, 0x00, 0x00, 0xff, 0x00, 0x00, 0x0f
.byte 0x00, 0x00, 0xff, 0xff, 0xff, 0x0f, 0x00, 0x00, 0xff, 0xff, 0xff, 0x0f, 0x00, 0x00, 0xff, 0xff, 0xff, 0x0f, 0x00, 0x00
.global gUnknown_8315FF4
gUnknown_8315FF4:
.byte 0xff, 0xff, 0xff, 0xff, 0x00, 0x00, 0x0f, 0xff, 0xf0, 0xf0, 0x00, 0x00
.byte 0x0f, 0xff, 0xf0, 0xf0, 0x00, 0x00, 0x00, 0x00, 0x00, 0xff, 0x00, 0x00, 0x0f, 0xff, 0x0f, 0xff, 0x00, 0x00, 0x0f, 0xff, 0xf0, 0xff, 0x00, 0x00, 0x0f, 0xff, 0xff, 0xff, 0x00, 0x00, 0x0f, 0xff
.byte 0xff, 0xff, 0x00, 0x00, 0xff, 0x00, 0x00, 0xff, 0x00, 0x00, 0xff, 0xff, 0xff, 0xff, 0x00, 0x00, 0xff, 0xff, 0xff, 0xff, 0x00, 0x00, 0xff, 0xff, 0xff, 0xff, 0x00, 0x00
.global gUnknown_831603C
gUnknown_831603C:
.byte 0xff, 0xff, 0xff, 0x0f
.byte 0x00, 0x00, 0xff, 0xff, 0xff, 0x0f, 0x00, 0x00, 0xf0, 0xff, 0x0f, 0x0f, 0x00, 0x00, 0xf0, 0xff, 0x0f, 0x0f, 0x00, 0x00, 0x0f, 0xff, 0x0f, 0x0f, 0x00, 0x00, 0xff, 0xff, 0x0f, 0x0f, 0x00, 0x00
.byte 0xff, 0xff, 0xf0, 0x0f, 0x00, 0x00, 0xff, 0x0f, 0xff, 0x0f, 0x00, 0x00, 0x00, 0xf0, 0xff, 0x0f, 0x00, 0x00, 0xff, 0xff, 0xff, 0x0f, 0x00, 0x00, 0xff, 0xff, 0xff, 0x0f, 0x00, 0x00, 0xff, 0xff
.byte 0xff, 0x0f, 0x00, 0x00
.global gUnknown_8316084
gUnknown_8316084:
.byte 0xff, 0xff, 0xff, 0xff, 0x00, 0x00, 0xff, 0xff, 0xf0, 0xf0, 0x00, 0x00, 0xf0, 0xff, 0xf0, 0xf0, 0x00, 0x00, 0xf0, 0xff, 0x0f, 0xff, 0x00, 0x00, 0x0f, 0xff, 0x0f, 0xff
.byte 0x00, 0x00, 0xff, 0xff, 0x0f, 0xff, 0x00, 0x00, 0xff, 0xff, 0xf0, 0xff, 0x00, 0x00, 0xff, 0x0f, 0xff, 0xff, 0x00, 0x00, 0x00, 0xf0, 0xff, 0xff, 0x00, 0x00, 0xff, 0xff, 0xff, 0xff, 0x00, 0x00
.byte 0xff, 0xff, 0xff, 0xff, 0x00, 0x00, 0xff, 0xff, 0xff, 0xff, 0x00, 0x00
.global gUnknown_83160CC
gUnknown_83160CC:
.byte 0xff, 0xff, 0xff, 0xff, 0x00, 0x00, 0xff, 0xf0, 0xff, 0xff, 0x00, 0x00, 0xff, 0x00, 0x00, 0xf0, 0x00, 0x00, 0x0f, 0xff
.byte 0xff, 0xf0, 0x00, 0x00, 0xf0, 0xf0, 0xff, 0xf0, 0x00, 0x00, 0xff, 0x0f, 0xff, 0xf0, 0x00, 0x00, 0xff, 0xff, 0x00, 0xff, 0x00, 0x00, 0xff, 0xff, 0xf0, 0xff, 0x00, 0x00, 0x0f, 0x00, 0xff, 0xff
.byte 0x00, 0x00, 0xff, 0xff, 0xff, 0xff, 0x00, 0x00, 0xff, 0xff, 0xff, 0xff, 0x00, 0x00, 0xff, 0xff, 0xff, 0xff, 0x00, 0x00
.global gUnknown_8316114
gUnknown_8316114:
.byte 0xff, 0xff, 0xff, 0xff, 0x0f, 0x00, 0xff, 0xf0, 0x0f, 0x0f, 0x0f, 0x00
.byte 0xff, 0x00, 0x00, 0x0f, 0x0f, 0x00, 0x0f, 0xff, 0xff, 0xf0, 0x0f, 0x00, 0xf0, 0xf0, 0xff, 0xf0, 0x0f, 0x00, 0xff, 0x0f, 0x0f, 0xff, 0x0f, 0x00, 0xff, 0xff, 0x00, 0xff, 0x0f, 0x00, 0xff, 0xff
.byte 0xf0, 0xff, 0x0f, 0x00, 0x0f, 0x00, 0xff, 0xff, 0x0f, 0x00, 0xff, 0xff, 0xff, 0xff, 0x0f, 0x00, 0xff, 0xff, 0xff, 0xff, 0x0f, 0x00, 0xff, 0xff, 0xff, 0xff, 0x0f, 0x00
.global gUnknown_831615C
gUnknown_831615C:
.byte 0xff, 0xff, 0xff, 0xff
.byte 0x00, 0x00, 0xff, 0xff, 0xff, 0xff, 0x00, 0x00, 0x0f, 0x00, 0x00, 0xff, 0x00, 0x00, 0xff, 0x0f, 0xff, 0xff, 0x00, 0x00, 0xff, 0x0f, 0xff, 0xff, 0x00, 0x00, 0x00, 0x00, 0x00, 0xf0, 0x00, 0x00
.byte 0xff, 0x0f, 0xff, 0xff, 0x00, 0x00, 0xff, 0x0f, 0xff, 0xff, 0x00, 0x00, 0xff, 0xf0, 0xff, 0xff, 0x00, 0x00, 0xff, 0xff, 0xff, 0xff, 0x00, 0x00, 0xff, 0xff, 0xff, 0xff, 0x00, 0x00, 0xff, 0xff
.byte 0xff, 0xff, 0x00, 0x00
.global gUnknown_83161A4
gUnknown_83161A4:
.byte 0xff, 0xff, 0xff, 0xff, 0x00, 0x00, 0xff, 0xff, 0xf0, 0xf0, 0x00, 0x00, 0x0f, 0x00, 0xf0, 0xf0, 0x00, 0x00, 0xff, 0x0f, 0xff, 0xff, 0x00, 0x00, 0x00, 0x00, 0x00, 0xf0
.byte 0x00, 0x00, 0xff, 0x0f, 0xff, 0xff, 0x00, 0x00, 0xff, 0x0f, 0xff, 0xff, 0x00, 0x00, 0xff, 0x0f, 0xff, 0xff, 0x00, 0x00, 0xff, 0xf0, 0xff, 0xff, 0x00, 0x00, 0xff, 0xff, 0xff, 0xff, 0x00, 0x00
.byte 0xff, 0xff, 0xff, 0xff, 0x00, 0x00, 0xff, 0xff, 0xff, 0xff, 0x00, 0x00
.global gUnknown_83161EC
gUnknown_83161EC:
.byte 0xff, 0xff, 0xff, 0x00, 0x00, 0x00, 0xff, 0xff, 0xff, 0x00, 0x00, 0x00, 0xff, 0xff, 0xff, 0x00, 0x00, 0x00, 0xff, 0xff
.byte 0xff, 0x00, 0x00, 0x00, 0xf0, 0xf0, 0xf0, 0x00, 0x00, 0x00, 0xf0, 0xf0, 0xf0, 0x00, 0x00, 0x00, 0xff, 0xff, 0xf0, 0x00, 0x00, 0x00, 0xff, 0x0f, 0xff, 0x00, 0x00, 0x00, 0x0f, 0xf0, 0xff, 0x00
.byte 0x00, 0x00, 0xff, 0xff, 0xff, 0x00, 0x00, 0x00, 0xff, 0xff, 0xff, 0x00, 0x00, 0x00, 0xff, 0xff, 0xff, 0x00, 0x00, 0x00
.global gUnknown_8316234
gUnknown_8316234:
.byte 0xff, 0xff, 0xff, 0x0f, 0x00, 0x00, 0xff, 0xff, 0xff, 0x0f, 0x00, 0x00
.byte 0xf0, 0xf0, 0x0f, 0x0f, 0x00, 0x00, 0xf0, 0xf0, 0x0f, 0x0f, 0x00, 0x00, 0xf0, 0xf0, 0x0f, 0x0f, 0x00, 0x00, 0xff, 0xff, 0x0f, 0x0f, 0x00, 0x00, 0xff, 0xff, 0xf0, 0x0f, 0x00, 0x00, 0xff, 0x0f
.byte 0xff, 0x0f, 0x00, 0x00, 0x0f, 0xf0, 0xff, 0x0f, 0x00, 0x00, 0xff, 0xff, 0xff, 0x0f, 0x00, 0x00, 0xff, 0xff, 0xff, 0x0f, 0x00, 0x00, 0xff, 0xff, 0xff, 0x0f, 0x00, 0x00
.global gUnknown_831627C
gUnknown_831627C:
.byte 0xff, 0xff, 0xff, 0xff
.byte 0x00, 0x00, 0xff, 0xff, 0xf0, 0xf0, 0x00, 0x00, 0xf0, 0xf0, 0xf0, 0xf0, 0x00, 0x00, 0xf0, 0xf0, 0x0f, 0xff, 0x00, 0x00, 0xf0, 0xf0, 0x0f, 0xff, 0x00, 0x00, 0xff, 0xff, 0x0f, 0xff, 0x00, 0x00
.byte 0xff, 0xff, 0xf0, 0xff, 0x00, 0x00, 0xff, 0x0f, 0xff, 0xff, 0x00, 0x00, 0x0f, 0xf0, 0xff, 0xff, 0x00, 0x00, 0xff, 0xff, 0xff, 0xff, 0x00, 0x00, 0xff, 0xff, 0xff, 0xff, 0x00, 0x00, 0xff, 0xff
.byte 0xff, 0xff, 0x00, 0x00
.global gUnknown_83162C4
gUnknown_83162C4:
.byte 0xff, 0xff, 0xff, 0xff, 0x00, 0x00, 0xff, 0xff, 0xff, 0xff, 0x00, 0x00, 0x0f, 0x00, 0x00, 0xff, 0x00, 0x00, 0xff, 0xff, 0xff, 0xff, 0x00, 0x00, 0x00, 0x00, 0x00, 0xf0
.byte 0x00, 0x00, 0xff, 0xff, 0xf0, 0xff, 0x00, 0x00, 0xff, 0xff, 0xf0, 0xff, 0x00, 0x00, 0xff, 0x0f, 0xff, 0xff, 0x00, 0x00, 0x0f, 0xf0, 0xff, 0xff, 0x00, 0x00, 0xff, 0xff, 0xff, 0xff, 0x00, 0x00
.byte 0xff, 0xff, 0xff, 0xff, 0x00, 0x00, 0xff, 0xff, 0xff, 0xff, 0x00, 0x00
.global gUnknown_831630C
gUnknown_831630C:
.byte 0xff, 0xff, 0xff, 0xff, 0x00, 0x00, 0xff, 0xff, 0xf0, 0xf0, 0x00, 0x00, 0x0f, 0x00, 0xf0, 0xf0, 0x00, 0x00, 0xff, 0xff
.byte 0xff, 0xff, 0x00, 0x00, 0x00, 0x00, 0x00, 0xf0, 0x00, 0x00, 0xff, 0xff, 0xf0, 0xff, 0x00, 0x00, 0xff, 0xff, 0xf0, 0xff, 0x00, 0x00, 0xff, 0x0f, 0xff, 0xff, 0x00, 0x00, 0x0f, 0xf0, 0xff, 0xff
.byte 0x00, 0x00, 0xff, 0xff, 0xff, 0xff, 0x00, 0x00, 0xff, 0xff, 0xff, 0xff, 0x00, 0x00, 0xff, 0xff, 0xff, 0xff, 0x00, 0x00
.global gUnknown_8316354
gUnknown_8316354:
.byte 0xff, 0xff, 0xff, 0x00, 0x00, 0x00, 0xf0, 0xff, 0xff, 0x00, 0x00, 0x00
.byte 0xf0, 0xff, 0xff, 0x00, 0x00, 0x00, 0xf0, 0xff, 0xff, 0x00, 0x00, 0x00, 0x00, 0xf0, 0xff, 0x00, 0x00, 0x00, 0xf0, 0x0f, 0xf0, 0x00, 0x00, 0x00, 0xf0, 0xff, 0xff, 0x00, 0x00, 0x00, 0xf0, 0xff
.byte 0xff, 0x00, 0x00, 0x00, 0xf0, 0xff, 0xff, 0x00, 0x00, 0x00, 0xff, 0xff, 0xff, 0x00, 0x00, 0x00, 0xff, 0xff, 0xff, 0x00, 0x00, 0x00, 0xff, 0xff, 0xff, 0x00, 0x00, 0x00
.global gUnknown_831639C
gUnknown_831639C:
.byte 0xff, 0xff, 0xff, 0x0f
.byte 0x00, 0x00, 0xf0, 0x0f, 0x0f, 0x0f, 0x00, 0x00, 0xf0, 0x0f, 0x0f, 0x0f, 0x00, 0x00, 0xf0, 0xff, 0xff, 0x0f, 0x00, 0x00, 0x00, 0xf0, 0xff, 0x0f, 0x00, 0x00, 0xf0, 0x0f, 0xf0, 0x0f, 0x00, 0x00
.byte 0xf0, 0xff, 0xff, 0x0f, 0x00, 0x00, 0xf0, 0xff, 0xff, 0x0f, 0x00, 0x00, 0xf0, 0xff, 0xff, 0x0f, 0x00, 0x00, 0xff, 0xff, 0xff, 0x0f, 0x00, 0x00, 0xff, 0xff, 0xff, 0x0f, 0x00, 0x00, 0xff, 0xff
.byte 0xff, 0x0f, 0x00, 0x00
.global gUnknown_83163E4
gUnknown_83163E4:
.byte 0xff, 0xff, 0xff, 0xff, 0x00, 0x00, 0xff, 0x0f, 0xff, 0xff, 0x00, 0x00, 0xff, 0x0f, 0xff, 0xff, 0x00, 0x00, 0x00, 0x00, 0x00, 0xf0, 0x00, 0x00, 0xff, 0x0f, 0xff, 0xff
.byte 0x00, 0x00, 0xff, 0x0f, 0xff, 0xff, 0x00, 0x00, 0xff, 0x0f, 0xff, 0xff, 0x00, 0x00, 0xff, 0xf0, 0xff, 0xff, 0x00, 0x00, 0x0f, 0xff, 0xff, 0xff, 0x00, 0x00, 0xff, 0xff, 0xff, 0xff, 0x00, 0x00
.byte 0xff, 0xff, 0xff, 0xff, 0x00, 0x00, 0xff, 0xff, 0xff, 0xff, 0x00, 0x00
.global gUnknown_831642C
gUnknown_831642C:
.byte 0xff, 0xff, 0xff, 0xff, 0x00, 0x00, 0xff, 0xff, 0xff, 0xff, 0x00, 0x00, 0xff, 0xff, 0xff, 0xff, 0x00, 0x00, 0x0f, 0x00
.byte 0x00, 0xff, 0x00, 0x00, 0xff, 0xff, 0xff, 0xff, 0x00, 0x00, 0xff, 0xff, 0xff, 0xff, 0x00, 0x00, 0xff, 0xff, 0xff, 0xff, 0x00, 0x00, 0x00, 0x00, 0x00, 0xf0, 0x00, 0x00, 0xff, 0xff, 0xff, 0xff
.byte 0x00, 0x00, 0xff, 0xff, 0xff, 0xff, 0x00, 0x00, 0xff, 0xff, 0xff, 0xff, 0x00, 0x00, 0xff, 0xff, 0xff, 0xff, 0x00, 0x00
.global gUnknown_8316474
gUnknown_8316474:
.byte 0xff, 0xff, 0xff, 0xff, 0x00, 0x00, 0xff, 0xff, 0xff, 0xff, 0x00, 0x00
.byte 0x0f, 0x00, 0x00, 0xf0, 0x00, 0x00, 0xff, 0xff, 0xff, 0xf0, 0x00, 0x00, 0xff, 0xf0, 0x0f, 0xff, 0x00, 0x00, 0xff, 0x0f, 0xf0, 0xff, 0x00, 0x00, 0xff, 0x0f, 0xf0, 0xff, 0x00, 0x00, 0xff, 0xf0
.byte 0x0f, 0xff, 0x00, 0x00, 0x00, 0xff, 0xff, 0xf0, 0x00, 0x00, 0xff, 0xff, 0xff, 0xff, 0x00, 0x00, 0xff, 0xff, 0xff, 0xff, 0x00, 0x00, 0xff, 0xff, 0xff, 0xff, 0x00, 0x00
.global gUnknown_83164BC
gUnknown_83164BC:
.byte 0xff, 0xff, 0xff, 0xff
.byte 0x00, 0x00, 0xff, 0x00, 0xff, 0xff, 0x00, 0x00, 0xff, 0xff, 0xf0, 0xff, 0x00, 0x00, 0xff, 0xff, 0xff, 0xff, 0x00, 0x00, 0x0f, 0x00, 0x00, 0xff, 0x00, 0x00, 0xff, 0xff, 0xf0, 0xff, 0x00, 0x00
.byte 0xff, 0x00, 0x0f, 0xff, 0x00, 0x00, 0x00, 0x0f, 0xff, 0xf0, 0x00, 0x00, 0xff, 0x0f, 0xff, 0xff, 0x00, 0x00, 0xff, 0xff, 0xff, 0xff, 0x00, 0x00, 0xff, 0xff, 0xff, 0xff, 0x00, 0x00, 0xff, 0xff
.byte 0xff, 0xff, 0x00, 0x00
.global gUnknown_8316504
gUnknown_8316504:
.byte 0xff, 0xff, 0xff, 0x0f, 0x00, 0x00, 0xff, 0xff, 0xff, 0x0f, 0x00, 0x00, 0xff, 0xff, 0x0f, 0x0f, 0x00, 0x00, 0xff, 0xff, 0x0f, 0x0f, 0x00, 0x00, 0xff, 0xff, 0x0f, 0x0f
.byte 0x00, 0x00, 0xff, 0xff, 0xf0, 0x0f, 0x00, 0x00, 0xff, 0x0f, 0xff, 0x0f, 0x00, 0x00, 0xff, 0xf0, 0xff, 0x0f, 0x00, 0x00, 0x00, 0xff, 0xff, 0x0f, 0x00, 0x00, 0xff, 0xff, 0xff, 0x0f, 0x00, 0x00
.byte 0xff, 0xff, 0xff, 0x0f, 0x00, 0x00, 0xff, 0xff, 0xff, 0x0f, 0x00, 0x00
.global gUnknown_831654C
gUnknown_831654C:
.byte 0xff, 0xff, 0xff, 0xff, 0x00, 0x00, 0xff, 0xff, 0xff, 0xff, 0x00, 0x00, 0x0f, 0xff, 0x0f, 0xff, 0x00, 0x00, 0x0f, 0xff
.byte 0x0f, 0xff, 0x00, 0x00, 0x0f, 0xff, 0x0f, 0xff, 0x00, 0x00, 0xf0, 0xff, 0xff, 0xf0, 0x00, 0x00, 0xf0, 0xff, 0xff, 0xf0, 0x00, 0x00, 0xf0, 0xff, 0xff, 0xf0, 0x00, 0x00, 0xf0, 0xff, 0xff, 0xf0
.byte 0x00, 0x00, 0xff, 0xff, 0xff, 0xff, 0x00, 0x00, 0xff, 0xff, 0xff, 0xff, 0x00, 0x00, 0xff, 0xff, 0xff, 0xff, 0x00, 0x00
.global gUnknown_8316594
gUnknown_8316594:
.byte 0xff, 0xff, 0xff, 0xff, 0x00, 0x00, 0xff, 0xff, 0xf0, 0xf0, 0x00, 0x00
.byte 0x0f, 0xff, 0xf0, 0xf0, 0x00, 0x00, 0x0f, 0xff, 0x0f, 0xff, 0x00, 0x00, 0x0f, 0xff, 0x0f, 0xff, 0x00, 0x00, 0xf0, 0xff, 0xff, 0xf0, 0x00, 0x00, 0xf0, 0xff, 0xff, 0xf0, 0x00, 0x00, 0xf0, 0xff
.byte 0xff, 0xf0, 0x00, 0x00, 0xf0, 0xff, 0xff, 0xf0, 0x00, 0x00, 0xff, 0xff, 0xff, 0xff, 0x00, 0x00, 0xff, 0xff, 0xff, 0xff, 0x00, 0x00, 0xff, 0xff, 0xff, 0xff, 0x00, 0x00
.global gUnknown_83165DC
gUnknown_83165DC:
.byte 0xff, 0xff, 0xff, 0xff
.byte 0x00, 0x00, 0xff, 0xff, 0x0f, 0xff, 0x00, 0x00, 0x0f, 0xff, 0xf0, 0xf0, 0x00, 0x00, 0x0f, 0xff, 0x0f, 0xff, 0x00, 0x00, 0x0f, 0xff, 0x0f, 0xff, 0x00, 0x00, 0xf0, 0xff, 0xff, 0xf0, 0x00, 0x00
.byte 0xf0, 0xff, 0xff, 0xf0, 0x00, 0x00, 0xf0, 0xff, 0xff, 0xf0, 0x00, 0x00, 0xf0, 0xff, 0xff, 0xf0, 0x00, 0x00, 0xff, 0xff, 0xff, 0xff, 0x00, 0x00, 0xff, 0xff, 0xff, 0xff, 0x00, 0x00, 0xff, 0xff
.byte 0xff, 0xff, 0x00, 0x00
.global gUnknown_8316624
gUnknown_8316624:
.byte 0xff, 0xff, 0xff, 0x0f, 0x00, 0x00, 0xf0, 0xff, 0xff, 0x0f, 0x00, 0x00, 0xf0, 0xff, 0xff, 0x0f, 0x00, 0x00, 0x00, 0x00, 0x00, 0x0f, 0x00, 0x00, 0xf0, 0xff, 0xff, 0x0f
.byte 0x00, 0x00, 0xf0, 0xff, 0xff, 0x0f, 0x00, 0x00, 0xf0, 0xff, 0xff, 0x0f, 0x00, 0x00, 0xf0, 0xff, 0xff, 0x0f, 0x00, 0x00, 0x0f, 0x00, 0x00, 0x0f, 0x00, 0x00, 0xff, 0xff, 0xff, 0x0f, 0x00, 0x00
.byte 0xff, 0xff, 0xff, 0x0f, 0x00, 0x00, 0xff, 0xff, 0xff, 0x0f, 0x00, 0x00
.global gUnknown_831666C
gUnknown_831666C:
.byte 0xff, 0xff, 0xff, 0xff, 0x00, 0x00, 0xf0, 0xff, 0xf0, 0xf0, 0x00, 0x00, 0xf0, 0xff, 0xf0, 0xf0, 0x00, 0x00, 0x00, 0x00
.byte 0xf0, 0xff, 0x00, 0x00, 0xf0, 0xff, 0xff, 0xff, 0x00, 0x00, 0xf0, 0xff, 0xff, 0xff, 0x00, 0x00, 0xf0, 0xff, 0xff, 0xff, 0x00, 0x00, 0xf0, 0xff, 0xff, 0xff, 0x00, 0x00, 0x0f, 0x00, 0x00, 0xff
.byte 0x00, 0x00, 0xff, 0xff, 0xff, 0xff, 0x00, 0x00, 0xff, 0xff, 0xff, 0xff, 0x00, 0x00, 0xff, 0xff, 0xff, 0xff, 0x00, 0x00
.global gUnknown_83166B4
gUnknown_83166B4:
.byte 0xff, 0xff, 0xff, 0xff, 0x0f, 0x00, 0xf0, 0xff, 0xff, 0xf0, 0x0f, 0x00
.byte 0xf0, 0xff, 0x0f, 0x0f, 0x0f, 0x00, 0x00, 0x00, 0xf0, 0xf0, 0x0f, 0x00, 0xf0, 0xff, 0xff, 0xff, 0x0f, 0x00, 0xf0, 0xff, 0xff, 0xff, 0x0f, 0x00, 0xf0, 0xff, 0xff, 0xff, 0x0f, 0x00, 0xf0, 0xff
.byte 0xff, 0xff, 0x0f, 0x00, 0x0f, 0x00, 0x00, 0xff, 0x0f, 0x00, 0xff, 0xff, 0xff, 0xff, 0x0f, 0x00, 0xff, 0xff, 0xff, 0xff, 0x0f, 0x00, 0xff, 0xff, 0xff, 0xff, 0x0f, 0x00
.global gUnknown_83166FC
gUnknown_83166FC:
.byte 0xff, 0xff, 0xff, 0x0f
.byte 0x00, 0x00, 0xff, 0xff, 0xff, 0x0f, 0x00, 0x00, 0x00, 0x00, 0x00, 0x0f, 0x00, 0x00, 0xff, 0xff, 0x0f, 0x0f, 0x00, 0x00, 0xff, 0xff, 0x0f, 0x0f, 0x00, 0x00, 0xff, 0xff, 0x0f, 0x0f, 0x00, 0x00
.byte 0xff, 0xff, 0xf0, 0x0f, 0x00, 0x00, 0xff, 0x0f, 0xff, 0x0f, 0x00, 0x00, 0x0f, 0xf0, 0xff, 0x0f, 0x00, 0x00, 0xff, 0xff, 0xff, 0x0f, 0x00, 0x00, 0xff, 0xff, 0xff, 0x0f, 0x00, 0x00, 0xff, 0xff
.byte 0xff, 0x0f, 0x00, 0x00
.global gUnknown_8316744
gUnknown_8316744:
.byte 0xff, 0xff, 0xff, 0xff, 0x00, 0x00, 0xff, 0xff, 0xf0, 0xf0, 0x00, 0x00, 0x00, 0x00, 0xf0, 0xf0, 0x00, 0x00, 0xff, 0xff, 0x0f, 0xff, 0x00, 0x00, 0xff, 0xff, 0x0f, 0xff
.byte 0x00, 0x00, 0xff, 0xff, 0x0f, 0xff, 0x00, 0x00, 0xff, 0xff, 0xf0, 0xff, 0x00, 0x00, 0xff, 0x0f, 0xff, 0xff, 0x00, 0x00, 0x0f, 0xf0, 0xff, 0xff, 0x00, 0x00, 0xff, 0xff, 0xff, 0xff, 0x00, 0x00
.byte 0xff, 0xff, 0xff, 0xff, 0x00, 0x00, 0xff, 0xff, 0xff, 0xff, 0x00, 0x00
.global gUnknown_831678C
gUnknown_831678C:
.byte 0xff, 0xff, 0xff, 0xff, 0x0f, 0x00, 0xff, 0xff, 0xff, 0xf0, 0x0f, 0x00, 0x00, 0x00, 0x00, 0x0f, 0x0f, 0x00, 0xff, 0xff
.byte 0x0f, 0xf0, 0x0f, 0x00, 0xff, 0xff, 0x0f, 0xff, 0x0f, 0x00, 0xff, 0xff, 0x0f, 0xff, 0x0f, 0x00, 0xff, 0xff, 0xf0, 0xff, 0x0f, 0x00, 0xff, 0x0f, 0xff, 0xff, 0x0f, 0x00, 0x0f, 0xf0, 0xff, 0xff
.byte 0x0f, 0x00, 0xff, 0xff, 0xff, 0xff, 0x0f, 0x00, 0xff, 0xff, 0xff, 0xff, 0x0f, 0x00, 0xff, 0xff, 0xff, 0xff, 0x0f, 0x00
.global gUnknown_83167D4
gUnknown_83167D4:
.byte 0xff, 0xff, 0xff, 0xff, 0x0f, 0x00, 0xff, 0xff, 0xff, 0xff, 0x0f, 0x00
.byte 0xff, 0xff, 0xff, 0xff, 0x0f, 0x00, 0xff, 0x00, 0xff, 0xff, 0x0f, 0x00, 0x0f, 0xff, 0xf0, 0xff, 0x0f, 0x00, 0xf0, 0xff, 0x0f, 0xff, 0x0f, 0x00, 0xff, 0xff, 0xff, 0xf0, 0x0f, 0x00, 0xff, 0xff
.byte 0xff, 0x0f, 0x0f, 0x00, 0xff, 0xff, 0xff, 0xff, 0x0f, 0x00, 0xff, 0xff, 0xff, 0xff, 0x0f, 0x00, 0xff, 0xff, 0xff, 0xff, 0x0f, 0x00, 0xff, 0xff, 0xff, 0xff, 0x0f, 0x00
.global gUnknown_831681C
gUnknown_831681C:
.byte 0xff, 0xff, 0xff, 0xff
.byte 0x0f, 0x00, 0xff, 0xff, 0xff, 0xff, 0x0f, 0x00, 0xff, 0xff, 0x0f, 0x0f, 0x0f, 0x00, 0xff, 0x00, 0x0f, 0x0f, 0x0f, 0x00, 0x0f, 0xff, 0xf0, 0xff, 0x0f, 0x00, 0xf0, 0xff, 0x0f, 0xff, 0x0f, 0x00
.byte 0xff, 0xff, 0xff, 0xf0, 0x0f, 0x00, 0xff, 0xff, 0xff, 0x0f, 0x0f, 0x00, 0xff, 0xff, 0xff, 0xff, 0x0f, 0x00, 0xff, 0xff, 0xff, 0xff, 0x0f, 0x00, 0xff, 0xff, 0xff, 0xff, 0x0f, 0x00, 0xff, 0xff
.byte 0xff, 0xff, 0x0f, 0x00
.global gUnknown_8316864
gUnknown_8316864:
.byte 0xff, 0xff, 0xff, 0xff, 0x0f, 0x00, 0xff, 0xff, 0xff, 0xf0, 0x0f, 0x00, 0xff, 0xff, 0x0f, 0x0f, 0x0f, 0x00, 0xff, 0x00, 0xff, 0xf0, 0x0f, 0x00, 0x0f, 0xff, 0xf0, 0xff
.byte 0x0f, 0x00, 0xf0, 0xff, 0x0f, 0xff, 0x0f, 0x00, 0xff, 0xff, 0xff, 0xf0, 0x0f, 0x00, 0xff, 0xff, 0xff, 0x0f, 0x0f, 0x00, 0xff, 0xff, 0xff, 0xff, 0x0f, 0x00, 0xff, 0xff, 0xff, 0xff, 0x0f, 0x00
.byte 0xff, 0xff, 0xff, 0xff, 0x0f, 0x00, 0xff, 0xff, 0xff, 0xff, 0x0f, 0x00
.global gUnknown_83168AC
gUnknown_83168AC:
.byte 0xff, 0xff, 0xff, 0xff, 0x00, 0x00, 0xff, 0x0f, 0xff, 0xff, 0x00, 0x00, 0xff, 0x0f, 0xff, 0xff, 0x00, 0x00, 0x00, 0x00
.byte 0x00, 0xf0, 0x00, 0x00, 0xff, 0x0f, 0xff, 0xff, 0x00, 0x00, 0x0f, 0x0f, 0x0f, 0xff, 0x00, 0x00, 0xf0, 0x0f, 0xff, 0xf0, 0x00, 0x00, 0xf0, 0x0f, 0xff, 0xf0, 0x00, 0x00, 0xff, 0x0f, 0xff, 0xff
.byte 0x00, 0x00, 0xff, 0xff, 0xff, 0xff, 0x00, 0x00, 0xff, 0xff, 0xff, 0xff, 0x00, 0x00, 0xff, 0xff, 0xff, 0xff, 0x00, 0x00
.global gUnknown_83168F4
gUnknown_83168F4:
.byte 0xff, 0xff, 0xff, 0xff, 0x0f, 0x00, 0xff, 0x0f, 0x0f, 0x0f, 0x0f, 0x00
.byte 0xff, 0x0f, 0x0f, 0x0f, 0x0f, 0x00, 0x00, 0x00, 0x00, 0xf0, 0x0f, 0x00, 0xff, 0x0f, 0xff, 0xff, 0x0f, 0x00, 0x0f, 0x0f, 0x0f, 0xff, 0x0f, 0x00, 0xf0, 0x0f, 0xff, 0xf0, 0x0f, 0x00, 0xf0, 0x0f
.byte 0xff, 0xf0, 0x0f, 0x00, 0xff, 0x0f, 0xff, 0xff, 0x0f, 0x00, 0xff, 0xff, 0xff, 0xff, 0x0f, 0x00, 0xff, 0xff, 0xff, 0xff, 0x0f, 0x00, 0xff, 0xff, 0xff, 0xff, 0x0f, 0x00
.global gUnknown_831693C
gUnknown_831693C:
.byte 0xff, 0xff, 0xff, 0xff
.byte 0x0f, 0x00, 0xff, 0x0f, 0xff, 0xf0, 0x0f, 0x00, 0xff, 0x0f, 0x0f, 0x0f, 0x0f, 0x00, 0x00, 0x00, 0xf0, 0xf0, 0x0f, 0x00, 0xff, 0x0f, 0xff, 0xff, 0x0f, 0x00, 0x0f, 0x0f, 0x0f, 0xff, 0x0f, 0x00
.byte 0xf0, 0x0f, 0xff, 0xf0, 0x0f, 0x00, 0xf0, 0x0f, 0xff, 0xf0, 0x0f, 0x00, 0xff, 0x0f, 0xff, 0xff, 0x0f, 0x00, 0xff, 0xff, 0xff, 0xff, 0x0f, 0x00, 0xff, 0xff, 0xff, 0xff, 0x0f, 0x00, 0xff, 0xff
.byte 0xff, 0xff, 0x0f, 0x00
.global gUnknown_8316984
gUnknown_8316984:
.byte 0xff, 0xff, 0xff, 0xff, 0x00, 0x00, 0xff, 0xff, 0xff, 0xff, 0x00, 0x00, 0x00, 0x00, 0x00, 0xf0, 0x00, 0x00, 0xff, 0xff, 0xff, 0xf0, 0x00, 0x00, 0xff, 0xff, 0x0f, 0xff
.byte 0x00, 0x00, 0x0f, 0xff, 0xf0, 0xff, 0x00, 0x00, 0xff, 0x00, 0xff, 0xff, 0x00, 0x00, 0xff, 0x0f, 0xff, 0xff, 0x00, 0x00, 0xff, 0xff, 0xf0, 0xff, 0x00, 0x00, 0xff, 0xff, 0xff, 0xff, 0x00, 0x00
.byte 0xff, 0xff, 0xff, 0xff, 0x00, 0x00, 0xff, 0xff, 0xff, 0xff, 0x00, 0x00
.global gUnknown_83169CC
gUnknown_83169CC:
.byte 0xff, 0xff, 0xff, 0x00, 0x00, 0x00, 0x00, 0xf0, 0xff, 0x00, 0x00, 0x00, 0xff, 0x0f, 0xf0, 0x00, 0x00, 0x00, 0xff, 0xff
.byte 0xff, 0x00, 0x00, 0x00, 0x00, 0xf0, 0xff, 0x00, 0x00, 0x00, 0xff, 0x0f, 0xf0, 0x00, 0x00, 0x00, 0xff, 0xff, 0xff, 0x00, 0x00, 0x00, 0x00, 0xf0, 0xff, 0x00, 0x00, 0x00, 0xff, 0x0f, 0xf0, 0x00
.byte 0x00, 0x00, 0xff, 0xff, 0xff, 0x00, 0x00, 0x00, 0xff, 0xff, 0xff, 0x00, 0x00, 0x00, 0xff, 0xff, 0xff, 0x00, 0x00, 0x00
.global gUnknown_8316A14
gUnknown_8316A14:
.byte 0xff, 0xff, 0xff, 0x0f, 0x00, 0x00, 0xff, 0xf0, 0xff, 0x0f, 0x00, 0x00
.byte 0xff, 0xf0, 0xff, 0x0f, 0x00, 0x00, 0x0f, 0xff, 0xff, 0x0f, 0x00, 0x00, 0x0f, 0xff, 0xff, 0x0f, 0x00, 0x00, 0xf0, 0xff, 0x0f, 0x0f, 0x00, 0x00, 0xf0, 0xff, 0x0f, 0x0f, 0x00, 0x00, 0x00, 0x00
.byte 0x00, 0x0f, 0x00, 0x00, 0xff, 0xff, 0x0f, 0x0f, 0x00, 0x00, 0xff, 0xff, 0xff, 0x0f, 0x00, 0x00, 0xff, 0xff, 0xff, 0x0f, 0x00, 0x00, 0xff, 0xff, 0xff, 0x0f, 0x00, 0x00
.global gUnknown_8316A5C
gUnknown_8316A5C:
.byte 0xff, 0xff, 0xff, 0xff
.byte 0x00, 0x00, 0xff, 0xff, 0xff, 0xff, 0x00, 0x00, 0xff, 0xff, 0x0f, 0xff, 0x00, 0x00, 0x0f, 0xff, 0x0f, 0xff, 0x00, 0x00, 0xff, 0xf0, 0x0f, 0xff, 0x00, 0x00, 0xff, 0x0f, 0xf0, 0xff, 0x00, 0x00
.byte 0xff, 0x0f, 0xf0, 0xff, 0x00, 0x00, 0xff, 0xf0, 0x0f, 0xff, 0x00, 0x00, 0x00, 0xff, 0xff, 0xf0, 0x00, 0x00, 0xff, 0xff, 0xff, 0xff, 0x00, 0x00, 0xff, 0xff, 0xff, 0xff, 0x00, 0x00, 0xff, 0xff
.byte 0xff, 0xff, 0x00, 0x00
.global gUnknown_8316AA4
gUnknown_8316AA4:
.byte 0xff, 0xff, 0xff, 0x0f, 0x00, 0x00, 0xff, 0xff, 0xff, 0x0f, 0x00, 0x00, 0x00, 0x00, 0x00, 0x0f, 0x00, 0x00, 0xff, 0xf0, 0xff, 0x0f, 0x00, 0x00, 0xff, 0xf0, 0xff, 0x0f
.byte 0x00, 0x00, 0x00, 0x00, 0x00, 0x0f, 0x00, 0x00, 0xff, 0xf0, 0xff, 0x0f, 0x00, 0x00, 0xff, 0xf0, 0xff, 0x0f, 0x00, 0x00, 0xff, 0x0f, 0x00, 0x0f, 0x00, 0x00, 0xff, 0xff, 0xff, 0x0f, 0x00, 0x00
.byte 0xff, 0xff, 0xff, 0x0f, 0x00, 0x00, 0xff, 0xff, 0xff, 0x0f, 0x00, 0x00
.global gUnknown_8316AEC
gUnknown_8316AEC:
.byte 0xff, 0xff, 0xff, 0xff, 0x00, 0x00, 0xff, 0xff, 0xff, 0xff, 0x00, 0x00, 0xff, 0xf0, 0xff, 0xff, 0x00, 0x00, 0x00, 0x00
.byte 0x00, 0xf0, 0x00, 0x00, 0xff, 0xf0, 0xff, 0xf0, 0x00, 0x00, 0xff, 0xf0, 0xff, 0xf0, 0x00, 0x00, 0xff, 0x0f, 0x0f, 0xff, 0x00, 0x00, 0xff, 0x0f, 0xff, 0xff, 0x00, 0x00, 0xff, 0x0f, 0xff, 0xff
.byte 0x00, 0x00, 0xff, 0xff, 0xff, 0xff, 0x00, 0x00, 0xff, 0xff, 0xff, 0xff, 0x00, 0x00, 0xff, 0xff, 0xff, 0xff, 0x00, 0x00
.global gUnknown_8316B34
gUnknown_8316B34:
.byte 0xff, 0xff, 0xff, 0xff, 0x00, 0x00, 0xff, 0xff, 0xff, 0xff, 0x00, 0x00
.byte 0xff, 0xff, 0xff, 0xff, 0x00, 0x00, 0x0f, 0x00, 0xf0, 0xff, 0x00, 0x00, 0xff, 0xff, 0xf0, 0xff, 0x00, 0x00, 0xff, 0xff, 0xf0, 0xff, 0x00, 0x00, 0xff, 0xff, 0xf0, 0xff, 0x00, 0x00, 0xff, 0xff
.byte 0xf0, 0xff, 0x00, 0x00, 0x00, 0x00, 0x00, 0xf0, 0x00, 0x00, 0xff, 0xff, 0xff, 0xff, 0x00, 0x00, 0xff, 0xff, 0xff, 0xff, 0x00, 0x00, 0xff, 0xff, 0xff, 0xff, 0x00, 0x00
.global gUnknown_8316B7C
gUnknown_8316B7C:
.byte 0xff, 0xff, 0xff, 0x0f
.byte 0x00, 0x00, 0xff, 0xff, 0xff, 0x0f, 0x00, 0x00, 0x00, 0x00, 0x00, 0x0f, 0x00, 0x00, 0xff, 0xff, 0x0f, 0x0f, 0x00, 0x00, 0xff, 0xff, 0x0f, 0x0f, 0x00, 0x00, 0x00, 0x00, 0x00, 0x0f, 0x00, 0x00
.byte 0xff, 0xff, 0x0f, 0x0f, 0x00, 0x00, 0xff, 0xff, 0x0f, 0x0f, 0x00, 0x00, 0x00, 0x00, 0x00, 0x0f, 0x00, 0x00, 0xff, 0xff, 0xff, 0x0f, 0x00, 0x00, 0xff, 0xff, 0xff, 0x0f, 0x00, 0x00, 0xff, 0xff
.byte 0xff, 0x0f, 0x00, 0x00
.global gUnknown_8316BC4
gUnknown_8316BC4:
.byte 0xff, 0xff, 0xff, 0x0f, 0x00, 0x00, 0x0f, 0x00, 0xf0, 0x0f, 0x00, 0x00, 0xff, 0xff, 0xff, 0x0f, 0x00, 0x00, 0x00, 0x00, 0x00, 0x0f, 0x00, 0x00, 0xff, 0xff, 0x0f, 0x0f
.byte 0x00, 0x00, 0xff, 0xff, 0x0f, 0x0f, 0x00, 0x00, 0xff, 0xff, 0x0f, 0x0f, 0x00, 0x00, 0xff, 0xff, 0xf0, 0x0f, 0x00, 0x00, 0xff, 0x00, 0xff, 0x0f, 0x00, 0x00, 0xff, 0xff, 0xff, 0x0f, 0x00, 0x00
.byte 0xff, 0xff, 0xff, 0x0f, 0x00, 0x00, 0xff, 0xff, 0xff, 0x0f, 0x00, 0x00
.global gUnknown_8316C0C
gUnknown_8316C0C:
.byte 0xff, 0xff, 0xff, 0x00, 0x00, 0x00, 0xff, 0xff, 0xff, 0x00, 0x00, 0x00, 0xf0, 0xff, 0xf0, 0x00, 0x00, 0x00, 0xf0, 0xff
.byte 0xf0, 0x00, 0x00, 0x00, 0xf0, 0xff, 0xf0, 0x00, 0x00, 0x00, 0xff, 0xff, 0xf0, 0x00, 0x00, 0x00, 0xff, 0xff, 0xf0, 0x00, 0x00, 0x00, 0xff, 0x0f, 0xff, 0x00, 0x00, 0x00, 0x0f, 0xf0, 0xff, 0x00
.byte 0x00, 0x00, 0xff, 0xff, 0xff, 0x00, 0x00, 0x00, 0xff, 0xff, 0xff, 0x00, 0x00, 0x00, 0xff, 0xff, 0xff, 0x00, 0x00, 0x00
.global gUnknown_8316C54
gUnknown_8316C54:
.byte 0xff, 0xff, 0xff, 0xff, 0x0f, 0x00, 0xff, 0xff, 0xf0, 0xff, 0x0f, 0x00
.byte 0x0f, 0xff, 0xf0, 0xff, 0x0f, 0x00, 0x0f, 0xff, 0xf0, 0xff, 0x0f, 0x00, 0x0f, 0xff, 0xf0, 0x0f, 0x0f, 0x00, 0x0f, 0xff, 0xf0, 0x0f, 0x0f, 0x00, 0x0f, 0xff, 0xf0, 0xf0, 0x0f, 0x00, 0xf0, 0xff
.byte 0x00, 0xff, 0x0f, 0x00, 0xff, 0xff, 0xf0, 0xff, 0x0f, 0x00, 0xff, 0xff, 0xff, 0xff, 0x0f, 0x00, 0xff, 0xff, 0xff, 0xff, 0x0f, 0x00, 0xff, 0xff, 0xff, 0xff, 0x0f, 0x00
.global gUnknown_8316C9C
gUnknown_8316C9C:
.byte 0xff, 0xff, 0xff, 0x0f
.byte 0x00, 0x00, 0xf0, 0xff, 0xff, 0x0f, 0x00, 0x00, 0xf0, 0xff, 0xff, 0x0f, 0x00, 0x00, 0xf0, 0xff, 0xff, 0x0f, 0x00, 0x00, 0xf0, 0xff, 0x0f, 0x0f, 0x00, 0x00, 0xf0, 0xff, 0x0f, 0x0f, 0x00, 0x00
.byte 0xf0, 0xff, 0xf0, 0x0f, 0x00, 0x00, 0xf0, 0x0f, 0xff, 0x0f, 0x00, 0x00, 0x00, 0xf0, 0xff, 0x0f, 0x00, 0x00, 0xff, 0xff, 0xff, 0x0f, 0x00, 0x00, 0xff, 0xff, 0xff, 0x0f, 0x00, 0x00, 0xff, 0xff
.byte 0xff, 0x0f, 0x00, 0x00
.global gUnknown_8316CE4
gUnknown_8316CE4:
.byte 0xff, 0xff, 0xff, 0x0f, 0x00, 0x00, 0xff, 0xff, 0xff, 0x0f, 0x00, 0x00, 0x00, 0x00, 0x00, 0x0f, 0x00, 0x00, 0xf0, 0xff, 0x0f, 0x0f, 0x00, 0x00, 0xf0, 0xff, 0x0f, 0x0f
.byte 0x00, 0x00, 0xf0, 0xff, 0x0f, 0x0f, 0x00, 0x00, 0xf0, 0xff, 0x0f, 0x0f, 0x00, 0x00, 0xf0, 0xff, 0x0f, 0x0f, 0x00, 0x00, 0x00, 0x00, 0x00, 0x0f, 0x00, 0x00, 0xff, 0xff, 0xff, 0x0f, 0x00, 0x00
.byte 0xff, 0xff, 0xff, 0x0f, 0x00, 0x00, 0xff, 0xff, 0xff, 0x0f, 0x00, 0x00
.global gUnknown_8316D2C
gUnknown_8316D2C:
.byte 0xff, 0xff, 0xff, 0x0f, 0x00, 0x00, 0xff, 0xff, 0xff, 0x0f, 0x00, 0x00, 0x00, 0x00, 0x00, 0x0f, 0x00, 0x00, 0xf0, 0xff
.byte 0x0f, 0x0f, 0x00, 0x00, 0xf0, 0xff, 0x0f, 0x0f, 0x00, 0x00, 0xff, 0xff, 0x0f, 0x0f, 0x00, 0x00, 0xff, 0xff, 0x0f, 0x0f, 0x00, 0x00, 0xff, 0xff, 0xf0, 0x0f, 0x00, 0x00, 0xff, 0x00, 0xff, 0x0f
.byte 0x00, 0x00, 0xff, 0xff, 0xff, 0x0f, 0x00, 0x00, 0xff, 0xff, 0xff, 0x0f, 0x00, 0x00, 0xff, 0xff, 0xff, 0x0f, 0x00, 0x00
.global gUnknown_8316D74
gUnknown_8316D74:
.byte 0xff, 0xff, 0xff, 0x0f, 0x00, 0x00, 0xff, 0xff, 0xff, 0x0f, 0x00, 0x00
.byte 0x00, 0x00, 0x00, 0x0f, 0x00, 0x00, 0xff, 0xff, 0x0f, 0x0f, 0x00, 0x00, 0xff, 0xff, 0x0f, 0x0f, 0x00, 0x00, 0x00, 0x00, 0x00, 0x0f, 0x00, 0x00, 0xff, 0xff, 0x0f, 0x0f, 0x00, 0x00, 0xff, 0xff
.byte 0xf0, 0x0f, 0x00, 0x00, 0x0f, 0x00, 0xff, 0x0f, 0x00, 0x00, 0xff, 0xff, 0xff, 0x0f, 0x00, 0x00, 0xff, 0xff, 0xff, 0x0f, 0x00, 0x00, 0xff, 0xff, 0xff, 0x0f, 0x00, 0x00
.global gUnknown_8316DBC
gUnknown_8316DBC:
.byte 0xff, 0xff, 0xff, 0xff
.byte 0x00, 0x00, 0xff, 0xff, 0xff, 0xff, 0x00, 0x00, 0x00, 0xff, 0xff, 0xff, 0x00, 0x00, 0xff, 0xf0, 0xff, 0xf0, 0x00, 0x00, 0xff, 0xff, 0xff, 0xf0, 0x00, 0x00, 0xff, 0xff, 0xff, 0xf0, 0x00, 0x00
.byte 0xff, 0xff, 0x0f, 0xff, 0x00, 0x00, 0xff, 0x0f, 0xf0, 0xff, 0x00, 0x00, 0x00, 0xf0, 0xff, 0xff, 0x00, 0x00, 0xff, 0xff, 0xff, 0xff, 0x00, 0x00, 0xff, 0xff, 0xff, 0xff, 0x00, 0x00, 0xff, 0xff
.byte 0xff, 0xff, 0x00, 0x00
.global gUnknown_8316E04
gUnknown_8316E04:
.byte 0xff, 0xff, 0xff, 0x00, 0x00, 0x00, 0xff, 0x00, 0xff, 0x00, 0x00, 0x00, 0x0f, 0xff, 0xf0, 0x00, 0x00, 0x00, 0x0f, 0xff, 0xf0, 0x00, 0x00, 0x00, 0x0f, 0xff, 0xf0, 0x00
.byte 0x00, 0x00, 0x0f, 0xff, 0xf0, 0x00, 0x00, 0x00, 0x0f, 0xff, 0xf0, 0x00, 0x00, 0x00, 0x0f, 0xff, 0xf0, 0x00, 0x00, 0x00, 0xff, 0x00, 0xff, 0x00, 0x00, 0x00, 0xff, 0xff, 0xff, 0x00, 0x00, 0x00
.byte 0xff, 0xff, 0xff, 0x00, 0x00, 0x00, 0x00, 0x00, 0x00, 0x00, 0x00, 0x00
.global gUnknown_8316E4C
gUnknown_8316E4C:
.byte 0xff, 0xff, 0xff, 0x00, 0x00, 0x00, 0xff, 0x0f, 0xff, 0x00, 0x00, 0x00, 0xff, 0x00, 0xff, 0x00, 0x00, 0x00, 0xff, 0x0f
.byte 0xff, 0x00, 0x00, 0x00, 0xff, 0x0f, 0xff, 0x00, 0x00, 0x00, 0xff, 0x0f, 0xff, 0x00, 0x00, 0x00, 0xff, 0x0f, 0xff, 0x00, 0x00, 0x00, 0xff, 0x0f, 0xff, 0x00, 0x00, 0x00, 0xff, 0x00, 0xf0, 0x00
.byte 0x00, 0x00, 0xff, 0xff, 0xff, 0x00, 0x00, 0x00, 0xff, 0xff, 0xff, 0x00, 0x00, 0x00, 0x00, 0x00, 0x00, 0x00, 0x00, 0x00
.global gUnknown_8316E94
gUnknown_8316E94:
.byte 0xff, 0xff, 0xff, 0x00, 0x00, 0x00, 0xff, 0x00, 0xff, 0x00, 0x00, 0x00
.byte 0x0f, 0xff, 0xf0, 0x00, 0x00, 0x00, 0x0f, 0xff, 0xf0, 0x00, 0x00, 0x00, 0xff, 0x0f, 0xff, 0x00, 0x00, 0x00, 0xff, 0xf0, 0xff, 0x00, 0x00, 0x00, 0xff, 0xf0, 0xff, 0x00, 0x00, 0x00, 0x0f, 0xff
.byte 0xff, 0x00, 0x00, 0x00, 0x0f, 0x00, 0xf0, 0x00, 0x00, 0x00, 0xff, 0xff, 0xff, 0x00, 0x00, 0x00, 0xff, 0xff, 0xff, 0x00, 0x00, 0x00, 0x00, 0x00, 0x00, 0x00, 0x00, 0x00
.global gUnknown_8316EDC
gUnknown_8316EDC:
.byte 0xff, 0xff, 0xff, 0x00
.byte 0x00, 0x00, 0xff, 0x00, 0xff, 0x00, 0x00, 0x00, 0x0f, 0xff, 0xf0, 0x00, 0x00, 0x00, 0xff, 0xff, 0xf0, 0x00, 0x00, 0x00, 0xff, 0x00, 0xff, 0x00, 0x00, 0x00, 0xff, 0xff, 0xf0, 0x00, 0x00, 0x00
.byte 0xff, 0xff, 0xf0, 0x00, 0x00, 0x00, 0x0f, 0xff, 0xf0, 0x00, 0x00, 0x00, 0xff, 0x00, 0xff, 0x00, 0x00, 0x00, 0xff, 0xff, 0xff, 0x00, 0x00, 0x00, 0xff, 0xff, 0xff, 0x00, 0x00, 0x00, 0x00, 0x00
.byte 0x00, 0x00, 0x00, 0x00
.global gUnknown_8316F24
gUnknown_8316F24:
.byte 0xff, 0xff, 0xff, 0x00, 0x00, 0x00, 0xff, 0x0f, 0xff, 0x00, 0x00, 0x00, 0xff, 0x00, 0xff, 0x00, 0x00, 0x00, 0xff, 0x00, 0xff, 0x00, 0x00, 0x00, 0x0f, 0x0f, 0xff, 0x00
.byte 0x00, 0x00, 0x0f, 0x0f, 0xff, 0x00, 0x00, 0x00, 0x0f, 0x00, 0xf0, 0x00, 0x00, 0x00, 0xff, 0x0f, 0xff, 0x00, 0x00, 0x00, 0xff, 0x0f, 0xff, 0x00, 0x00, 0x00, 0xff, 0xff, 0xff, 0x00, 0x00, 0x00
.byte 0xff, 0xff, 0xff, 0x00, 0x00, 0x00, 0x00, 0x00, 0x00, 0x00, 0x00, 0x00
.global gUnknown_8316F6C
gUnknown_8316F6C:
.byte 0xff, 0xff, 0xff, 0x00, 0x00, 0x00, 0x0f, 0x00, 0xf0, 0x00, 0x00, 0x00, 0x0f, 0xff, 0xff, 0x00, 0x00, 0x00, 0x0f, 0xff
.byte 0xff, 0x00, 0x00, 0x00, 0x0f, 0x00, 0xff, 0x00, 0x00, 0x00, 0xff, 0xff, 0xf0, 0x00, 0x00, 0x00, 0xff, 0xff, 0xf0, 0x00, 0x00, 0x00, 0x0f, 0xff, 0xf0, 0x00, 0x00, 0x00, 0xff, 0x00, 0xff, 0x00
.byte 0x00, 0x00, 0xff, 0xff, 0xff, 0x00, 0x00, 0x00, 0xff, 0xff, 0xff, 0x00, 0x00, 0x00, 0x00, 0x00, 0x00, 0x00, 0x00, 0x00
.global gUnknown_8316FB4
gUnknown_8316FB4:
.byte 0xff, 0xff, 0xff, 0x00, 0x00, 0x00, 0xff, 0x00, 0xff, 0x00, 0x00, 0x00
.byte 0x0f, 0xff, 0xf0, 0x00, 0x00, 0x00, 0x0f, 0xff, 0xff, 0x00, 0x00, 0x00, 0x0f, 0x00, 0xff, 0x00, 0x00, 0x00, 0x0f, 0xff, 0xf0, 0x00, 0x00, 0x00, 0x0f, 0xff, 0xf0, 0x00, 0x00, 0x00, 0x0f, 0xff
.byte 0xf0, 0x00, 0x00, 0x00, 0xff, 0x00, 0xff, 0x00, 0x00, 0x00, 0xff, 0xff, 0xff, 0x00, 0x00, 0x00, 0xff, 0xff, 0xff, 0x00, 0x00, 0x00, 0x00, 0x00, 0x00, 0x00, 0x00, 0x00
.global gUnknown_8316FFC
gUnknown_8316FFC:
.byte 0xff, 0xff, 0xff, 0x00
.byte 0x00, 0x00, 0x0f, 0x00, 0xf0, 0x00, 0x00, 0x00, 0xff, 0xff, 0xf0, 0x00, 0x00, 0x00, 0xff, 0x0f, 0xff, 0x00, 0x00, 0x00, 0xff, 0x0f, 0xff, 0x00, 0x00, 0x00, 0xff, 0xf0, 0xff, 0x00, 0x00, 0x00
.byte 0xff, 0xf0, 0xff, 0x00, 0x00, 0x00, 0x0f, 0xff, 0xff, 0x00, 0x00, 0x00, 0x0f, 0xff, 0xff, 0x00, 0x00, 0x00, 0xff, 0xff, 0xff, 0x00, 0x00, 0x00, 0xff, 0xff, 0xff, 0x00, 0x00, 0x00, 0x00, 0x00
.byte 0x00, 0x00, 0x00, 0x00
.global gUnknown_8317044
gUnknown_8317044:
.byte 0xff, 0xff, 0xff, 0x00, 0x00, 0x00, 0xff, 0x00, 0xff, 0x00, 0x00, 0x00, 0x0f, 0xff, 0xf0, 0x00, 0x00, 0x00, 0x0f, 0xff, 0xf0, 0x00, 0x00, 0x00, 0xff, 0x00, 0xff, 0x00
.byte 0x00, 0x00, 0x0f, 0xff, 0xf0, 0x00, 0x00, 0x00, 0x0f, 0xff, 0xf0, 0x00, 0x00, 0x00, 0x0f, 0xff, 0xf0, 0x00, 0x00, 0x00, 0xff, 0x00, 0xff, 0x00, 0x00, 0x00, 0xff, 0xff, 0xff, 0x00, 0x00, 0x00
.byte 0xff, 0xff, 0xff, 0x00, 0x00, 0x00, 0x00, 0x00, 0x00, 0x00, 0x00, 0x00
.global gUnknown_831708C
gUnknown_831708C:
.byte 0xff, 0xff, 0xff, 0x00, 0x00, 0x00, 0xff, 0x00, 0xff, 0x00, 0x00, 0x00, 0x0f, 0xff, 0xf0, 0x00, 0x00, 0x00, 0x0f, 0xff
.byte 0xf0, 0x00, 0x00, 0x00, 0x0f, 0xff, 0xf0, 0x00, 0x00, 0x00, 0xff, 0x00, 0xf0, 0x00, 0x00, 0x00, 0xff, 0xff, 0xf0, 0x00, 0x00, 0x00, 0x0f, 0xff, 0xf0, 0x00, 0x00, 0x00, 0xff, 0x00, 0xff, 0x00
.byte 0x00, 0x00, 0xff, 0xff, 0xff, 0x00, 0x00, 0x00, 0xff, 0xff, 0xff, 0x00, 0x00, 0x00, 0x00, 0x00, 0x00, 0x00, 0x00, 0x00
.global gUnknown_83170D4
gUnknown_83170D4:
.byte 0x00, 0x00, 0x00, 0x00, 0x00, 0x00, 0x77, 0x37, 0x00, 0x00, 0x00, 0x00
.byte 0x37, 0x73, 0x03, 0x00, 0x00, 0x00, 0x77, 0x37, 0x03, 0x00, 0x00, 0x00, 0x37, 0x33, 0x77, 0x03, 0x00, 0x00, 0x37, 0x70, 0x33, 0x37, 0x00, 0x00, 0x33, 0x70, 0x03, 0x37, 0x00, 0x00, 0x00, 0x70
.byte 0x03, 0x37, 0x00, 0x00, 0x00, 0x30, 0x77, 0x33, 0x00, 0x00, 0x00, 0x00, 0x33, 0x03, 0x00, 0x00, 0x00, 0x00, 0x00, 0x00, 0x00, 0x00, 0x00, 0x00, 0x00, 0x00, 0x00, 0x00
.global gUnknown_831711C
gUnknown_831711C:
.byte 0x00, 0x30, 0x33, 0x03
.byte 0x00, 0x00, 0x00, 0x73, 0x77, 0x37, 0x00, 0x00, 0x30, 0x77, 0x77, 0xa7, 0x03, 0x00, 0x93, 0x22, 0x22, 0x22, 0x39, 0x00, 0x73, 0x29, 0x22, 0x92, 0x37, 0x00, 0x73, 0x97, 0x22, 0x79, 0x37, 0x00
.byte 0x73, 0xa7, 0x99, 0x7a, 0x37, 0x00, 0x73, 0x7a, 0x77, 0xa7, 0x37, 0x00, 0xa3, 0x77, 0x77, 0x77, 0x3a, 0x00, 0x33, 0x33, 0x33, 0x33, 0x33, 0x00, 0x00, 0x00, 0x00, 0x00, 0x00, 0x00, 0x00, 0x00
.byte 0x00, 0x00, 0x00, 0x00
.global gUnknown_8317164
gUnknown_8317164:
.byte 0x33, 0x33, 0x33, 0x33, 0x00, 0x00, 0x73, 0x22, 0xe7, 0x3e, 0x00, 0x00, 0xe3, 0x77, 0x77, 0x37, 0x00, 0x00, 0xe3, 0x77, 0x77, 0x32, 0x00, 0x00, 0x73, 0x77, 0x77, 0x32
.byte 0x00, 0x00, 0x23, 0x77, 0x77, 0x37, 0x00, 0x00, 0x23, 0x77, 0x77, 0x3e, 0x00, 0x00, 0x73, 0x77, 0x77, 0x3e, 0x00, 0x00, 0xe3, 0x7e, 0x22, 0x37, 0x00, 0x00, 0x33, 0x33, 0x33, 0x33, 0x00, 0x00
.byte 0x00, 0x00, 0x00, 0x00, 0x00, 0x00, 0x00, 0x00, 0x00, 0x00, 0x00, 0x00
.global gUnknown_83171AC
gUnknown_83171AC:
.byte 0x30, 0x33, 0x33, 0x33, 0x00, 0x00, 0x83, 0x88, 0x88, 0x88, 0x03, 0x00, 0x63, 0x66, 0x68, 0x66, 0x03, 0x00, 0x63, 0x88
.byte 0x68, 0x68, 0x03, 0x00, 0x63, 0x68, 0x68, 0x68, 0x03, 0x00, 0x63, 0x68, 0x68, 0x68, 0x03, 0x00, 0x63, 0x66, 0x68, 0x66, 0x03, 0x00, 0x83, 0x88, 0x88, 0x88, 0x03, 0x00, 0x30, 0x33, 0x33, 0x33
.byte 0x00, 0x00, 0x00, 0x00, 0x00, 0x00, 0x00, 0x00, 0x00, 0x00, 0x00, 0x00, 0x00, 0x00, 0x00, 0x00, 0x00, 0x00, 0x00, 0x00
.global gUnknown_83171F4
gUnknown_83171F4:
.byte 0x33, 0x33, 0x33, 0x33, 0x03, 0x00, 0x73, 0x77, 0x77, 0x77, 0x03, 0x00
.byte 0x73, 0x99, 0xa9, 0x7a, 0x03, 0x00, 0x73, 0x77, 0x77, 0x77, 0x03, 0x00, 0x73, 0xaa, 0xa7, 0x79, 0x03, 0x00, 0x73, 0x77, 0x97, 0x7a, 0x03, 0x00, 0x73, 0xaa, 0xa7, 0x7a, 0x03, 0x00, 0x73, 0x77
.byte 0x77, 0x77, 0x03, 0x00, 0x73, 0xaa, 0x99, 0x7a, 0x03, 0x00, 0x33, 0x33, 0x33, 0x33, 0x03, 0x00, 0x00, 0x00, 0x00, 0x00, 0x00, 0x00, 0x00, 0x00, 0x00, 0x00, 0x00, 0x00
.global gUnknown_831723C
gUnknown_831723C:
.byte 0x00, 0x00, 0x00, 0x00
.byte 0x00, 0x00, 0x37, 0x37, 0x00, 0x00, 0x00, 0x00, 0x37, 0x37, 0x00, 0x07, 0x00, 0x00, 0x77, 0x33, 0x77, 0x03, 0x00, 0x00, 0x37, 0x37, 0x33, 0x00, 0x00, 0x00, 0x37, 0x37, 0x77, 0x03, 0x00, 0x00
.byte 0x33, 0x73, 0x77, 0x07, 0x00, 0x00, 0x00, 0x70, 0x33, 0x03, 0x00, 0x00, 0x00, 0x30, 0x77, 0x07, 0x00, 0x00, 0x00, 0x00, 0x33, 0x03, 0x00, 0x00, 0x00, 0x00, 0x00, 0x00, 0x00, 0x00, 0x00, 0x00
.byte 0x00, 0x00, 0x00, 0x00
.global gUnknown_8317284
gUnknown_8317284:
.byte 0x00, 0x00, 0x00, 0x00, 0x00, 0x00, 0x00, 0x00, 0x00, 0x00, 0x00, 0x00, 0x00, 0x00, 0x00, 0x00, 0x00, 0x00, 0x00, 0x00, 0x00, 0x00, 0x00, 0x00, 0x30, 0x33, 0x33, 0x03
.byte 0x00, 0x00, 0x73, 0x77, 0x77, 0x37, 0x00, 0x00, 0x30, 0x33, 0x33, 0x03, 0x00, 0x00, 0x00, 0x00, 0x00, 0x00, 0x00, 0x00, 0x00, 0x00, 0x00, 0x00, 0x00, 0x00, 0x00, 0x00, 0x00, 0x00, 0x00, 0x00
.byte 0x00, 0x00, 0x00, 0x00, 0x00, 0x00, 0x00, 0x00, 0x00, 0x00, 0x00, 0x00
.global gUnknown_83172CC
gUnknown_83172CC:
.byte 0x00, 0xaa, 0xaa, 0xaa, 0x00, 0x00, 0x90, 0xa3, 0xaa, 0x3a, 0x09, 0x00, 0x3a, 0x38, 0xaa, 0x83, 0xa8, 0x00, 0xaa, 0x88
.byte 0x33, 0x88, 0xaa, 0x00, 0xaa, 0x3a, 0x88, 0xa8, 0xaa, 0x00, 0xaa, 0x83, 0x88, 0x38, 0xaa, 0x00, 0x3a, 0x88, 0xaa, 0x88, 0xa3, 0x00, 0xa8, 0xa8, 0xaa, 0x8a, 0x8a, 0x00, 0x80, 0xaa, 0xaa, 0xaa
.byte 0x08, 0x00, 0x00, 0x88, 0x88, 0x88, 0x00, 0x00, 0x00, 0x00, 0x00, 0x00, 0x00, 0x00, 0x00, 0x00, 0x00, 0x00, 0x00, 0x00
.global gUnknown_8317314
gUnknown_8317314:
.byte 0x00, 0xaa, 0xaa, 0xaa, 0x00, 0x00, 0x90, 0xa3, 0xaa, 0x3a, 0x09, 0x00
.byte 0x3a, 0x38, 0xaa, 0x83, 0xa8, 0x00, 0xaa, 0x88, 0x33, 0x88, 0xaa, 0x00, 0xaa, 0x8a, 0x88, 0xa8, 0xaa, 0x00, 0xaa, 0xaa, 0x88, 0xaa, 0xaa, 0x00, 0xaa, 0xaa, 0x83, 0xaa, 0xaa, 0x00, 0xa8, 0xaa
.byte 0x83, 0xaa, 0x8a, 0x00, 0x80, 0xaa, 0xaa, 0xaa, 0x08, 0x00, 0x00, 0x88, 0x88, 0x88, 0x00, 0x00, 0x00, 0x00, 0x00, 0x00, 0x00, 0x00, 0x00, 0x00, 0x00, 0x00, 0x00, 0x00
.global gUnknown_831735C
gUnknown_831735C:
.byte 0x00, 0x00, 0x00, 0x00
.byte 0x00, 0x00, 0x00, 0x00, 0x00, 0x00, 0x00, 0x00, 0x00, 0x00, 0x00, 0x00, 0x00, 0x00, 0x00, 0xf0, 0x00, 0xf0, 0x0f, 0x00, 0x00, 0xf0, 0x00, 0x0f, 0x00, 0x00, 0x00, 0x0f, 0xff, 0x00, 0x00, 0x00
.byte 0x00, 0x0f, 0xf0, 0x00, 0x00, 0x00, 0x00, 0x0f, 0xf0, 0x00, 0x00, 0x00, 0xf0, 0x00, 0xf0, 0x00, 0x0f, 0x00, 0xf0, 0x00, 0x00, 0xff, 0x00, 0x00, 0x00, 0x00, 0x00, 0x00, 0x00, 0x00, 0x00, 0x00
.byte 0x00, 0x00, 0x00, 0x00
.global gUnknown_83173A4
gUnknown_83173A4:
.byte 0x00, 0xaa, 0xaa, 0xaa, 0x00, 0x00, 0xa0, 0x33, 0x33, 0xa3, 0x0a, 0x00, 0xaa, 0x83, 0xaa, 0x33, 0xaa, 0x00, 0xaa, 0x83, 0xaa, 0x83, 0xaa, 0x00, 0xaa, 0x83, 0x33, 0xa3
.byte 0xaa, 0x00, 0xaa, 0x83, 0xaa, 0x38, 0xaa, 0x00, 0xaa, 0x83, 0xaa, 0x83, 0xaa, 0x00, 0xa8, 0x83, 0xaa, 0x83, 0x8a, 0x00, 0x80, 0xaa, 0xaa, 0xaa, 0x08, 0x00, 0x00, 0x88, 0x88, 0x88, 0x00, 0x00
.byte 0x00, 0x00, 0x00, 0x00, 0x00, 0x00, 0x00, 0x00, 0x00, 0x00, 0x00, 0x00
.global gUnknown_83173EC
gUnknown_83173EC:
.byte 0x00, 0x00, 0x00, 0x00, 0x00, 0x00, 0x00, 0x00, 0x00, 0x00, 0x00, 0x00, 0x33, 0x33, 0x33, 0x33, 0x33, 0x00, 0xa3, 0x77
.byte 0x77, 0x77, 0x39, 0x00, 0x73, 0x79, 0x77, 0x97, 0x37, 0x00, 0x73, 0x97, 0x77, 0x79, 0x37, 0x00, 0x73, 0xa7, 0x99, 0x7a, 0x37, 0x00, 0x73, 0x7a, 0x77, 0xa7, 0x37, 0x00, 0xa3, 0x77, 0x77, 0x77
.byte 0x3a, 0x00, 0x33, 0x33, 0x33, 0x33, 0x33, 0x00, 0x00, 0x00, 0x00, 0x00, 0x00, 0x00, 0x00, 0x00, 0x00, 0x00, 0x00, 0x00
.global gUnknown_8317434
gUnknown_8317434:
.byte 0x00, 0x00, 0x00, 0x00, 0x00, 0x00, 0x00, 0x00, 0x00, 0x00, 0x00, 0x00
.byte 0x00, 0x00, 0x00, 0x00, 0x00, 0x00, 0x00, 0x00, 0x00, 0x00, 0x00, 0x00, 0x00, 0x00, 0x00, 0x00, 0x00, 0x00, 0x00, 0x00, 0x00, 0x00, 0x00, 0x00, 0x00, 0x00, 0x00, 0x00, 0x00, 0x00, 0x00, 0x00
.byte 0x00, 0x00, 0x00, 0x00, 0x00, 0x00, 0x00, 0x00, 0x00, 0x00, 0x00, 0x00, 0x00, 0x00, 0x00, 0x00, 0x00, 0x00, 0x00, 0x00, 0x00, 0x00, 0x00, 0x00, 0x00, 0x00, 0x00, 0x00
.global gUnknown_831747C
gUnknown_831747C:
.byte 0x00, 0x00, 0x00, 0x00
.byte 0x00, 0x00, 0x00, 0x00, 0x00, 0x00, 0x00, 0x00, 0x00, 0x00, 0x00, 0x00, 0x00, 0x00, 0x00, 0x00, 0x00, 0x00, 0x00, 0x00, 0x70, 0x77, 0x37, 0x00, 0x00, 0x00, 0x70, 0x33, 0x03, 0x00, 0x00, 0x00
.byte 0x70, 0x77, 0x37, 0x00, 0x00, 0x00, 0x70, 0x33, 0x03, 0x00, 0x00, 0x00, 0x70, 0x77, 0x37, 0x00, 0x00, 0x00, 0x00, 0x00, 0x00, 0x00, 0x00, 0x00, 0x00, 0x00, 0x00, 0x00, 0x00, 0x00, 0x00, 0x00
.byte 0x00, 0x00, 0x00, 0x00
.global gUnknown_83174C4
gUnknown_83174C4:
.byte 0x00, 0x00, 0x00, 0x00, 0x00, 0x00, 0x00, 0x00, 0x00, 0x00, 0x00, 0x00, 0x00, 0x60, 0x03, 0x00, 0x00, 0x00, 0x00, 0x72, 0x32, 0x00, 0x00, 0x00, 0x76, 0x77, 0x26, 0x32
.byte 0x00, 0x00, 0x00, 0x76, 0x32, 0x00, 0x00, 0x00, 0x20, 0x67, 0x27, 0x03, 0x00, 0x00, 0x60, 0x32, 0x62, 0x03, 0x00, 0x00, 0x00, 0x33, 0x30, 0x03, 0x00, 0x00, 0x00, 0x00, 0x00, 0x00, 0x00, 0x00
.byte 0x00, 0x00, 0x00, 0x00, 0x00, 0x00, 0x00, 0x00, 0x00, 0x00, 0x00, 0x00
.global gUnknown_831750C
gUnknown_831750C:
.byte 0x00, 0x60, 0x03, 0x00, 0x00, 0x00, 0x00, 0x72, 0x32, 0x00, 0x00, 0x00, 0x76, 0x77, 0x26, 0x32, 0x00, 0x00, 0x00, 0x76
.byte 0x32, 0x00, 0x00, 0x00, 0x20, 0x77, 0x77, 0x37, 0x00, 0x00, 0x60, 0x72, 0x33, 0x03, 0x00, 0x00, 0x00, 0x73, 0x77, 0x37, 0x00, 0x00, 0x00, 0x70, 0x33, 0x03, 0x00, 0x00, 0x00, 0x70, 0x77, 0x37
.byte 0x00, 0x00, 0x00, 0x00, 0x00, 0x00, 0x00, 0x00, 0x00, 0x00, 0x00, 0x00, 0x00, 0x00, 0x00, 0x00, 0x00, 0x00, 0x00, 0x00
.global gUnknown_8317554
gUnknown_8317554:
.byte 0x33, 0x00, 0x00, 0x30, 0x03, 0x00, 0x23, 0x03, 0x00, 0x23, 0x03, 0x00
.byte 0x30, 0x32, 0x30, 0x32, 0x00, 0x00, 0x00, 0x63, 0x63, 0x03, 0x00, 0x00, 0x00, 0x30, 0x36, 0x00, 0x00, 0x00, 0x00, 0x63, 0x63, 0x03, 0x00, 0x00, 0x30, 0x32, 0x30, 0x32, 0x00, 0x00, 0x23, 0x03
.byte 0x00, 0x23, 0x03, 0x00, 0x33, 0x00, 0x00, 0x30, 0x03, 0x00, 0x00, 0x00, 0x00, 0x00, 0x00, 0x00, 0x00, 0x00, 0x00, 0x00, 0x00, 0x00, 0x00, 0x00, 0x00, 0x00, 0x00, 0x00
.global gUnknown_831759C
gUnknown_831759C:
.byte 0x00, 0x30, 0x33, 0x33
.byte 0x03, 0x00, 0x00, 0x33, 0x77, 0x77, 0x33, 0x00, 0x30, 0x77, 0x77, 0x77, 0x77, 0x03, 0x73, 0x77, 0x77, 0x77, 0x77, 0x37, 0x73, 0x77, 0x77, 0x77, 0x77, 0x37, 0x73, 0x77, 0x77, 0x77, 0x77, 0x37
.byte 0x30, 0x77, 0x77, 0x77, 0x77, 0x03, 0x00, 0x33, 0x77, 0x77, 0x37, 0x00, 0x00, 0x30, 0x33, 0x73, 0x37, 0x33, 0x00, 0x00, 0x00, 0x73, 0x77, 0x03, 0x00, 0x00, 0x00, 0x30, 0x33, 0x00, 0x00, 0x00
.byte 0x00, 0x00, 0x00, 0x00
.global gUnknown_83175E4
gUnknown_83175E4:
.byte 0x00, 0x00, 0x00, 0x00, 0x00, 0x00, 0x00, 0x00, 0x00, 0x00, 0x00, 0x00, 0x00, 0x00, 0x00, 0x00, 0x00, 0x00, 0x00, 0x00, 0x00, 0x00, 0x00, 0x00, 0x00, 0x00, 0x00, 0x00
.byte 0x00, 0x00, 0x00, 0x00, 0x03, 0x03, 0x00, 0x00, 0x00, 0x30, 0x32, 0x32, 0x00, 0x00, 0x00, 0x30, 0x22, 0x32, 0x00, 0x00, 0x00, 0x00, 0x23, 0x03, 0x00, 0x00, 0x00, 0x00, 0x30, 0x00, 0x00, 0x00
.byte 0x00, 0x00, 0x00, 0x00, 0x00, 0x00, 0x00, 0x00, 0x00, 0x00, 0x00, 0x00
.global gUnknown_831762C
gUnknown_831762C:
.byte 0x00, 0x00, 0x00, 0x00, 0x00, 0x00, 0x00, 0x00, 0x00, 0x00, 0x00, 0x00, 0x00, 0x00, 0x00, 0x00, 0x00, 0x00, 0x00, 0x30
.byte 0x03, 0x33, 0x00, 0x00, 0x00, 0x23, 0x32, 0x22, 0x03, 0x00, 0x00, 0x23, 0x22, 0x22, 0x03, 0x00, 0x00, 0x23, 0x22, 0x22, 0x03, 0x00, 0x00, 0x30, 0x22, 0x32, 0x00, 0x00, 0x00, 0x00, 0x23, 0x03
.byte 0x00, 0x00, 0x00, 0x00, 0x30, 0x00, 0x00, 0x00, 0x00, 0x00, 0x00, 0x00, 0x00, 0x00, 0x00, 0x00, 0x00, 0x00, 0x00, 0x00
.global gUnknown_8317674
gUnknown_8317674:
.byte 0x00, 0x00, 0x00, 0x00, 0x00, 0x00, 0x00, 0x00, 0x00, 0x00, 0x00, 0x00
.byte 0x00, 0x30, 0x03, 0x33, 0x00, 0x00, 0x00, 0x23, 0x32, 0x22, 0x03, 0x00, 0x30, 0x22, 0x22, 0x22, 0x32, 0x00, 0x30, 0x22, 0x22, 0x22, 0x32, 0x00, 0x00, 0x23, 0x22, 0x22, 0x03, 0x00, 0x00, 0x30
.byte 0x22, 0x32, 0x00, 0x00, 0x00, 0x00, 0x23, 0x03, 0x00, 0x00, 0x00, 0x00, 0x30, 0x00, 0x00, 0x00, 0x00, 0x00, 0x00, 0x00, 0x00, 0x00, 0x00, 0x00, 0x00, 0x00, 0x00, 0x00
.global gUnknown_83176BC
gUnknown_83176BC:
.byte 0x00, 0x33, 0x00, 0x30
.byte 0x03, 0x00, 0x30, 0x22, 0x03, 0x23, 0x32, 0x00, 0x23, 0x22, 0x32, 0x22, 0x22, 0x03, 0x23, 0x22, 0x22, 0x22, 0x22, 0x03, 0x23, 0x22, 0x22, 0x22, 0x22, 0x03, 0x30, 0x22, 0x22, 0x22, 0x32, 0x00
.byte 0x00, 0x23, 0x22, 0x22, 0x03, 0x00, 0x00, 0x30, 0x22, 0x32, 0x00, 0x00, 0x00, 0x00, 0x23, 0x03, 0x00, 0x00, 0x00, 0x00, 0x30, 0x00, 0x00, 0x00, 0x00, 0x00, 0x00, 0x00, 0x00, 0x00, 0x00, 0x00
.byte 0x00, 0x00, 0x00, 0x00
.global gUnknown_8317704
gUnknown_8317704:
.byte 0x00, 0x00, 0x00, 0x00, 0x00, 0x00, 0x00, 0x00, 0x00, 0x00, 0x00, 0x00, 0x00, 0x00, 0x00, 0x00, 0x00, 0x00, 0x00, 0x00, 0x00, 0x00, 0x00, 0x00, 0x00, 0x00, 0x00, 0x00
.byte 0x00, 0x00, 0x00, 0x00, 0x03, 0x03, 0x00, 0x00, 0x00, 0x30, 0x36, 0x36, 0x00, 0x00, 0x00, 0x30, 0x66, 0x36, 0x00, 0x00, 0x00, 0x00, 0x63, 0x03, 0x00, 0x00, 0x00, 0x00, 0x30, 0x00, 0x00, 0x00
.byte 0x00, 0x00, 0x00, 0x00, 0x00, 0x00, 0x00, 0x00, 0x00, 0x00, 0x00, 0x00
.global gUnknown_831774C
gUnknown_831774C:
.byte 0x00, 0x00, 0x00, 0x00, 0x00, 0x00, 0x00, 0x00, 0x00, 0x00, 0x00, 0x00, 0x00, 0x00, 0x00, 0x00, 0x00, 0x00, 0x00, 0x30
.byte 0x03, 0x33, 0x00, 0x00, 0x00, 0x63, 0x36, 0x66, 0x03, 0x00, 0x00, 0x63, 0x66, 0x66, 0x03, 0x00, 0x00, 0x63, 0x66, 0x66, 0x03, 0x00, 0x00, 0x30, 0x66, 0x36, 0x00, 0x00, 0x00, 0x00, 0x63, 0x03
.byte 0x00, 0x00, 0x00, 0x00, 0x30, 0x00, 0x00, 0x00, 0x00, 0x00, 0x00, 0x00, 0x00, 0x00, 0x00, 0x00, 0x00, 0x00, 0x00, 0x00
.global gUnknown_8317794
gUnknown_8317794:
.byte 0x00, 0x00, 0x00, 0x00, 0x00, 0x00, 0x00, 0x00, 0x00, 0x00, 0x00, 0x00
.byte 0x00, 0x30, 0x03, 0x33, 0x00, 0x00, 0x00, 0x63, 0x36, 0x66, 0x03, 0x00, 0x30, 0x66, 0x66, 0x66, 0x36, 0x00, 0x30, 0x66, 0x66, 0x66, 0x36, 0x00, 0x00, 0x63, 0x66, 0x66, 0x03, 0x00, 0x00, 0x30
.byte 0x66, 0x36, 0x00, 0x00, 0x00, 0x00, 0x63, 0x03, 0x00, 0x00, 0x00, 0x00, 0x30, 0x00, 0x00, 0x00, 0x00, 0x00, 0x00, 0x00, 0x00, 0x00, 0x00, 0x00, 0x00, 0x00, 0x00, 0x00
.global gUnknown_83177DC
gUnknown_83177DC:
.byte 0x00, 0x33, 0x00, 0x30
.byte 0x03, 0x00, 0x30, 0x66, 0x03, 0x63, 0x36, 0x00, 0x63, 0x66, 0x36, 0x66, 0x66, 0x03, 0x63, 0x66, 0x66, 0x66, 0x66, 0x03, 0x63, 0x66, 0x66, 0x66, 0x66, 0x03, 0x30, 0x66, 0x66, 0x66, 0x36, 0x00
.byte 0x00, 0x63, 0x66, 0x66, 0x03, 0x00, 0x00, 0x30, 0x66, 0x36, 0x00, 0x00, 0x00, 0x00, 0x63, 0x03, 0x00, 0x00, 0x00, 0x00, 0x30, 0x00, 0x00, 0x00, 0x00, 0x00, 0x00, 0x00, 0x00, 0x00, 0x00, 0x00
.byte 0x00, 0x00, 0x00, 0x00
.global gUnknown_8317824
gUnknown_8317824:
.byte 0x00, 0x00, 0x30, 0x33, 0x00, 0x00, 0x00, 0x30, 0xa9, 0x66, 0x03, 0x00, 0x00, 0x93, 0x9a, 0xa9, 0x32, 0x00, 0x30, 0xa9, 0x39, 0x22, 0x36, 0x00, 0x90, 0x9a, 0xa3, 0x2a
.byte 0x09, 0x00, 0xa3, 0x3a, 0x45, 0x7a, 0x03, 0x00, 0xa3, 0x56, 0x45, 0x37, 0x00, 0x00, 0x63, 0x55, 0x74, 0x03, 0x00, 0x00, 0x30, 0x74, 0x39, 0x00, 0x00, 0x00, 0x00, 0x33, 0x00, 0x00, 0x00, 0x00
.byte 0x00, 0x00, 0x00, 0x00, 0x00, 0x00, 0x00, 0x00, 0x00, 0x00, 0x00, 0x00
.global gUnknown_831786C
gUnknown_831786C:
.byte 0x00, 0x30, 0x33, 0x03, 0x00, 0x00, 0x00, 0x53, 0x55, 0x35, 0x00, 0x00, 0x30, 0x75, 0x57, 0x55, 0x03, 0x00, 0x53, 0x77
.byte 0x77, 0x85, 0x35, 0x00, 0x53, 0x77, 0x77, 0x35, 0x35, 0x00, 0x53, 0x75, 0x57, 0x33, 0x35, 0x00, 0x53, 0x55, 0x35, 0x83, 0x35, 0x00, 0x30, 0x55, 0x88, 0x58, 0x03, 0x00, 0x00, 0x53, 0x55, 0x35
.byte 0x00, 0x00, 0x00, 0x30, 0x33, 0x03, 0x00, 0x00, 0x00, 0x00, 0x00, 0x00, 0x00, 0x00, 0x00, 0x00, 0x00, 0x00, 0x00, 0x00
.global gUnknown_83178B4
gUnknown_83178B4:
.byte 0x00, 0xaa, 0xaa, 0xaa, 0x00, 0x00, 0xa0, 0x3a, 0x33, 0xa3, 0x0a, 0x00
.byte 0xaa, 0x3a, 0x88, 0xa8, 0xaa, 0x00, 0xaa, 0x83, 0xaa, 0x88, 0xaa, 0x00, 0xaa, 0x83, 0xaa, 0x83, 0xaa, 0x00, 0x3a, 0x38, 0x33, 0x83, 0xa8, 0x00, 0x3a, 0xa8, 0xaa, 0x3a, 0xa8, 0x00, 0x38, 0xa8
.byte 0xaa, 0x3a, 0x88, 0x00, 0x80, 0xaa, 0xaa, 0xaa, 0x08, 0x00, 0x00, 0x88, 0x88, 0x88, 0x00, 0x00, 0x00, 0x00, 0x00, 0x00, 0x00, 0x00, 0x00, 0x00, 0x00, 0x00, 0x00, 0x00
.global gUnknown_83178FC
gUnknown_83178FC:
.byte 0x00, 0xaa, 0xaa, 0xaa
.byte 0x00, 0x00, 0xa0, 0x33, 0x33, 0x33, 0x0a, 0x00, 0xaa, 0x83, 0xaa, 0x8a, 0xa3, 0x00, 0xaa, 0x83, 0xaa, 0x3a, 0xa8, 0x00, 0xaa, 0x83, 0x33, 0x33, 0xaa, 0x00, 0xaa, 0x83, 0xaa, 0x8a, 0xa3, 0x00
.byte 0xaa, 0x83, 0xaa, 0x3a, 0xa8, 0x00, 0xa8, 0x83, 0x33, 0x33, 0x8a, 0x00, 0x80, 0xaa, 0xaa, 0xaa, 0x08, 0x00, 0x00, 0x88, 0x88, 0x88, 0x00, 0x00, 0x00, 0x00, 0x00, 0x00, 0x00, 0x00, 0x00, 0x00
.byte 0x00, 0x00, 0x00, 0x00
.global gUnknown_8317944
gUnknown_8317944:
.byte 0x00, 0x00, 0xaa, 0x0a, 0x00, 0x00, 0x00, 0x00, 0x8a, 0x0a, 0x00, 0x00, 0x00, 0x00, 0x3a, 0x0a, 0x00, 0x00, 0xa0, 0xaa, 0xaa, 0xaa, 0xaa, 0x00, 0xa0, 0x38, 0xaa, 0x3a
.byte 0xa8, 0x00, 0xa0, 0xaa, 0xaa, 0xaa, 0xaa, 0x00, 0x80, 0x88, 0x3a, 0x8a, 0x88, 0x00, 0x00, 0x00, 0x8a, 0x0a, 0x00, 0x00, 0x00, 0x00, 0xaa, 0x0a, 0x00, 0x00, 0x00, 0x00, 0x88, 0x08, 0x00, 0x00
.byte 0x00, 0x00, 0x00, 0x00, 0x00, 0x00, 0x00, 0x00, 0x00, 0x00, 0x00, 0x00
.global gUnknown_831798C
gUnknown_831798C:
.byte 0xa0, 0xaa, 0xaa, 0xaa, 0xaa, 0x00, 0xaa, 0x38, 0x38, 0x33, 0x3a, 0x00, 0xaa, 0xa3, 0xa3, 0xa3, 0xa3, 0x00, 0xaa, 0xa3
.byte 0xaa, 0xa3, 0xa3, 0x00, 0xaa, 0x3a, 0xaa, 0xa3, 0xa3, 0x00, 0xaa, 0xaa, 0xa3, 0xa3, 0x33, 0x00, 0xaa, 0xa3, 0xa3, 0xa3, 0xa3, 0x00, 0xaa, 0x38, 0xa8, 0xa3, 0xa3, 0x00, 0xa8, 0xaa, 0xaa, 0xaa
.byte 0xaa, 0x00, 0x80, 0x88, 0x88, 0x88, 0x88, 0x00, 0x00, 0x00, 0x00, 0x00, 0x00, 0x00, 0x00, 0x00, 0x00, 0x00, 0x00, 0x00
.global gUnknown_83179D4
gUnknown_83179D4:
.byte 0x11, 0x11, 0x11, 0x11, 0x00, 0x00, 0x11, 0x11, 0x00, 0x00, 0x00, 0x00
.byte 0x01, 0x00, 0x10, 0x01, 0x00, 0x00, 0x01, 0x01, 0x00, 0x00, 0x00, 0x00, 0x01, 0x00, 0x10, 0x10, 0x00, 0x00, 0x11, 0x11, 0x10, 0x10, 0x00, 0x00, 0x11, 0x01, 0x11, 0x10, 0x00, 0x00, 0x01, 0x10
.byte 0x11, 0x00, 0x00, 0x00, 0x11, 0x11, 0x11, 0x11, 0x00, 0x00, 0x11, 0x11, 0x11, 0x11, 0x00, 0x00, 0x11, 0x11, 0x11, 0x11, 0x00, 0x00, 0x11, 0x11, 0x11, 0x11, 0x00, 0x00
.global gUnknown_8317A1C
gUnknown_8317A1C:
.byte 0x22, 0x22, 0x22, 0x22
.byte 0x22, 0x22, 0x12, 0x11, 0x11, 0x11, 0x11, 0x21, 0x12, 0x21, 0x22, 0x22, 0x12, 0x21, 0x12, 0x21, 0x02, 0x20, 0x12, 0x21, 0x12, 0x21, 0x02, 0x20, 0x12, 0x21, 0x12, 0x21, 0x22, 0x22, 0x12, 0x21
.byte 0x12, 0x11, 0x22, 0x22, 0x12, 0x21, 0x12, 0x11, 0x22, 0x22, 0x12, 0x21, 0x12, 0x11, 0x22, 0x22, 0x12, 0x21, 0x12, 0x11, 0x21, 0x22, 0x11, 0x21, 0x12, 0x11, 0x11, 0x11, 0x11, 0x21, 0x22, 0x22
.byte 0x22, 0x22, 0x22, 0x22
.global gUnknown_8317A64
gUnknown_8317A64:
.byte 0xaa, 0xaa, 0xaa, 0xaa, 0x0a, 0x00, 0xaa, 0x33, 0x3a, 0x33, 0xaa, 0x00, 0xa3, 0xa3, 0xa3, 0xa3, 0xaa, 0x00, 0xa3, 0xa3, 0xa3, 0xa3, 0xaa, 0x00, 0xa3, 0xa3, 0xa3, 0xa3
.byte 0xaa, 0x00, 0xa3, 0x33, 0xaa, 0xa3, 0xaa, 0x00, 0xa3, 0xa3, 0xa3, 0xa3, 0xaa, 0x00, 0xa3, 0xa3, 0xa3, 0xa3, 0xaa, 0x00, 0xaa, 0xaa, 0xaa, 0xaa, 0x8a, 0x00, 0x88, 0x88, 0x88, 0x88, 0x08, 0x00
.byte 0x00, 0x00, 0x00, 0x00, 0x00, 0x00, 0x00, 0x00, 0x00, 0x00, 0x00, 0x00
.global gUnknown_8317AAC
gUnknown_8317AAC:
.byte 0xa0, 0xaa, 0xaa, 0xaa, 0xaa, 0x00, 0x8a, 0x83, 0x3a, 0xa3, 0xa3, 0x00, 0x3a, 0x3a, 0x3a, 0xaa, 0xa3, 0x00, 0x3a, 0xaa
.byte 0x3a, 0xaa, 0xa3, 0x00, 0xaa, 0xa3, 0x3a, 0xa3, 0xa3, 0x00, 0xaa, 0x3a, 0x3a, 0xaa, 0xa3, 0x00, 0x3a, 0x3a, 0x3a, 0xaa, 0xa3, 0x00, 0x8a, 0x83, 0x3a, 0xa3, 0x33, 0x00, 0xa8, 0xaa, 0xaa, 0xaa
.byte 0xaa, 0x00, 0x80, 0x88, 0x88, 0x88, 0x88, 0x00, 0x00, 0x00, 0x00, 0x00, 0x00, 0x00, 0x00, 0x00, 0x00, 0x00, 0x00, 0x00
.global gUnknown_8317AF4
gUnknown_8317AF4:
.byte 0xaa, 0xaa, 0xaa, 0xaa, 0xaa, 0x00, 0x3a, 0xa3, 0x33, 0x3a, 0x33, 0x0a
.byte 0x3a, 0xaa, 0xa3, 0xaa, 0xa3, 0x0a, 0x3a, 0xaa, 0xa3, 0xaa, 0xa3, 0x0a, 0x3a, 0xa3, 0xa3, 0xaa, 0xa3, 0x0a, 0x3a, 0xaa, 0xa3, 0xaa, 0xa3, 0x0a, 0x3a, 0xaa, 0xa3, 0xaa, 0xa3, 0x0a, 0x3a, 0xa3
.byte 0x33, 0xaa, 0xa3, 0x0a, 0xaa, 0xaa, 0xaa, 0xaa, 0xaa, 0x08, 0x88, 0x88, 0x88, 0x88, 0x88, 0x00, 0x00, 0x00, 0x00, 0x00, 0x00, 0x00, 0x00, 0x00, 0x00, 0x00, 0x00, 0x00
.global gUnknown_8317B3C
gUnknown_8317B3C:
.byte 0x00, 0xaa, 0xaa, 0xaa
.byte 0x00, 0x00, 0xa0, 0x33, 0xaa, 0xaa, 0x0a, 0x00, 0xaa, 0x83, 0xaa, 0xaa, 0xaa, 0x00, 0xaa, 0x83, 0xaa, 0xaa, 0xaa, 0x00, 0xaa, 0x83, 0xaa, 0xaa, 0xaa, 0x00, 0xaa, 0x83, 0xaa, 0xaa, 0xaa, 0x00
.byte 0xaa, 0x83, 0xaa, 0x33, 0xaa, 0x00, 0xa8, 0x83, 0x33, 0x83, 0x8a, 0x00, 0x80, 0xaa, 0xaa, 0xaa, 0x08, 0x00, 0x00, 0x88, 0x88, 0x88, 0x00, 0x00, 0x00, 0x00, 0x00, 0x00, 0x00, 0x00, 0x00, 0x00
.byte 0x00, 0x00, 0x00, 0x00
.global gUnknown_8317B84
gUnknown_8317B84:
.4byte gUnknown_830F67C
.byte 0x20, 0x00, 0x04, 0x00, 0x00, 0x00, 0x02, 0x00
.4byte gUnknown_830F6C4
.byte 0x21, 0x00, 0x04, 0x00, 0x00, 0x00, 0x02, 0x00
.4byte gUnknown_830F70C
.byte 0x22, 0x00, 0x04, 0x00, 0x00, 0x00, 0x02, 0x00
.4byte gUnknown_830F754
.byte 0x23, 0x00, 0x08, 0x00, 0x00, 0x00, 0x02, 0x00
.4byte gUnknown_830F79C
.byte 0x24, 0x00, 0x06, 0x00, 0x00, 0x00, 0x02, 0x00
.4byte gUnknown_830F7E4
.byte 0x25, 0x00, 0x09, 0x00, 0x00, 0x00, 0x02, 0x00
.4byte gUnknown_830F82C
.byte 0x26, 0x00, 0x08, 0x00, 0x00, 0x00, 0x02, 0x00
.4byte gUnknown_830F874
.byte 0x27, 0x00, 0x02, 0x00
.byte 0x00, 0x00, 0x02, 0x00
.4byte gUnknown_830F8BC
.byte 0x28, 0x00, 0x05, 0x00, 0x00, 0x00, 0x02, 0x00
.4byte gUnknown_830F904
.byte 0x29, 0x00, 0x05, 0x00, 0x00, 0x00, 0x02, 0x00
.4byte gUnknown_830F94C
.byte 0x2a, 0x00, 0x06, 0x00, 0x00, 0x00, 0x02, 0x00
.4byte gUnknown_830F994
.byte 0x2b, 0x00, 0x06, 0x00, 0x00, 0x00, 0x02, 0x00
.4byte gUnknown_830F9DC
.byte 0x2c, 0x00, 0x03, 0x00, 0x00, 0x00, 0x02, 0x00
.4byte gUnknown_830FA24
.byte 0x2d, 0x00, 0x05, 0x00, 0x00, 0x00, 0x02, 0x00
.4byte gUnknown_830FA6C
.byte 0x2e, 0x00, 0x03, 0x00, 0x00, 0x00, 0x02, 0x00
.4byte gUnknown_830FAB4
.byte 0x2f, 0x00, 0x05, 0x00
.byte 0x00, 0x00, 0x02, 0x00
.4byte gUnknown_830FAFC
.byte 0x30, 0x00, 0x06, 0x00, 0x00, 0x00, 0x02, 0x00
.4byte gUnknown_830FB44
.byte 0x31, 0x00, 0x06, 0x00, 0x00, 0x00, 0x02, 0x00
.4byte gUnknown_830FB8C
.byte 0x32, 0x00, 0x06, 0x00, 0x00, 0x00, 0x02, 0x00
.4byte gUnknown_830FBD4
.byte 0x33, 0x00, 0x06, 0x00, 0x00, 0x00, 0x02, 0x00
.4byte gUnknown_830FC1C
.byte 0x34, 0x00, 0x06, 0x00, 0x00, 0x00, 0x02, 0x00
.4byte gUnknown_830FC64
.byte 0x35, 0x00, 0x06, 0x00, 0x00, 0x00, 0x02, 0x00
.4byte gUnknown_830FCAC
.byte 0x36, 0x00, 0x06, 0x00, 0x00, 0x00, 0x02, 0x00
.4byte gUnknown_830FCF4
.byte 0x37, 0x00, 0x06, 0x00
.byte 0x00, 0x00, 0x02, 0x00
.4byte gUnknown_830FD3C
.byte 0x38, 0x00, 0x06, 0x00, 0x00, 0x00, 0x02, 0x00
.4byte gUnknown_830FD84
.byte 0x39, 0x00, 0x06, 0x00, 0x00, 0x00, 0x02, 0x00
.4byte gUnknown_830FDCC
.byte 0x3a, 0x00, 0x03, 0x00, 0x00, 0x00, 0x02, 0x00
.4byte gUnknown_830FE14
.byte 0x3b, 0x00, 0x04, 0x00, 0x00, 0x00, 0x02, 0x00
.4byte gUnknown_830FE5C
.byte 0x3c, 0x00, 0x04, 0x00, 0x00, 0x00, 0x02, 0x00
.4byte gUnknown_830FEA4
.byte 0x3d, 0x00, 0x06, 0x00, 0x00, 0x00, 0x02, 0x00
.4byte gUnknown_830FEEC
.byte 0x3e, 0x00, 0x04, 0x00, 0x00, 0x00, 0x02, 0x00
.4byte gUnknown_830FF34
.byte 0x3f, 0x00, 0x06, 0x00
.byte 0x00, 0x00, 0x02, 0x00
.4byte gUnknown_830FF7C
.byte 0x40, 0x00, 0x09, 0x00, 0x00, 0x00, 0x02, 0x00
.4byte gUnknown_830FFC4
.byte 0x41, 0x00, 0x06, 0x00, 0x00, 0x00, 0x02, 0x00
.4byte gUnknown_831000C
.byte 0x42, 0x00, 0x06, 0x00, 0x00, 0x00, 0x02, 0x00
.4byte gUnknown_8310054
.byte 0x43, 0x00, 0x06, 0x00, 0x00, 0x00, 0x02, 0x00
.4byte gUnknown_831009C
.byte 0x44, 0x00, 0x06, 0x00, 0x00, 0x00, 0x02, 0x00
.4byte gUnknown_83100E4
.byte 0x45, 0x00, 0x05, 0x00, 0x00, 0x00, 0x02, 0x00
.4byte gUnknown_831012C
.byte 0x46, 0x00, 0x05, 0x00, 0x00, 0x00, 0x02, 0x00
.4byte gUnknown_8310174
.byte 0x47, 0x00, 0x06, 0x00
.byte 0x00, 0x00, 0x02, 0x00
.4byte gUnknown_83101BC
.byte 0x48, 0x00, 0x06, 0x00, 0x00, 0x00, 0x02, 0x00
.4byte gUnknown_8310204
.byte 0x49, 0x00, 0x04, 0x00, 0x00, 0x00, 0x02, 0x00
.4byte gUnknown_831024C
.byte 0x4a, 0x00, 0x06, 0x00, 0x00, 0x00, 0x02, 0x00
.4byte gUnknown_8310294
.byte 0x4b, 0x00, 0x06, 0x00, 0x00, 0x00, 0x02, 0x00
.4byte gUnknown_83102DC
.byte 0x4c, 0x00, 0x05, 0x00, 0x00, 0x00, 0x02, 0x00
.4byte gUnknown_8310324
.byte 0x4d, 0x00, 0x08, 0x00, 0x00, 0x00, 0x02, 0x00
.4byte gUnknown_831036C
.byte 0x4e, 0x00, 0x06, 0x00, 0x00, 0x00, 0x02, 0x00
.4byte gUnknown_83103B4
.byte 0x4f, 0x00, 0x06, 0x00
.byte 0x00, 0x00, 0x02, 0x00
.4byte gUnknown_83103FC
.byte 0x50, 0x00, 0x06, 0x00, 0x00, 0x00, 0x02, 0x00
.4byte gUnknown_8310444
.byte 0x51, 0x00, 0x06, 0x00, 0x00, 0x00, 0x02, 0x00
.4byte gUnknown_831048C
.byte 0x52, 0x00, 0x06, 0x00, 0x00, 0x00, 0x02, 0x00
.4byte gUnknown_83104D4
.byte 0x53, 0x00, 0x06, 0x00, 0x00, 0x00, 0x02, 0x00
.4byte gUnknown_831051C
.byte 0x54, 0x00, 0x06, 0x00, 0x00, 0x00, 0x02, 0x00
.4byte gUnknown_8310564
.byte 0x55, 0x00, 0x06, 0x00, 0x00, 0x00, 0x02, 0x00
.4byte gUnknown_83105AC
.byte 0x56, 0x00, 0x06, 0x00, 0x00, 0x00, 0x02, 0x00
.4byte gUnknown_83105F4
.byte 0x57, 0x00, 0x0a, 0x00
.byte 0x00, 0x00, 0x02, 0x00
.4byte gUnknown_831063C
.byte 0x58, 0x00, 0x06, 0x00, 0x00, 0x00, 0x02, 0x00
.4byte gUnknown_8310684
.byte 0x59, 0x00, 0x06, 0x00, 0x00, 0x00, 0x02, 0x00
.4byte gUnknown_83106CC
.byte 0x5a, 0x00, 0x06, 0x00, 0x00, 0x00, 0x02, 0x00
.4byte gUnknown_8310714
.byte 0x5b, 0x00, 0x04, 0x00, 0x00, 0x00, 0x02, 0x00
.4byte gUnknown_831075C
.byte 0x5c, 0x00, 0x05, 0x00, 0x00, 0x00, 0x02, 0x00
.4byte gUnknown_83107A4
.byte 0x5d, 0x00, 0x04, 0x00, 0x00, 0x00, 0x02, 0x00
.4byte gUnknown_83107EC
.byte 0x5e, 0x00, 0x04, 0x00, 0x00, 0x00, 0x02, 0x00
.4byte gUnknown_8310834
.byte 0x5f, 0x00, 0x08, 0x00
.byte 0x00, 0x00, 0x02, 0x00
.4byte gUnknown_831087C
.byte 0x60, 0x00, 0x06, 0x00, 0x00, 0x00, 0x02, 0x00
.4byte gUnknown_83108C4
.byte 0x61, 0x00, 0x05, 0x00, 0x00, 0x00, 0x02, 0x00
.4byte gUnknown_831090C
.byte 0x62, 0x00, 0x05, 0x00, 0x00, 0x00, 0x02, 0x00
.4byte gUnknown_8310954
.byte 0x63, 0x00, 0x05, 0x00, 0x00, 0x00, 0x02, 0x00
.4byte gUnknown_831099C
.byte 0x64, 0x00, 0x05, 0x00, 0x00, 0x00, 0x02, 0x00
.4byte gUnknown_83109E4
.byte 0x65, 0x00, 0x05, 0x00, 0x00, 0x00, 0x02, 0x00
.4byte gUnknown_8310A2C
.byte 0x66, 0x00, 0x05, 0x00, 0x00, 0x00, 0x02, 0x00
.4byte gUnknown_8310A74
.byte 0x67, 0x00, 0x05, 0x00
.byte 0x00, 0x00, 0x02, 0x00
.4byte gUnknown_8310ABC
.byte 0x68, 0x00, 0x05, 0x00, 0x00, 0x00, 0x02, 0x00
.4byte gUnknown_8310B04
.byte 0x69, 0x00, 0x03, 0x00, 0x00, 0x00, 0x02, 0x00
.4byte gUnknown_8310B4C
.byte 0x6a, 0x00, 0x03, 0x00, 0x00, 0x00, 0x02, 0x00
.4byte gUnknown_8310B94
.byte 0x6b, 0x00, 0x05, 0x00, 0x00, 0x00, 0x02, 0x00
.4byte gUnknown_8310BDC
.byte 0x6c, 0x00, 0x03, 0x00, 0x00, 0x00, 0x02, 0x00
.4byte gUnknown_8310C24
.byte 0x6d, 0x00, 0x08, 0x00, 0x00, 0x00, 0x02, 0x00
.4byte gUnknown_8310C6C
.byte 0x6e, 0x00, 0x05, 0x00, 0x00, 0x00, 0x02, 0x00
.4byte gUnknown_8310CB4
.byte 0x6f, 0x00, 0x05, 0x00
.byte 0x00, 0x00, 0x02, 0x00
.4byte gUnknown_8310CFC
.byte 0x70, 0x00, 0x05, 0x00, 0x00, 0x00, 0x02, 0x00
.4byte gUnknown_8310D44
.byte 0x71, 0x00, 0x05, 0x00, 0x00, 0x00, 0x02, 0x00
.4byte gUnknown_8310D8C
.byte 0x72, 0x00, 0x05, 0x00, 0x00, 0x00, 0x02, 0x00
.4byte gUnknown_8310DD4
.byte 0x73, 0x00, 0x05, 0x00, 0x00, 0x00, 0x02, 0x00
.4byte gUnknown_8310E1C
.byte 0x74, 0x00, 0x04, 0x00, 0x00, 0x00, 0x02, 0x00
.4byte gUnknown_8310E64
.byte 0x75, 0x00, 0x05, 0x00, 0x00, 0x00, 0x02, 0x00
.4byte gUnknown_8310EAC
.byte 0x76, 0x00, 0x06, 0x00, 0x00, 0x00, 0x02, 0x00
.4byte gUnknown_8310EF4
.byte 0x77, 0x00, 0x08, 0x00
.byte 0x00, 0x00, 0x02, 0x00
.4byte gUnknown_8310F3C
.byte 0x78, 0x00, 0x06, 0x00, 0x00, 0x00, 0x02, 0x00
.4byte gUnknown_8310F84
.byte 0x79, 0x00, 0x05, 0x00, 0x00, 0x00, 0x02, 0x00
.4byte gUnknown_8310FCC
.byte 0x7a, 0x00, 0x05, 0x00, 0x00, 0x00, 0x02, 0x00
.4byte gUnknown_8311014
.byte 0x7b, 0x00, 0x05, 0x00, 0x00, 0x00, 0x02, 0x00
.4byte gUnknown_831105C
.byte 0x7c, 0x00, 0x02, 0x00, 0x00, 0x00, 0x02, 0x00
.4byte gUnknown_83110A4
.byte 0x7d, 0x00, 0x05, 0x00, 0x00, 0x00, 0x02, 0x00
.4byte gUnknown_83110EC
.byte 0x7e, 0x00, 0x07, 0x00, 0x00, 0x00, 0x02, 0x00
.4byte gUnknown_8311134
.byte 0x7f, 0x00, 0x06, 0x00
.byte 0x00, 0x00, 0x02, 0x00
.4byte gUnknown_831117C
.byte 0x80, 0x00, 0x05, 0x00, 0x00, 0x00, 0x02, 0x00
.4byte gUnknown_83111C4
.byte 0x81, 0x00, 0x04, 0x00, 0x00, 0x00, 0x02, 0x00
.4byte gUnknown_831120C
.byte 0x82, 0x00, 0x03, 0x00, 0x00, 0x00, 0x02, 0x00
.4byte gUnknown_8311254
.byte 0x83, 0x00, 0x08, 0x00, 0x00, 0x00, 0x02, 0x00
.4byte gUnknown_831129C
.byte 0x84, 0x00, 0x05, 0x00, 0x00, 0x00, 0x02, 0x00
.4byte gUnknown_83112E4
.byte 0x85, 0x00, 0x09, 0x00, 0x00, 0x00, 0x02, 0x00
.4byte gUnknown_831132C
.byte 0x86, 0x00, 0x06, 0x00, 0x00, 0x00, 0x02, 0x00
.4byte gUnknown_8311374
.byte 0x87, 0x00, 0x06, 0x00
.byte 0x00, 0x00, 0x02, 0x00
.4byte gUnknown_83113BC
.byte 0x88, 0x00, 0x05, 0x00, 0x00, 0x00, 0x02, 0x00
.4byte gUnknown_8311404
.byte 0x89, 0x00, 0x0c, 0x00, 0x00, 0x00, 0x02, 0x00
.4byte gUnknown_831144C
.byte 0x8a, 0x00, 0x07, 0x00, 0x00, 0x00, 0x02, 0x00
.4byte gUnknown_8311494
.byte 0x8b, 0x00, 0x05, 0x00, 0x00, 0x00, 0x02, 0x00
.4byte gUnknown_83114DC
.byte 0x8c, 0x00, 0x08, 0x00, 0x00, 0x00, 0x02, 0x00
.4byte gUnknown_8311524
.byte 0x8d, 0x00, 0x04, 0x00, 0x00, 0x00, 0x02, 0x00
.4byte gUnknown_831156C
.byte 0x8e, 0x00, 0x07, 0x00, 0x00, 0x00, 0x02, 0x00
.4byte gUnknown_83115B4
.byte 0x8f, 0x00, 0x04, 0x00
.byte 0x00, 0x00, 0x02, 0x00
.4byte gUnknown_83115FC
.byte 0x90, 0x00, 0x04, 0x00, 0x00, 0x00, 0x02, 0x00
.4byte gUnknown_8311644
.byte 0x91, 0x00, 0x04, 0x00, 0x00, 0x00, 0x02, 0x00
.4byte gUnknown_831168C
.byte 0x92, 0x00, 0x04, 0x00, 0x00, 0x00, 0x02, 0x00
.4byte gUnknown_83116D4
.byte 0x93, 0x00, 0x06, 0x00, 0x00, 0x00, 0x02, 0x00
.4byte gUnknown_831171C
.byte 0x94, 0x00, 0x06, 0x00, 0x00, 0x00, 0x02, 0x00
.4byte gUnknown_8311764
.byte 0x95, 0x00, 0x04, 0x00, 0x00, 0x00, 0x02, 0x00
.4byte gUnknown_83117AC
.byte 0x96, 0x00, 0x08, 0x00, 0x00, 0x00, 0x02, 0x00
.4byte gUnknown_83117F4
.byte 0x97, 0x00, 0x08, 0x00
.byte 0x00, 0x00, 0x02, 0x00
.4byte gUnknown_831183C
.byte 0x98, 0x00, 0x06, 0x00, 0x00, 0x00, 0x02, 0x00
.4byte gUnknown_8311884
.byte 0x99, 0x00, 0x07, 0x00, 0x00, 0x00, 0x02, 0x00
.4byte gUnknown_83118CC
.byte 0x9a, 0x00, 0x06, 0x00, 0x00, 0x00, 0x03, 0x00
.4byte gUnknown_8311914
.byte 0x9b, 0x00, 0x06, 0x00, 0x00, 0x00, 0x02, 0x00
.4byte gUnknown_831195C
.byte 0x9c, 0x00, 0x08, 0x00, 0x00, 0x00, 0x02, 0x00
.4byte gUnknown_83119A4
.byte 0x9d, 0x00, 0x04, 0x00, 0x00, 0x00, 0x02, 0x00
.4byte gUnknown_83119EC
.byte 0x9e, 0x00, 0x05, 0x00, 0x00, 0x00, 0x02, 0x00
.4byte gUnknown_8311A34
.byte 0x9f, 0x00, 0x06, 0x00
.byte 0x00, 0x00, 0x02, 0x00
.4byte gUnknown_8311A7C
.byte 0xa0, 0x00, 0x06, 0x00, 0x00, 0x00, 0x02, 0x00
.4byte gUnknown_8311AC4
.byte 0xa1, 0x00, 0x04, 0x00, 0x00, 0x00, 0x02, 0x00
.4byte gUnknown_8311B0C
.byte 0xa2, 0x00, 0x06, 0x00, 0x00, 0x00, 0x02, 0x00
.4byte gUnknown_8311B54
.byte 0xa3, 0x00, 0x08, 0x00, 0x00, 0x00, 0x02, 0x00
.4byte gUnknown_8311B9C
.byte 0xa4, 0x00, 0x06, 0x00, 0x00, 0x00, 0x02, 0x00
.4byte gUnknown_8311BE4
.byte 0xa5, 0x00, 0x06, 0x00, 0x00, 0x00, 0x02, 0x00
.4byte gUnknown_8311C2C
.byte 0xa6, 0x00, 0x02, 0x00, 0x00, 0x00, 0x02, 0x00
.4byte gUnknown_8311C74
.byte 0xa7, 0x00, 0x07, 0x00
.byte 0x00, 0x00, 0x02, 0x00
.4byte gUnknown_8311CBC
.byte 0xa8, 0x00, 0x06, 0x00, 0x00, 0x00, 0x02, 0x00
.4byte gUnknown_8311D04
.byte 0xa9, 0x00, 0x08, 0x00, 0x00, 0x00, 0x02, 0x00
.4byte gUnknown_8311D4C
.byte 0xaa, 0x00, 0x04, 0x00, 0x00, 0x00, 0x02, 0x00
.4byte gUnknown_8311D94
.byte 0xab, 0x00, 0x08, 0x00, 0x00, 0x00, 0x02, 0x00
.4byte gUnknown_8311DDC
.byte 0xac, 0x00, 0x08, 0x00, 0x00, 0x00, 0x02, 0x00
.4byte gUnknown_8311E24
.byte 0xad, 0x00, 0x06, 0x00, 0x00, 0x00, 0x02, 0x00
.4byte gUnknown_8311E6C
.byte 0xae, 0x00, 0x08, 0x00, 0x00, 0x00, 0x02, 0x00
.4byte gUnknown_8311EB4
.byte 0xaf, 0x00, 0x09, 0x00
.byte 0x00, 0x00, 0x02, 0x00
.4byte gUnknown_8311EFC
.byte 0xb0, 0x00, 0x04, 0x00, 0x00, 0x00, 0x02, 0x00
.4byte gUnknown_8311F44
.byte 0xb1, 0x00, 0x09, 0x00, 0x00, 0x00, 0x02, 0x00
.4byte gUnknown_8311F8C
.byte 0xb2, 0x00, 0x04, 0x00, 0x00, 0x00, 0x02, 0x00
.4byte gUnknown_8311FD4
.byte 0xb3, 0x00, 0x04, 0x00, 0x00, 0x00, 0x02, 0x00
.4byte gUnknown_831201C
.byte 0xb4, 0x00, 0x04, 0x00, 0x00, 0x00, 0x02, 0x00
.4byte gUnknown_8312064
.byte 0xb5, 0x00, 0x06, 0x00, 0x00, 0x00, 0x02, 0x00
.4byte gUnknown_83120AC
.byte 0xb6, 0x00, 0x05, 0x00, 0x00, 0x00, 0x02, 0x00
.4byte gUnknown_83120F4
.byte 0xb7, 0x00, 0x06, 0x00
.byte 0x00, 0x00, 0x02, 0x00
.4byte gUnknown_831213C
.byte 0xb8, 0x00, 0x03, 0x00, 0x00, 0x00, 0x02, 0x00
.4byte gUnknown_8312184
.byte 0xb9, 0x00, 0x03, 0x00, 0x00, 0x00, 0x02, 0x00
.4byte gUnknown_83121CC
.byte 0xba, 0x00, 0x04, 0x00, 0x00, 0x00, 0x02, 0x00
.4byte gUnknown_8312214
.byte 0xbb, 0x00, 0x08, 0x00, 0x00, 0x00, 0x02, 0x00
.4byte gUnknown_831225C
.byte 0xbc, 0x00, 0x0a, 0x00, 0x00, 0x00, 0x03, 0x00
.4byte gUnknown_83122A4
.byte 0xbd, 0x00, 0x08, 0x00, 0x00, 0x00, 0x02, 0x00
.4byte gUnknown_83122EC
.byte 0xbe, 0x00, 0x07, 0x00, 0x00, 0x00, 0x02, 0x00
.4byte gUnknown_8312334
.byte 0xbf, 0x00, 0x05, 0x00
.byte 0x00, 0x00, 0x02, 0x00
.4byte gUnknown_831237C
.byte 0xc0, 0x00, 0x08, 0x00, 0x00, 0x00, 0x02, 0x00
.4byte gUnknown_83123C4
.byte 0xc1, 0x00, 0x08, 0x00, 0x00, 0x00, 0x02, 0x00
.4byte gUnknown_831240C
.byte 0xc2, 0x00, 0x08, 0x00, 0x00, 0x00, 0x02, 0x00
.4byte gUnknown_8312454
.byte 0xc3, 0x00, 0x08, 0x00, 0x00, 0x00, 0x02, 0x00
.4byte gUnknown_831249C
.byte 0xc4, 0x00, 0x08, 0x00, 0x00, 0x00, 0x02, 0x00
.4byte gUnknown_83124E4
.byte 0xc5, 0x00, 0x08, 0x00, 0x00, 0x00, 0x02, 0x00
.4byte gUnknown_831252C
.byte 0xc6, 0x00, 0x08, 0x00, 0x00, 0x00, 0x02, 0x00
.4byte gUnknown_8312574
.byte 0xc7, 0x00, 0x08, 0x00
.byte 0x00, 0x00, 0x02, 0x00
.4byte gUnknown_83125BC
.byte 0xc8, 0x00, 0x07, 0x00, 0x00, 0x00, 0x02, 0x00
.4byte gUnknown_8312604
.byte 0xc9, 0x00, 0x07, 0x00, 0x00, 0x00, 0x02, 0x00
.4byte gUnknown_831264C
.byte 0xca, 0x00, 0x07, 0x00, 0x00, 0x00, 0x02, 0x00
.4byte gUnknown_8312694
.byte 0xcb, 0x00, 0x07, 0x00, 0x00, 0x00, 0x02, 0x00
.4byte gUnknown_83126DC
.byte 0xcc, 0x00, 0x04, 0x00, 0x00, 0x00, 0x02, 0x00
.4byte gUnknown_8312724
.byte 0xcd, 0x00, 0x04, 0x00, 0x00, 0x00, 0x02, 0x00
.4byte gUnknown_831276C
.byte 0xce, 0x00, 0x04, 0x00, 0x00, 0x00, 0x02, 0x00
.4byte gUnknown_83127B4
.byte 0xcf, 0x00, 0x04, 0x00
.byte 0x00, 0x00, 0x02, 0x00
.4byte gUnknown_83127FC
.byte 0xd0, 0x00, 0x07, 0x00, 0x00, 0x00, 0x02, 0x00
.4byte gUnknown_8312844
.byte 0xd1, 0x00, 0x07, 0x00, 0x00, 0x00, 0x02, 0x00
.4byte gUnknown_831288C
.byte 0xd2, 0x00, 0x07, 0x00, 0x00, 0x00, 0x02, 0x00
.4byte gUnknown_83128D4
.byte 0xd3, 0x00, 0x07, 0x00, 0x00, 0x00, 0x02, 0x00
.4byte gUnknown_831291C
.byte 0xd4, 0x00, 0x07, 0x00, 0x00, 0x00, 0x02, 0x00
.4byte gUnknown_8312964
.byte 0xd5, 0x00, 0x07, 0x00, 0x00, 0x00, 0x02, 0x00
.4byte gUnknown_83129AC
.byte 0xd6, 0x00, 0x07, 0x00, 0x00, 0x00, 0x02, 0x00
.4byte gUnknown_83129F4
.byte 0xd7, 0x00, 0x08, 0x00
.byte 0x00, 0x00, 0x02, 0x00
.4byte gUnknown_8312A3C
.byte 0xd8, 0x00, 0x08, 0x00, 0x00, 0x00, 0x02, 0x00
.4byte gUnknown_8312A84
.byte 0xd9, 0x00, 0x08, 0x00, 0x00, 0x00, 0x02, 0x00
.4byte gUnknown_8312ACC
.byte 0xda, 0x00, 0x08, 0x00, 0x00, 0x00, 0x02, 0x00
.4byte gUnknown_8312B14
.byte 0xdb, 0x00, 0x08, 0x00, 0x00, 0x00, 0x02, 0x00
.4byte gUnknown_8312B5C
.byte 0xdc, 0x00, 0x08, 0x00, 0x00, 0x00, 0x02, 0x00
.4byte gUnknown_8312BA4
.byte 0xdd, 0x00, 0x06, 0x00, 0x00, 0x00, 0x02, 0x00
.4byte gUnknown_8312BEC
.byte 0xde, 0x00, 0x07, 0x00, 0x00, 0x00, 0x02, 0x00
.4byte gUnknown_8312C34
.byte 0xdf, 0x00, 0x07, 0x00
.byte 0x00, 0x00, 0x02, 0x00
.4byte gUnknown_8312C7C
.byte 0xe0, 0x00, 0x06, 0x00, 0x00, 0x00, 0x02, 0x00
.4byte gUnknown_8312CC4
.byte 0xe1, 0x00, 0x06, 0x00, 0x00, 0x00, 0x02, 0x00
.4byte gUnknown_8312D0C
.byte 0xe2, 0x00, 0x06, 0x00, 0x00, 0x00, 0x02, 0x00
.4byte gUnknown_8312D54
.byte 0xe3, 0x00, 0x06, 0x00, 0x00, 0x00, 0x02, 0x00
.4byte gUnknown_8312D9C
.byte 0xe4, 0x00, 0x06, 0x00, 0x00, 0x00, 0x02, 0x00
.4byte gUnknown_8312DE4
.byte 0xe5, 0x00, 0x06, 0x00, 0x00, 0x00, 0x02, 0x00
.4byte gUnknown_8312E2C
.byte 0xe6, 0x00, 0x07, 0x00, 0x00, 0x00, 0x02, 0x00
.4byte gUnknown_8312E74
.byte 0xe7, 0x00, 0x06, 0x00
.byte 0x00, 0x00, 0x02, 0x00
.4byte gUnknown_8312EBC
.byte 0xe8, 0x00, 0x06, 0x00, 0x00, 0x00, 0x02, 0x00
.4byte gUnknown_8312F04
.byte 0xe9, 0x00, 0x06, 0x00, 0x00, 0x00, 0x02, 0x00
.4byte gUnknown_8312F4C
.byte 0xea, 0x00, 0x06, 0x00, 0x00, 0x00, 0x02, 0x00
.4byte gUnknown_8312F94
.byte 0xeb, 0x00, 0x06, 0x00, 0x00, 0x00, 0x02, 0x00
.4byte gUnknown_8312FDC
.byte 0xec, 0x00, 0x04, 0x00, 0x00, 0x00, 0x02, 0x00
.4byte gUnknown_8313024
.byte 0xed, 0x00, 0x04, 0x00, 0x00, 0x00, 0x02, 0x00
.4byte gUnknown_831306C
.byte 0xee, 0x00, 0x04, 0x00, 0x00, 0x00, 0x02, 0x00
.4byte gUnknown_83130B4
.byte 0xef, 0x00, 0x04, 0x00
.byte 0x00, 0x00, 0x02, 0x00
.4byte gUnknown_83130FC
.byte 0xf0, 0x00, 0x06, 0x00, 0x00, 0x00, 0x02, 0x00
.4byte gUnknown_8313144
.byte 0xf1, 0x00, 0x06, 0x00, 0x00, 0x00, 0x02, 0x00
.4byte gUnknown_831318C
.byte 0xf2, 0x00, 0x06, 0x00, 0x00, 0x00, 0x02, 0x00
.4byte gUnknown_83131D4
.byte 0xf3, 0x00, 0x06, 0x00, 0x00, 0x00, 0x02, 0x00
.4byte gUnknown_831321C
.byte 0xf4, 0x00, 0x06, 0x00, 0x00, 0x00, 0x02, 0x00
.4byte gUnknown_8313264
.byte 0xf5, 0x00, 0x06, 0x00, 0x00, 0x00, 0x02, 0x00
.4byte gUnknown_83132AC
.byte 0xf6, 0x00, 0x06, 0x00, 0x00, 0x00, 0x02, 0x00
.4byte gUnknown_83132F4
.byte 0xf7, 0x00, 0x0a, 0x00
.byte 0x00, 0x00, 0x02, 0x00
.4byte gUnknown_831333C
.byte 0xf8, 0x00, 0x06, 0x00, 0x00, 0x00, 0x02, 0x00
.4byte gUnknown_8313384
.byte 0xf9, 0x00, 0x06, 0x00, 0x00, 0x00, 0x02, 0x00
.4byte gUnknown_83133CC
.byte 0xfa, 0x00, 0x06, 0x00, 0x00, 0x00, 0x02, 0x00
.4byte gUnknown_8313414
.byte 0xfb, 0x00, 0x06, 0x00, 0x00, 0x00, 0x02, 0x00
.4byte gUnknown_831345C
.byte 0xfc, 0x00, 0x06, 0x00, 0x00, 0x00, 0x02, 0x00
.4byte gUnknown_83134A4
.byte 0xfd, 0x00, 0x05, 0x00, 0x00, 0x00, 0x02, 0x00
.4byte gUnknown_83134EC
.byte 0xfe, 0x00, 0x06, 0x00, 0x00, 0x00, 0x02, 0x00
.4byte gUnknown_8313534
.byte 0xff, 0x00, 0x05, 0x00
.byte 0x00, 0x00, 0x02, 0x00
.4byte gUnknown_831357C
.byte 0x40, 0x81, 0x06, 0x00, 0x00, 0x00, 0x02, 0x00
.4byte gUnknown_83135C4
.byte 0x41, 0x81, 0x08, 0x00, 0x00, 0x00, 0x02, 0x00
.4byte gUnknown_831360C
.byte 0x42, 0x81, 0x08, 0x00, 0x00, 0x00, 0x02, 0x00
.4byte gUnknown_8313654
.byte 0x43, 0x81, 0x08, 0x00, 0x00, 0x00, 0x02, 0x00
.4byte gUnknown_831369C
.byte 0x44, 0x81, 0x08, 0x00, 0x00, 0x00, 0x02, 0x00
.4byte gUnknown_83136E4
.byte 0x45, 0x81, 0x05, 0x00, 0x00, 0x00, 0x02, 0x00
.4byte gUnknown_831372C
.byte 0x46, 0x81, 0x05, 0x00, 0x00, 0x00, 0x02, 0x00
.4byte gUnknown_8313774
.byte 0x47, 0x81, 0x05, 0x00
.byte 0x00, 0x00, 0x02, 0x00
.4byte gUnknown_83137BC
.byte 0x48, 0x81, 0x08, 0x00, 0x00, 0x00, 0x02, 0x00
.4byte gUnknown_8313804
.byte 0x49, 0x81, 0x0a, 0x00, 0x00, 0x00, 0x02, 0x00
.4byte gUnknown_831384C
.byte 0x4a, 0x81, 0x04, 0x00, 0x00, 0x00, 0x02, 0x00
.4byte gUnknown_8313894
.byte 0x4b, 0x81, 0x05, 0x00, 0x00, 0x00, 0x02, 0x00
.4byte gUnknown_83138DC
.byte 0x59, 0x81, 0x0b, 0x00, 0x00, 0x00, 0x02, 0x00
.4byte gUnknown_8313924
.byte 0x5b, 0x81, 0x07, 0x00, 0x00, 0x00, 0x02, 0x00
.4byte gUnknown_831396C
.byte 0x5e, 0x81, 0x0a, 0x00, 0x00, 0x00, 0x02, 0x00
.4byte gUnknown_83139B4
.byte 0x60, 0x81, 0x09, 0x00
.byte 0x00, 0x00, 0x02, 0x00
.4byte gUnknown_83139FC
.byte 0x63, 0x81, 0x09, 0x00, 0x00, 0x00, 0x02, 0x00
.4byte gUnknown_8313A44
.byte 0x64, 0x81, 0x0a, 0x00, 0x00, 0x00, 0x02, 0x00
.4byte gUnknown_8313A8C
.byte 0x66, 0x81, 0x05, 0x00, 0x00, 0x00, 0x02, 0x00
.4byte gUnknown_8313AD4
.byte 0x67, 0x81, 0x06, 0x00, 0x00, 0x00, 0x02, 0x00
.4byte gUnknown_8313B1C
.byte 0x68, 0x81, 0x06, 0x00, 0x00, 0x00, 0x02, 0x00
.4byte gUnknown_8313B64
.byte 0x69, 0x81, 0x06, 0x00, 0x00, 0x00, 0x02, 0x00
.4byte gUnknown_8313BAC
.byte 0x6a, 0x81, 0x06, 0x00, 0x00, 0x00, 0x02, 0x00
.4byte gUnknown_8313BF4
.byte 0x75, 0x81, 0x0a, 0x00
.byte 0x00, 0x00, 0x02, 0x00
.4byte gUnknown_8313C3C
.byte 0x76, 0x81, 0x08, 0x00, 0x00, 0x00, 0x02, 0x00
.4byte gUnknown_8313C84
.byte 0x77, 0x81, 0x0a, 0x00, 0x00, 0x00, 0x02, 0x00
.4byte gUnknown_8313CCC
.byte 0x78, 0x81, 0x08, 0x00, 0x00, 0x00, 0x02, 0x00
.4byte gUnknown_8313D14
.byte 0x7b, 0x81, 0x06, 0x00, 0x00, 0x00, 0x02, 0x00
.4byte gUnknown_8313D5C
.byte 0x7c, 0x81, 0x07, 0x00, 0x00, 0x00, 0x02, 0x00
.4byte gUnknown_8313DA4
.byte 0x7e, 0x81, 0x09, 0x00, 0x00, 0x00, 0x02, 0x00
.4byte gUnknown_8313DEC
.byte 0x81, 0x81, 0x06, 0x00, 0x00, 0x00, 0x02, 0x00
.4byte gUnknown_8313E34
.byte 0x83, 0x81, 0x08, 0x00
.byte 0x00, 0x00, 0x02, 0x00
.4byte gUnknown_8313E7C
.byte 0x84, 0x81, 0x08, 0x00, 0x00, 0x00, 0x02, 0x00
.4byte gUnknown_8313EC4
.byte 0x87, 0x81, 0x0c, 0x00, 0x00, 0x00, 0x02, 0x00
.4byte gUnknown_8313F0C
.byte 0x89, 0x81, 0x08, 0x00, 0x00, 0x00, 0x02, 0x00
.4byte gUnknown_8313F54
.byte 0x8a, 0x81, 0x08, 0x00, 0x00, 0x00, 0x02, 0x00
.4byte gUnknown_8313F9C
.byte 0x90, 0x81, 0x08, 0x00, 0x00, 0x00, 0x02, 0x00
.4byte gUnknown_8313FE4
.byte 0x93, 0x81, 0x0a, 0x00, 0x00, 0x00, 0x02, 0x00
.4byte gUnknown_831402C
.byte 0x94, 0x81, 0x09, 0x00, 0x00, 0x00, 0x02, 0x00
.4byte gUnknown_8314074
.byte 0x95, 0x81, 0x08, 0x00
.byte 0x00, 0x00, 0x02, 0x00
.4byte gUnknown_83140BC
.byte 0x96, 0x81, 0x09, 0x00, 0x00, 0x00, 0x02, 0x00
.4byte gUnknown_8314104
.byte 0x97, 0x81, 0x0a, 0x00, 0x00, 0x00, 0x02, 0x00
.4byte gUnknown_831414C
.byte 0x9b, 0x81, 0x0b, 0x00, 0x00, 0x00, 0x02, 0x00
.4byte gUnknown_8314194
.byte 0xa8, 0x81, 0x0b, 0x00, 0x00, 0x00, 0x02, 0x00
.4byte gUnknown_83141DC
.byte 0xa9, 0x81, 0x0c, 0x00, 0x00, 0x00, 0x02, 0x00
.4byte gUnknown_8314224
.byte 0xaa, 0x81, 0x07, 0x00, 0x00, 0x00, 0x02, 0x00
.4byte gUnknown_831426C
.byte 0xab, 0x81, 0x07, 0x00, 0x00, 0x00, 0x02, 0x00
.4byte gUnknown_83142B4
.byte 0xf4, 0x81, 0x07, 0x00
.byte 0x00, 0x00, 0x02, 0x00
.4byte gUnknown_83142FC
.byte 0x4f, 0x82, 0x07, 0x00, 0x00, 0x00, 0x02, 0x00
.4byte gUnknown_8314344
.byte 0x50, 0x82, 0x05, 0x00, 0x00, 0x00, 0x02, 0x00
.4byte gUnknown_831438C
.byte 0x51, 0x82, 0x07, 0x00, 0x00, 0x00, 0x02, 0x00
.4byte gUnknown_83143D4
.byte 0x52, 0x82, 0x07, 0x00, 0x00, 0x00, 0x02, 0x00
.4byte gUnknown_831441C
.byte 0x53, 0x82, 0x08, 0x00, 0x00, 0x00, 0x02, 0x00
.4byte gUnknown_8314464
.byte 0x54, 0x82, 0x07, 0x00, 0x00, 0x00, 0x02, 0x00
.4byte gUnknown_83144AC
.byte 0x55, 0x82, 0x07, 0x00, 0x00, 0x00, 0x02, 0x00
.4byte gUnknown_83144F4
.byte 0x56, 0x82, 0x07, 0x00
.byte 0x00, 0x00, 0x02, 0x00
.4byte gUnknown_831453C
.byte 0x57, 0x82, 0x07, 0x00, 0x00, 0x00, 0x02, 0x00
.4byte gUnknown_8314584
.byte 0x58, 0x82, 0x07, 0x00, 0x00, 0x00, 0x02, 0x00
.4byte gUnknown_83145CC
.byte 0xa0, 0x82, 0x08, 0x00, 0x00, 0x00, 0x02, 0x00
.4byte gUnknown_8314614
.byte 0xa2, 0x82, 0x08, 0x00, 0x00, 0x00, 0x02, 0x00
.4byte gUnknown_831465C
.byte 0xa4, 0x82, 0x07, 0x00, 0x00, 0x00, 0x02, 0x00
.4byte gUnknown_83146A4
.byte 0xa6, 0x82, 0x08, 0x00, 0x00, 0x00, 0x02, 0x00
.4byte gUnknown_83146EC
.byte 0xa8, 0x82, 0x08, 0x00, 0x00, 0x00, 0x02, 0x00
.4byte gUnknown_8314734
.byte 0xa9, 0x82, 0x09, 0x00
.byte 0x00, 0x00, 0x02, 0x00
.4byte gUnknown_831477C
.byte 0xaa, 0x82, 0x09, 0x00, 0x00, 0x00, 0x02, 0x00
.4byte gUnknown_83147C4
.byte 0xab, 0x82, 0x08, 0x00, 0x00, 0x00, 0x02, 0x00
.4byte gUnknown_831480C
.byte 0xac, 0x82, 0x08, 0x00, 0x00, 0x00, 0x02, 0x00
.4byte gUnknown_8314854
.byte 0xad, 0x82, 0x05, 0x00, 0x00, 0x00, 0x02, 0x00
.4byte gUnknown_831489C
.byte 0xae, 0x82, 0x08, 0x00, 0x00, 0x00, 0x02, 0x00
.4byte gUnknown_83148E4
.byte 0xaf, 0x82, 0x08, 0x00, 0x00, 0x00, 0x02, 0x00
.4byte gUnknown_831492C
.byte 0xb0, 0x82, 0x0a, 0x00, 0x00, 0x00, 0x02, 0x00
.4byte gUnknown_8314974
.byte 0xb1, 0x82, 0x07, 0x00
.byte 0x00, 0x00, 0x02, 0x00
.4byte gUnknown_83149BC
.byte 0xb2, 0x82, 0x09, 0x00, 0x00, 0x00, 0x02, 0x00
.4byte gUnknown_8314A04
.byte 0xb3, 0x82, 0x07, 0x00, 0x00, 0x00, 0x02, 0x00
.4byte gUnknown_8314A4C
.byte 0xb4, 0x82, 0x09, 0x00, 0x00, 0x00, 0x02, 0x00
.4byte gUnknown_8314A94
.byte 0xb5, 0x82, 0x07, 0x00, 0x00, 0x00, 0x02, 0x00
.4byte gUnknown_8314ADC
.byte 0xb6, 0x82, 0x07, 0x00, 0x00, 0x00, 0x02, 0x00
.4byte gUnknown_8314B24
.byte 0xb7, 0x82, 0x08, 0x00, 0x00, 0x00, 0x02, 0x00
.4byte gUnknown_8314B6C
.byte 0xb8, 0x82, 0x0a, 0x00, 0x00, 0x00, 0x02, 0x00
.4byte gUnknown_8314BB4
.byte 0xb9, 0x82, 0x08, 0x00
.byte 0x00, 0x00, 0x02, 0x00
.4byte gUnknown_8314BFC
.byte 0xba, 0x82, 0x0a, 0x00, 0x00, 0x00, 0x02, 0x00
.4byte gUnknown_8314C44
.byte 0xbb, 0x82, 0x08, 0x00, 0x00, 0x00, 0x02, 0x00
.4byte gUnknown_8314C8C
.byte 0xbc, 0x82, 0x0a, 0x00, 0x00, 0x00, 0x02, 0x00
.4byte gUnknown_8314CD4
.byte 0xbd, 0x82, 0x08, 0x00, 0x00, 0x00, 0x02, 0x00
.4byte gUnknown_8314D1C
.byte 0xbe, 0x82, 0x09, 0x00, 0x00, 0x00, 0x02, 0x00
.4byte gUnknown_8314D64
.byte 0xbf, 0x82, 0x08, 0x00, 0x00, 0x00, 0x02, 0x00
.4byte gUnknown_8314DAC
.byte 0xc0, 0x82, 0x09, 0x00, 0x00, 0x00, 0x02, 0x00
.4byte gUnknown_8314DF4
.byte 0xc2, 0x82, 0x08, 0x00
.byte 0x00, 0x00, 0x02, 0x00
.4byte gUnknown_8314E3C
.byte 0xc3, 0x82, 0x08, 0x00, 0x00, 0x00, 0x02, 0x00
.4byte gUnknown_8314E84
.byte 0xc4, 0x82, 0x08, 0x00, 0x00, 0x00, 0x02, 0x00
.4byte gUnknown_8314ECC
.byte 0xc5, 0x82, 0x09, 0x00, 0x00, 0x00, 0x02, 0x00
.4byte gUnknown_8314F14
.byte 0xc6, 0x82, 0x07, 0x00, 0x00, 0x00, 0x02, 0x00
.4byte gUnknown_8314F5C
.byte 0xc7, 0x82, 0x09, 0x00, 0x00, 0x00, 0x02, 0x00
.4byte gUnknown_8314FA4
.byte 0xc8, 0x82, 0x08, 0x00, 0x00, 0x00, 0x02, 0x00
.4byte gUnknown_8314FEC
.byte 0xc9, 0x82, 0x08, 0x00, 0x00, 0x00, 0x02, 0x00
.4byte gUnknown_8315034
.byte 0xca, 0x82, 0x0a, 0x00
.byte 0x00, 0x00, 0x02, 0x00
.4byte gUnknown_831507C
.byte 0xcb, 0x82, 0x0a, 0x00, 0x00, 0x00, 0x02, 0x00
.4byte gUnknown_83150C4
.byte 0xcc, 0x82, 0x09, 0x00, 0x00, 0x00, 0x02, 0x00
.4byte gUnknown_831510C
.byte 0xcd, 0x82, 0x09, 0x00, 0x00, 0x00, 0x02, 0x00
.4byte gUnknown_8315154
.byte 0xce, 0x82, 0x0a, 0x00, 0x00, 0x00, 0x02, 0x00
.4byte gUnknown_831519C
.byte 0xcf, 0x82, 0x0a, 0x00, 0x00, 0x00, 0x02, 0x00
.4byte gUnknown_83151E4
.byte 0xd0, 0x82, 0x09, 0x00, 0x00, 0x00, 0x02, 0x00
.4byte gUnknown_831522C
.byte 0xd1, 0x82, 0x09, 0x00, 0x00, 0x00, 0x02, 0x00
.4byte gUnknown_8315274
.byte 0xd2, 0x82, 0x0a, 0x00
.byte 0x00, 0x00, 0x02, 0x00
.4byte gUnknown_83152BC
.byte 0xd3, 0x82, 0x09, 0x00, 0x00, 0x00, 0x02, 0x00
.4byte gUnknown_8315304
.byte 0xd4, 0x82, 0x09, 0x00, 0x00, 0x00, 0x02, 0x00
.4byte gUnknown_831534C
.byte 0xd5, 0x82, 0x09, 0x00, 0x00, 0x00, 0x02, 0x00
.4byte gUnknown_8315394
.byte 0xd6, 0x82, 0x09, 0x00, 0x00, 0x00, 0x02, 0x00
.4byte gUnknown_83153DC
.byte 0xd7, 0x82, 0x09, 0x00, 0x00, 0x00, 0x02, 0x00
.4byte gUnknown_8315424
.byte 0xd8, 0x82, 0x09, 0x00, 0x00, 0x00, 0x02, 0x00
.4byte gUnknown_831546C
.byte 0xd9, 0x82, 0x09, 0x00, 0x00, 0x00, 0x02, 0x00
.4byte gUnknown_83154B4
.byte 0xda, 0x82, 0x0a, 0x00
.byte 0x00, 0x00, 0x02, 0x00
.4byte gUnknown_83154FC
.byte 0xdb, 0x82, 0x0a, 0x00, 0x00, 0x00, 0x02, 0x00
.4byte gUnknown_8315544
.byte 0xdc, 0x82, 0x07, 0x00, 0x00, 0x00, 0x02, 0x00
.4byte gUnknown_831558C
.byte 0xdd, 0x82, 0x08, 0x00, 0x00, 0x00, 0x02, 0x00
.4byte gUnknown_83155D4
.byte 0xde, 0x82, 0x08, 0x00, 0x00, 0x00, 0x02, 0x00
.4byte gUnknown_831561C
.byte 0xdf, 0x82, 0x09, 0x00, 0x00, 0x00, 0x02, 0x00
.4byte gUnknown_8315664
.byte 0xe0, 0x82, 0x08, 0x00, 0x00, 0x00, 0x02, 0x00
.4byte gUnknown_83156AC
.byte 0xe2, 0x82, 0x09, 0x00, 0x00, 0x00, 0x02, 0x00
.4byte gUnknown_83156F4
.byte 0xe4, 0x82, 0x08, 0x00
.byte 0x00, 0x00, 0x02, 0x00
.4byte gUnknown_831573C
.byte 0xe6, 0x82, 0x07, 0x00, 0x00, 0x00, 0x02, 0x00
.4byte gUnknown_8315784
.byte 0xe7, 0x82, 0x07, 0x00, 0x00, 0x00, 0x02, 0x00
.4byte gUnknown_83157CC
.byte 0xe8, 0x82, 0x07, 0x00, 0x00, 0x00, 0x02, 0x00
.4byte gUnknown_8315814
.byte 0xe9, 0x82, 0x07, 0x00, 0x00, 0x00, 0x02, 0x00
.4byte gUnknown_831585C
.byte 0xea, 0x82, 0x09, 0x00, 0x00, 0x00, 0x02, 0x00
.4byte gUnknown_83158A4
.byte 0xeb, 0x82, 0x08, 0x00, 0x00, 0x00, 0x02, 0x00
.4byte gUnknown_83158EC
.byte 0xed, 0x82, 0x0a, 0x00, 0x00, 0x00, 0x02, 0x00
.4byte gUnknown_8315934
.byte 0xf0, 0x82, 0x08, 0x00
.byte 0x00, 0x00, 0x02, 0x00
.4byte gUnknown_831597C
.byte 0xf1, 0x82, 0x09, 0x00, 0x00, 0x00, 0x02, 0x00
.4byte gUnknown_83159C4
.byte 0x41, 0x83, 0x08, 0x00, 0x00, 0x00, 0x02, 0x00
.4byte gUnknown_8315A0C
.byte 0x43, 0x83, 0x08, 0x00, 0x00, 0x00, 0x02, 0x00
.4byte gUnknown_8315A54
.byte 0x45, 0x83, 0x07, 0x00, 0x00, 0x00, 0x02, 0x00
.4byte gUnknown_8315A9C
.byte 0x47, 0x83, 0x08, 0x00, 0x00, 0x00, 0x02, 0x00
.4byte gUnknown_8315AE4
.byte 0x49, 0x83, 0x08, 0x00, 0x00, 0x00, 0x02, 0x00
.4byte gUnknown_8315B2C
.byte 0x4a, 0x83, 0x08, 0x00, 0x00, 0x00, 0x02, 0x00
.4byte gUnknown_8315B74
.byte 0x4b, 0x83, 0x08, 0x00
.byte 0x00, 0x00, 0x02, 0x00
.4byte gUnknown_8315BBC
.byte 0x4c, 0x83, 0x08, 0x00, 0x00, 0x00, 0x02, 0x00
.4byte gUnknown_8315C04
.byte 0x4d, 0x83, 0x08, 0x00, 0x00, 0x00, 0x02, 0x00
.4byte gUnknown_8315C4C
.byte 0x4e, 0x83, 0x07, 0x00, 0x00, 0x00, 0x02, 0x00
.4byte gUnknown_8315C94
.byte 0x4f, 0x83, 0x08, 0x00, 0x00, 0x00, 0x02, 0x00
.4byte gUnknown_8315CDC
.byte 0x50, 0x83, 0x08, 0x00, 0x00, 0x00, 0x02, 0x00
.4byte gUnknown_8315D24
.byte 0x51, 0x83, 0x08, 0x00, 0x00, 0x00, 0x02, 0x00
.4byte gUnknown_8315D6C
.byte 0x52, 0x83, 0x07, 0x00, 0x00, 0x00, 0x02, 0x00
.4byte gUnknown_8315DB4
.byte 0x53, 0x83, 0x07, 0x00
.byte 0x00, 0x00, 0x02, 0x00
.4byte gUnknown_8315DFC
.byte 0x54, 0x83, 0x08, 0x00, 0x00, 0x00, 0x02, 0x00
.4byte gUnknown_8315E44
.byte 0x55, 0x83, 0x0a, 0x00, 0x00, 0x00, 0x02, 0x00
.4byte gUnknown_8315E8C
.byte 0x56, 0x83, 0x07, 0x00, 0x00, 0x00, 0x02, 0x00
.4byte gUnknown_8315ED4
.byte 0x57, 0x83, 0x07, 0x00, 0x00, 0x00, 0x02, 0x00
.4byte gUnknown_8315F1C
.byte 0x58, 0x83, 0x08, 0x00, 0x00, 0x00, 0x02, 0x00
.4byte gUnknown_8315F64
.byte 0x59, 0x83, 0x09, 0x00, 0x00, 0x00, 0x02, 0x00
.4byte gUnknown_8315FAC
.byte 0x5a, 0x83, 0x07, 0x00, 0x00, 0x00, 0x02, 0x00
.4byte gUnknown_8315FF4
.byte 0x5b, 0x83, 0x08, 0x00
.byte 0x00, 0x00, 0x02, 0x00
.4byte gUnknown_831603C
.byte 0x5c, 0x83, 0x07, 0x00, 0x00, 0x00, 0x02, 0x00
.4byte gUnknown_8316084
.byte 0x5d, 0x83, 0x08, 0x00, 0x00, 0x00, 0x02, 0x00
.4byte gUnknown_83160CC
.byte 0x5e, 0x83, 0x08, 0x00, 0x00, 0x00, 0x02, 0x00
.4byte gUnknown_8316114
.byte 0x5f, 0x83, 0x09, 0x00, 0x00, 0x00, 0x02, 0x00
.4byte gUnknown_831615C
.byte 0x60, 0x83, 0x08, 0x00, 0x00, 0x00, 0x02, 0x00
.4byte gUnknown_83161A4
.byte 0x61, 0x83, 0x08, 0x00, 0x00, 0x00, 0x02, 0x00
.4byte gUnknown_83161EC
.byte 0x62, 0x83, 0x06, 0x00, 0x00, 0x00, 0x02, 0x00
.4byte gUnknown_8316234
.byte 0x63, 0x83, 0x07, 0x00
.byte 0x00, 0x00, 0x02, 0x00
.4byte gUnknown_831627C
.byte 0x64, 0x83, 0x08, 0x00, 0x00, 0x00, 0x02, 0x00
.4byte gUnknown_83162C4
.byte 0x65, 0x83, 0x08, 0x00, 0x00, 0x00, 0x02, 0x00
.4byte gUnknown_831630C
.byte 0x66, 0x83, 0x08, 0x00, 0x00, 0x00, 0x02, 0x00
.4byte gUnknown_8316354
.byte 0x67, 0x83, 0x06, 0x00, 0x00, 0x00, 0x02, 0x00
.4byte gUnknown_831639C
.byte 0x68, 0x83, 0x07, 0x00, 0x00, 0x00, 0x02, 0x00
.4byte gUnknown_83163E4
.byte 0x69, 0x83, 0x08, 0x00, 0x00, 0x00, 0x02, 0x00
.4byte gUnknown_831642C
.byte 0x6a, 0x83, 0x08, 0x00, 0x00, 0x00, 0x02, 0x00
.4byte gUnknown_8316474
.byte 0x6b, 0x83, 0x08, 0x00
.byte 0x00, 0x00, 0x02, 0x00
.4byte gUnknown_83164BC
.byte 0x6c, 0x83, 0x08, 0x00, 0x00, 0x00, 0x02, 0x00
.4byte gUnknown_8316504
.byte 0x6d, 0x83, 0x07, 0x00, 0x00, 0x00, 0x02, 0x00
.4byte gUnknown_831654C
.byte 0x6e, 0x83, 0x08, 0x00, 0x00, 0x00, 0x02, 0x00
.4byte gUnknown_8316594
.byte 0x6f, 0x83, 0x08, 0x00, 0x00, 0x00, 0x02, 0x00
.4byte gUnknown_83165DC
.byte 0x70, 0x83, 0x08, 0x00, 0x00, 0x00, 0x02, 0x00
.4byte gUnknown_8316624
.byte 0x71, 0x83, 0x07, 0x00, 0x00, 0x00, 0x02, 0x00
.4byte gUnknown_831666C
.byte 0x72, 0x83, 0x08, 0x00, 0x00, 0x00, 0x02, 0x00
.4byte gUnknown_83166B4
.byte 0x73, 0x83, 0x09, 0x00
.byte 0x00, 0x00, 0x02, 0x00
.4byte gUnknown_83166FC
.byte 0x74, 0x83, 0x07, 0x00, 0x00, 0x00, 0x02, 0x00
.4byte gUnknown_8316744
.byte 0x75, 0x83, 0x08, 0x00, 0x00, 0x00, 0x02, 0x00
.4byte gUnknown_831678C
.byte 0x76, 0x83, 0x09, 0x00, 0x00, 0x00, 0x02, 0x00
.4byte gUnknown_83167D4
.byte 0x77, 0x83, 0x09, 0x00, 0x00, 0x00, 0x02, 0x00
.4byte gUnknown_831681C
.byte 0x78, 0x83, 0x09, 0x00, 0x00, 0x00, 0x02, 0x00
.4byte gUnknown_8316864
.byte 0x79, 0x83, 0x09, 0x00, 0x00, 0x00, 0x02, 0x00
.4byte gUnknown_83168AC
.byte 0x7a, 0x83, 0x08, 0x00, 0x00, 0x00, 0x02, 0x00
.4byte gUnknown_83168F4
.byte 0x7b, 0x83, 0x09, 0x00
.byte 0x00, 0x00, 0x02, 0x00
.4byte gUnknown_831693C
.byte 0x7c, 0x83, 0x09, 0x00, 0x00, 0x00, 0x02, 0x00
.4byte gUnknown_8316984
.byte 0x7d, 0x83, 0x08, 0x00, 0x00, 0x00, 0x02, 0x00
.4byte gUnknown_83169CC
.byte 0x7e, 0x83, 0x06, 0x00, 0x00, 0x00, 0x02, 0x00
.4byte gUnknown_8316A14
.byte 0x80, 0x83, 0x07, 0x00, 0x00, 0x00, 0x02, 0x00
.4byte gUnknown_8316A5C
.byte 0x81, 0x83, 0x08, 0x00, 0x00, 0x00, 0x02, 0x00
.4byte gUnknown_8316AA4
.byte 0x82, 0x83, 0x07, 0x00, 0x00, 0x00, 0x02, 0x00
.4byte gUnknown_8316AEC
.byte 0x84, 0x83, 0x08, 0x00, 0x00, 0x00, 0x02, 0x00
.4byte gUnknown_8316B34
.byte 0x86, 0x83, 0x08, 0x00
.byte 0x00, 0x00, 0x02, 0x00
.4byte gUnknown_8316B7C
.byte 0x88, 0x83, 0x07, 0x00, 0x00, 0x00, 0x02, 0x00
.4byte gUnknown_8316BC4
.byte 0x89, 0x83, 0x07, 0x00, 0x00, 0x00, 0x02, 0x00
.4byte gUnknown_8316C0C
.byte 0x8a, 0x83, 0x06, 0x00, 0x00, 0x00, 0x02, 0x00
.4byte gUnknown_8316C54
.byte 0x8b, 0x83, 0x09, 0x00, 0x00, 0x00, 0x02, 0x00
.4byte gUnknown_8316C9C
.byte 0x8c, 0x83, 0x07, 0x00, 0x00, 0x00, 0x02, 0x00
.4byte gUnknown_8316CE4
.byte 0x8d, 0x83, 0x07, 0x00, 0x00, 0x00, 0x02, 0x00
.4byte gUnknown_8316D2C
.byte 0x8f, 0x83, 0x07, 0x00, 0x00, 0x00, 0x02, 0x00
.4byte gUnknown_8316D74
.byte 0x92, 0x83, 0x07, 0x00
.byte 0x00, 0x00, 0x02, 0x00
.4byte gUnknown_8316DBC
.byte 0x93, 0x83, 0x08, 0x00, 0x00, 0x00, 0x02, 0x00
.4byte gUnknown_8316E04
.byte 0x9f, 0x83, 0x06, 0x00, 0x00, 0x00, 0x00, 0x00
.4byte gUnknown_8316E4C
.byte 0xa0, 0x83, 0x06, 0x00, 0x00, 0x00, 0x00, 0x00
.4byte gUnknown_8316E94
.byte 0xa1, 0x83, 0x06, 0x00, 0x00, 0x00, 0x00, 0x00
.4byte gUnknown_8316EDC
.byte 0xa2, 0x83, 0x06, 0x00, 0x00, 0x00, 0x00, 0x00
.4byte gUnknown_8316F24
.byte 0xa3, 0x83, 0x06, 0x00, 0x00, 0x00, 0x00, 0x00
.4byte gUnknown_8316F6C
.byte 0xa4, 0x83, 0x06, 0x00, 0x00, 0x00, 0x00, 0x00
.4byte gUnknown_8316FB4
.byte 0xa5, 0x83, 0x06, 0x00
.byte 0x00, 0x00, 0x00, 0x00
.4byte gUnknown_8316FFC
.byte 0xa6, 0x83, 0x06, 0x00, 0x00, 0x00, 0x00, 0x00
.4byte gUnknown_8317044
.byte 0xa7, 0x83, 0x06, 0x00, 0x00, 0x00, 0x00, 0x00
.4byte gUnknown_831708C
.byte 0xa8, 0x83, 0x06, 0x00, 0x00, 0x00, 0x00, 0x00
.4byte gUnknown_83170D4
.byte 0xbf, 0x83, 0x08, 0x00, 0x00, 0x00, 0x03, 0x00
.4byte gUnknown_831711C
.byte 0xc0, 0x83, 0x09, 0x00, 0x00, 0x00, 0x03, 0x00
.4byte gUnknown_8317164
.byte 0xc1, 0x83, 0x08, 0x00, 0x00, 0x00, 0x03, 0x00
.4byte gUnknown_83171AC
.byte 0xc2, 0x83, 0x08, 0x00, 0x00, 0x00, 0x03, 0x00
.4byte gUnknown_83171F4
.byte 0xc3, 0x83, 0x08, 0x00
.byte 0x00, 0x00, 0x03, 0x00
.4byte gUnknown_831723C
.byte 0xc4, 0x83, 0x07, 0x00, 0x00, 0x00, 0x03, 0x00
.4byte gUnknown_8317284
.byte 0xc5, 0x83, 0x07, 0x00, 0x00, 0x00, 0x03, 0x00
.4byte gUnknown_83172CC
.byte 0xc6, 0x83, 0x0a, 0x00, 0x00, 0x00, 0x03, 0x00
.4byte gUnknown_8317314
.byte 0xc7, 0x83, 0x0a, 0x00, 0x00, 0x00, 0x03, 0x00
.4byte gUnknown_831735C
.byte 0xc8, 0x83, 0x09, 0x00, 0x00, 0x00, 0x02, 0x00
.4byte gUnknown_83173A4
.byte 0x86, 0x84, 0x0b, 0x00, 0x00, 0x00, 0x03, 0x00
.4byte gUnknown_83173EC
.byte 0x87, 0x84, 0x0a, 0x00, 0x00, 0x00, 0x03, 0x00
.4byte gUnknown_8317434
.byte 0x40, 0x87, 0x08, 0x00
.byte 0x00, 0x00, 0x03, 0x00
.4byte gUnknown_831747C
.byte 0x41, 0x87, 0x08, 0x00, 0x00, 0x00, 0x03, 0x00
.4byte gUnknown_83174C4
.byte 0x42, 0x87, 0x08, 0x00, 0x00, 0x00, 0x03, 0x00
.4byte gUnknown_831750C
.byte 0x43, 0x87, 0x08, 0x00, 0x00, 0x00, 0x03, 0x00
.4byte gUnknown_8317554
.byte 0x44, 0x87, 0x09, 0x00, 0x00, 0x00, 0x03, 0x00
.4byte gUnknown_831759C
.byte 0x45, 0x87, 0x0c, 0x00, 0x00, 0x00, 0x03, 0x00
.4byte gUnknown_83175E4
.byte 0x46, 0x87, 0x0b, 0x00, 0x00, 0x00, 0x03, 0x00
.4byte gUnknown_831762C
.byte 0x47, 0x87, 0x0b, 0x00, 0x00, 0x00, 0x03, 0x00
.4byte gUnknown_8317674
.byte 0x48, 0x87, 0x0b, 0x00
.byte 0x00, 0x00, 0x03, 0x00
.4byte gUnknown_83176BC
.byte 0x49, 0x87, 0x0b, 0x00, 0x00, 0x00, 0x03, 0x00
.4byte gUnknown_8317704
.byte 0x4a, 0x87, 0x0b, 0x00, 0x00, 0x00, 0x03, 0x00
.4byte gUnknown_831774C
.byte 0x4b, 0x87, 0x0b, 0x00, 0x00, 0x00, 0x03, 0x00
.4byte gUnknown_8317794
.byte 0x4c, 0x87, 0x0b, 0x00, 0x00, 0x00, 0x03, 0x00
.4byte gUnknown_83177DC
.byte 0x4d, 0x87, 0x0b, 0x00, 0x00, 0x00, 0x03, 0x00
.4byte gUnknown_8317824
.byte 0x4e, 0x87, 0x0b, 0x00, 0x00, 0x00, 0x03, 0x00
.4byte gUnknown_831786C
.byte 0x4f, 0x87, 0x0b, 0x00, 0x00, 0x00, 0x03, 0x00
.4byte gUnknown_83178B4
.byte 0x50, 0x87, 0x0b, 0x00
.byte 0x00, 0x00, 0x03, 0x00
.4byte gUnknown_83178FC
.byte 0x51, 0x87, 0x0b, 0x00, 0x00, 0x00, 0x03, 0x00
.4byte gUnknown_8317944
.byte 0x52, 0x87, 0x0b, 0x00, 0x00, 0x00, 0x03, 0x00
.4byte gUnknown_831798C
.byte 0x53, 0x87, 0x0a, 0x00, 0x00, 0x00, 0x03, 0x00
.4byte gUnknown_83179D4
.byte 0x54, 0x87, 0x09, 0x00, 0x00, 0x00, 0x03, 0x00
.4byte gUnknown_8317A1C
.byte 0x5f, 0x87, 0x0c, 0x00, 0x00, 0x00, 0x03, 0x00
.4byte gUnknown_8317A64
.byte 0x71, 0x87, 0x0b, 0x00, 0x00, 0x00, 0x03, 0x00
.4byte gUnknown_8317AAC
.byte 0x72, 0x87, 0x0a, 0x00, 0x00, 0x00, 0x03, 0x00
.4byte gUnknown_8317AF4
.byte 0x73, 0x87, 0x0c, 0x00
.byte 0x00, 0x00, 0x03, 0x00
.4byte gUnknown_8317B3C
.byte 0x74, 0x87, 0x0b, 0x00, 0x00, 0x00, 0x03, 0x00
.global gUnknown_83191B0
gUnknown_83191B0:
.byte 0xd9, 0x01, 0x00, 0x00
.4byte gUnknown_8317B84
.global gUnknown_83191B8
gUnknown_83191B8:
.byte 0x53, 0x49, 0x52, 0x4f
.4byte gUnknown_831DD94
.byte 0x00, 0x00, 0x00, 0x00, 0x00, 0x00, 0x00, 0x00
.global gUnknown_83191C8
gUnknown_83191C8:
.byte 0x00, 0x00, 0x00, 0x00, 0x00, 0x00, 0x00, 0x00, 0x00, 0x00, 0x00, 0x00, 0x00, 0x00, 0x00, 0x00, 0x00, 0x00, 0x00, 0x00, 0x00, 0x00, 0x00, 0x00
.byte 0x00, 0x00, 0x00, 0x00, 0x00, 0x00, 0x00, 0x00, 0x00, 0x00, 0x00, 0x00, 0x00, 0x00, 0x00, 0x00, 0x00, 0x00, 0x00, 0x00, 0x00, 0x00, 0x00, 0x00, 0x00, 0x00, 0x00, 0x00, 0x00, 0x00, 0x00, 0x00
.byte 0x00, 0x00, 0x00, 0x00, 0x00, 0x00, 0x00, 0x00, 0x00, 0x00, 0x00, 0x00, 0x00, 0x00, 0x00, 0x00
.global gUnknown_8319210
gUnknown_8319210:
.byte 0x0f, 0x00, 0x00, 0x00, 0x00, 0x00, 0x0f, 0x00, 0x00, 0x00, 0x00, 0x00, 0x0f, 0x00, 0x00, 0x00
.byte 0x00, 0x00, 0x0f, 0x00, 0x00, 0x00, 0x00, 0x00, 0x0f, 0x00, 0x00, 0x00, 0x00, 0x00, 0x0f, 0x00, 0x00, 0x00, 0x00, 0x00, 0x00, 0x00, 0x00, 0x00, 0x00, 0x00, 0x0f, 0x00, 0x00, 0x00, 0x00, 0x00
.byte 0x00, 0x00, 0x00, 0x00, 0x00, 0x00, 0x00, 0x00, 0x00, 0x00, 0x00, 0x00, 0x00, 0x00, 0x00, 0x00, 0x00, 0x00, 0x00, 0x00, 0x00, 0x00, 0x00, 0x00
.global gUnknown_8319258
gUnknown_8319258:
.byte 0x0f, 0x0f, 0x00, 0x00, 0x00, 0x00, 0x0f, 0x0f
.byte 0x00, 0x00, 0x00, 0x00, 0x00, 0x00, 0x00, 0x00, 0x00, 0x00, 0x00, 0x00, 0x00, 0x00, 0x00, 0x00, 0x00, 0x00, 0x00, 0x00, 0x00, 0x00, 0x00, 0x00, 0x00, 0x00, 0x00, 0x00, 0x00, 0x00, 0x00, 0x00
.byte 0x00, 0x00, 0x00, 0x00, 0x00, 0x00, 0x00, 0x00, 0x00, 0x00, 0x00, 0x00, 0x00, 0x00, 0x00, 0x00, 0x00, 0x00, 0x00, 0x00, 0x00, 0x00, 0x00, 0x00, 0x00, 0x00, 0x00, 0x00, 0x00, 0x00, 0x00, 0x00
.global gUnknown_83192A0
gUnknown_83192A0:
.byte 0x00, 0xf0, 0xf0, 0x00, 0x00, 0x00, 0xf0, 0xff, 0xff, 0x0f, 0x00, 0x00, 0x00, 0x0f, 0x0f, 0x00, 0x00, 0x00, 0xff, 0xff, 0xff, 0x00, 0x00, 0x00, 0xf0, 0xf0, 0x00, 0x00, 0x00, 0x00, 0x00, 0x00
.byte 0x00, 0x00, 0x00, 0x00, 0x00, 0x00, 0x00, 0x00, 0x00, 0x00, 0x00, 0x00, 0x00, 0x00, 0x00, 0x00, 0x00, 0x00, 0x00, 0x00, 0x00, 0x00, 0x00, 0x00, 0x00, 0x00, 0x00, 0x00, 0x00, 0x00, 0x00, 0x00
.byte 0x00, 0x00, 0x00, 0x00, 0x00, 0x00, 0x00, 0x00
.global gUnknown_83192E8
gUnknown_83192E8:
.byte 0x00, 0x0f, 0x00, 0x00, 0x00, 0x00, 0xf0, 0xff, 0x00, 0x00, 0x00, 0x00, 0x0f, 0x0f, 0x0f, 0x00, 0x00, 0x00, 0x0f, 0x0f, 0x00, 0x00, 0x00, 0x00
.byte 0xf0, 0x0f, 0x00, 0x00, 0x00, 0x00, 0x00, 0xff, 0x00, 0x00, 0x00, 0x00, 0x00, 0x0f, 0x0f, 0x00, 0x00, 0x00, 0x0f, 0x0f, 0x0f, 0x00, 0x00, 0x00, 0xf0, 0xff, 0x00, 0x00, 0x00, 0x00, 0x00, 0x00
.byte 0x00, 0x00, 0x00, 0x00, 0x00, 0x00, 0x00, 0x00, 0x00, 0x00, 0x00, 0x00, 0x00, 0x00, 0x00, 0x00
.global gUnknown_8319330
gUnknown_8319330:
.byte 0xf0, 0x0f, 0x00, 0xf0, 0x00, 0x00, 0x0f, 0xf0, 0x00, 0x0f, 0x00, 0x00, 0x0f, 0xf0, 0xf0, 0x00
.byte 0x00, 0x00, 0xf0, 0x0f, 0x0f, 0x00, 0x00, 0x00, 0x00, 0xf0, 0xf0, 0x0f, 0x00, 0x00, 0x00, 0x0f, 0x0f, 0xf0, 0x00, 0x00, 0xf0, 0x00, 0x0f, 0xf0, 0x00, 0x00, 0xf0, 0x00, 0xf0, 0x0f, 0x00, 0x00
.byte 0x00, 0x00, 0x00, 0x00, 0x00, 0x00, 0x00, 0x00, 0x00, 0x00, 0x00, 0x00, 0x00, 0x00, 0x00, 0x00, 0x00, 0x00, 0x00, 0x00, 0x00, 0x00, 0x00, 0x00
.global gUnknown_8319378
gUnknown_8319378:
.byte 0x00, 0x40, 0x55, 0x04, 0x00, 0x00, 0x00, 0x64
.byte 0x77, 0x46, 0x00, 0x00, 0x00, 0x75, 0x54, 0x57, 0x00, 0x00, 0x00, 0x72, 0x65, 0x27, 0x00, 0x00, 0x00, 0x64, 0x77, 0x06, 0x04, 0x00, 0x40, 0x77, 0x77, 0x65, 0x47, 0x00, 0x50, 0x67, 0x72, 0x77
.byte 0x26, 0x00, 0x60, 0x57, 0x20, 0x77, 0x05, 0x00, 0x50, 0x77, 0x65, 0x77, 0x27, 0x00, 0x00, 0x75, 0x77, 0x57, 0x77, 0x00, 0x00, 0x40, 0x55, 0x04, 0x52, 0x00, 0x00, 0x00, 0x00, 0x00, 0x00, 0x00
.global gUnknown_83193C0
gUnknown_83193C0:
.byte 0x00, 0x00, 0x00, 0x00, 0x00, 0x00, 0x50, 0x57, 0x00, 0x00, 0x00, 0x00, 0x60, 0x77, 0x00, 0x00, 0x00, 0x00, 0x00, 0x57, 0x00, 0x00, 0x00, 0x00, 0x50, 0x05, 0x00, 0x00, 0x00, 0x00, 0x00, 0x00
.byte 0x00, 0x00, 0x00, 0x00, 0x00, 0x00, 0x00, 0x00, 0x00, 0x00, 0x00, 0x00, 0x00, 0x00, 0x00, 0x00, 0x00, 0x00, 0x00, 0x00, 0x00, 0x00, 0x00, 0x00, 0x00, 0x00, 0x00, 0x00, 0x00, 0x00, 0x00, 0x00
.byte 0x00, 0x00, 0x00, 0x00, 0x00, 0x00, 0x00, 0x00
.global gUnknown_8319408
gUnknown_8319408:
.byte 0x00, 0x0f, 0x00, 0x00, 0x00, 0x00, 0xf0, 0x00, 0x00, 0x00, 0x00, 0x00, 0xf0, 0x00, 0x00, 0x00, 0x00, 0x00, 0x0f, 0x00, 0x00, 0x00, 0x00, 0x00
.byte 0x0f, 0x00, 0x00, 0x00, 0x00, 0x00, 0x0f, 0x00, 0x00, 0x00, 0x00, 0x00, 0xf0, 0x00, 0x00, 0x00, 0x00, 0x00, 0xf0, 0x00, 0x00, 0x00, 0x00, 0x00, 0x00, 0x0f, 0x00, 0x00, 0x00, 0x00, 0x00, 0x00
.byte 0x00, 0x00, 0x00, 0x00, 0x00, 0x00, 0x00, 0x00, 0x00, 0x00, 0x00, 0x00, 0x00, 0x00, 0x00, 0x00
.global gUnknown_8319450
gUnknown_8319450:
.byte 0x0f, 0x00, 0x00, 0x00, 0x00, 0x00, 0xf0, 0x00, 0x00, 0x00, 0x00, 0x00, 0xf0, 0x00, 0x00, 0x00
.byte 0x00, 0x00, 0x00, 0x0f, 0x00, 0x00, 0x00, 0x00, 0x00, 0x0f, 0x00, 0x00, 0x00, 0x00, 0x00, 0x0f, 0x00, 0x00, 0x00, 0x00, 0xf0, 0x00, 0x00, 0x00, 0x00, 0x00, 0xf0, 0x00, 0x00, 0x00, 0x00, 0x00
.byte 0x0f, 0x00, 0x00, 0x00, 0x00, 0x00, 0x00, 0x00, 0x00, 0x00, 0x00, 0x00, 0x00, 0x00, 0x00, 0x00, 0x00, 0x00, 0x00, 0x00, 0x00, 0x00, 0x00, 0x00
.global gUnknown_8319498
gUnknown_8319498:
.byte 0x00, 0x00, 0x00, 0x00, 0x00, 0x00, 0x00, 0x00
.byte 0x00, 0x00, 0x00, 0x00, 0x00, 0x00, 0x00, 0x00, 0x00, 0x00, 0x00, 0x00, 0x00, 0x00, 0x00, 0x00, 0x00, 0xd0, 0xe9, 0x00, 0x00, 0x00, 0x00, 0x20, 0x51, 0x00, 0x00, 0x00, 0x00, 0x30, 0x81, 0x00
.byte 0x00, 0x00, 0x00, 0xe0, 0x0c, 0x00, 0x00, 0x00, 0x00, 0x00, 0x00, 0x00, 0x00, 0x00, 0x00, 0x00, 0x00, 0x00, 0x00, 0x00, 0x00, 0x00, 0x00, 0x00, 0x00, 0x00, 0x00, 0x00, 0x00, 0x00, 0x00, 0x00
.global gUnknown_83194E0
gUnknown_83194E0:
.byte 0x00, 0x00, 0x00, 0x00, 0x00, 0x00, 0x00, 0x00, 0x00, 0x00, 0x00, 0x00, 0x00, 0x0f, 0x00, 0x00, 0x00, 0x00, 0x00, 0x0f, 0x00, 0x00, 0x00, 0x00, 0xff, 0xff, 0x0f, 0x00, 0x00, 0x00, 0x00, 0x0f
.byte 0x00, 0x00, 0x00, 0x00, 0x00, 0x0f, 0x00, 0x00, 0x00, 0x00, 0x00, 0x00, 0x00, 0x00, 0x00, 0x00, 0x00, 0x00, 0x00, 0x00, 0x00, 0x00, 0x00, 0x00, 0x00, 0x00, 0x00, 0x00, 0x00, 0x00, 0x00, 0x00
.byte 0x00, 0x00, 0x00, 0x00, 0x00, 0x00, 0x00, 0x00
.global gUnknown_8319528
gUnknown_8319528:
.byte 0x00, 0x00, 0x00, 0x00, 0x00, 0x00, 0x00, 0x00, 0x00, 0x00, 0x00, 0x00, 0x00, 0x00, 0x00, 0x00, 0x00, 0x00, 0x00, 0x00, 0x00, 0x00, 0x00, 0x00
.byte 0x00, 0x00, 0x00, 0x00, 0x00, 0x00, 0x00, 0x00, 0x00, 0x00, 0x00, 0x00, 0x00, 0x00, 0x00, 0x00, 0x00, 0x00, 0x00, 0x00, 0x00, 0x00, 0x00, 0x00, 0x50, 0x57, 0x00, 0x00, 0x00, 0x00, 0x60, 0x77
.byte 0x00, 0x00, 0x00, 0x00, 0x00, 0x57, 0x00, 0x00, 0x00, 0x00, 0x50, 0x05, 0x00, 0x00, 0x00, 0x00
.global gUnknown_8319570
gUnknown_8319570:
.byte 0x00, 0x00, 0x00, 0x00, 0x00, 0x00, 0x00, 0x00, 0x00, 0x00, 0x00, 0x00, 0x00, 0x00, 0x00, 0x00
.byte 0x00, 0x00, 0x00, 0x00, 0x00, 0x00, 0x00, 0x00, 0x00, 0x00, 0x00, 0x00, 0x00, 0x00, 0x00, 0x00, 0x00, 0x00, 0x00, 0x00, 0x60, 0x77, 0x77, 0x67, 0x00, 0x00, 0x50, 0x66, 0x66, 0x56, 0x00, 0x00
.byte 0x00, 0x00, 0x00, 0x00, 0x00, 0x00, 0x00, 0x00, 0x00, 0x00, 0x00, 0x00, 0x00, 0x00, 0x00, 0x00, 0x00, 0x00, 0x00, 0x00, 0x00, 0x00, 0x00, 0x00
.global gUnknown_83195B8
gUnknown_83195B8:
.byte 0x00, 0x00, 0x00, 0x00, 0x00, 0x00, 0x00, 0x00
.byte 0x00, 0x00, 0x00, 0x00, 0x00, 0x00, 0x00, 0x00, 0x00, 0x00, 0x00, 0x00, 0x00, 0x00, 0x00, 0x00, 0x00, 0x00, 0x00, 0x00, 0x00, 0x00, 0x00, 0x00, 0x00, 0x00, 0x00, 0x00, 0x00, 0x00, 0x00, 0x00
.byte 0x00, 0x00, 0x00, 0x00, 0x00, 0x00, 0x00, 0x00, 0x00, 0x00, 0x00, 0x00, 0x00, 0x00, 0x00, 0x67, 0x00, 0x00, 0x00, 0x00, 0x00, 0x46, 0x00, 0x00, 0x00, 0x00, 0x00, 0x00, 0x00, 0x00, 0x00, 0x00
.global gUnknown_8319600
gUnknown_8319600:
.byte 0x00, 0xf0, 0x00, 0x00, 0x00, 0x00, 0x00, 0xf0, 0x00, 0x00, 0x00, 0x00, 0x00, 0x0f, 0x00, 0x00, 0x00, 0x00, 0x00, 0x0f, 0x00, 0x00, 0x00, 0x00, 0xf0, 0x00, 0x00, 0x00, 0x00, 0x00, 0xf0, 0x00
.byte 0x00, 0x00, 0x00, 0x00, 0x0f, 0x00, 0x00, 0x00, 0x00, 0x00, 0x0f, 0x00, 0x00, 0x00, 0x00, 0x00, 0x00, 0x00, 0x00, 0x00, 0x00, 0x00, 0x00, 0x00, 0x00, 0x00, 0x00, 0x00, 0x00, 0x00, 0x00, 0x00
.byte 0x00, 0x00, 0x00, 0x00, 0x00, 0x00, 0x00, 0x00
.global gUnknown_8319648
gUnknown_8319648:
.byte 0x00, 0x50, 0x77, 0x05, 0x00, 0x00, 0x00, 0x76, 0x77, 0x67, 0x00, 0x00, 0x50, 0x67, 0x44, 0x76, 0x05, 0x00, 0x60, 0x47, 0x00, 0x74, 0x06, 0x00
.byte 0x70, 0x06, 0x00, 0x60, 0x07, 0x00, 0x70, 0x06, 0x00, 0x60, 0x07, 0x00, 0x70, 0x06, 0x00, 0x60, 0x07, 0x00, 0x60, 0x47, 0x00, 0x74, 0x06, 0x00, 0x50, 0x67, 0x44, 0x76, 0x05, 0x00, 0x00, 0x76
.byte 0x77, 0x67, 0x00, 0x00, 0x00, 0x50, 0x66, 0x05, 0x00, 0x00, 0x00, 0x00, 0x00, 0x00, 0x00, 0x00
.global gUnknown_8319690
gUnknown_8319690:
.byte 0x00, 0x60, 0x05, 0x00, 0x00, 0x00, 0x00, 0x76, 0x07, 0x00, 0x00, 0x00, 0x60, 0x77, 0x07, 0x00
.byte 0x00, 0x00, 0x50, 0x76, 0x07, 0x00, 0x00, 0x00, 0x00, 0x70, 0x07, 0x00, 0x00, 0x00, 0x00, 0x70, 0x07, 0x00, 0x00, 0x00, 0x00, 0x70, 0x07, 0x00, 0x00, 0x00, 0x00, 0x70, 0x07, 0x00, 0x00, 0x00
.byte 0x00, 0x70, 0x07, 0x00, 0x00, 0x00, 0x00, 0x70, 0x06, 0x00, 0x00, 0x00, 0x00, 0x60, 0x05, 0x00, 0x00, 0x00, 0x00, 0x00, 0x00, 0x00, 0x00, 0x00
.global gUnknown_83196D8
gUnknown_83196D8:
.byte 0x00, 0x65, 0x77, 0x56, 0x00, 0x00, 0x50, 0x77
.byte 0x66, 0x77, 0x05, 0x00, 0x60, 0x57, 0x00, 0x75, 0x06, 0x00, 0x50, 0x06, 0x00, 0x70, 0x07, 0x00, 0x00, 0x00, 0x00, 0x70, 0x06, 0x00, 0x00, 0x00, 0x50, 0x77, 0x05, 0x00, 0x00, 0x50, 0x77, 0x57
.byte 0x00, 0x00, 0x00, 0x76, 0x57, 0x00, 0x00, 0x00, 0x50, 0x77, 0x00, 0x00, 0x00, 0x00, 0x60, 0x77, 0x77, 0x77, 0x06, 0x00, 0x50, 0x66, 0x66, 0x66, 0x05, 0x00, 0x00, 0x00, 0x00, 0x00, 0x00, 0x00
.global gUnknown_8319720
gUnknown_8319720:
.byte 0x00, 0x64, 0x77, 0x46, 0x00, 0x00, 0x40, 0x76, 0x66, 0x67, 0x04, 0x00, 0x60, 0x57, 0x00, 0x75, 0x06, 0x00, 0x50, 0x06, 0x40, 0x77, 0x05, 0x00, 0x00, 0x00, 0x77, 0x57, 0x00, 0x00, 0x00, 0x00
.byte 0x65, 0x77, 0x05, 0x00, 0x00, 0x00, 0x00, 0x74, 0x07, 0x00, 0x50, 0x06, 0x00, 0x70, 0x07, 0x00, 0x60, 0x57, 0x00, 0x75, 0x06, 0x00, 0x40, 0x77, 0x77, 0x77, 0x04, 0x00, 0x00, 0x54, 0x66, 0x45
.byte 0x00, 0x00, 0x00, 0x00, 0x00, 0x00, 0x00, 0x00
.global gUnknown_8319768
gUnknown_8319768:
.byte 0x00, 0x00, 0x00, 0x60, 0x05, 0x00, 0x00, 0x00, 0x00, 0x77, 0x07, 0x00, 0x00, 0x00, 0x70, 0x77, 0x07, 0x00, 0x00, 0x00, 0x77, 0x75, 0x07, 0x00
.byte 0x00, 0x70, 0x57, 0x70, 0x07, 0x00, 0x00, 0x77, 0x05, 0x70, 0x07, 0x00, 0x50, 0x57, 0x00, 0x70, 0x07, 0x00, 0x60, 0x77, 0x77, 0x77, 0x77, 0x00, 0x40, 0x66, 0x66, 0x76, 0x57, 0x00, 0x00, 0x00
.byte 0x00, 0x70, 0x06, 0x00, 0x00, 0x00, 0x00, 0x60, 0x05, 0x00, 0x00, 0x00, 0x00, 0x00, 0x00, 0x00
.global gUnknown_83197B0
gUnknown_83197B0:
.byte 0x40, 0x76, 0x77, 0x77, 0x05, 0x00, 0x50, 0x77, 0x66, 0x66, 0x06, 0x00, 0x60, 0x67, 0x00, 0x00
.byte 0x00, 0x00, 0x70, 0x57, 0x77, 0x46, 0x00, 0x00, 0x70, 0x77, 0x66, 0x67, 0x04, 0x00, 0x60, 0x06, 0x00, 0x75, 0x06, 0x00, 0x00, 0x00, 0x00, 0x70, 0x07, 0x00, 0x50, 0x06, 0x00, 0x70, 0x07, 0x00
.byte 0x60, 0x57, 0x00, 0x75, 0x06, 0x00, 0x40, 0x77, 0x77, 0x77, 0x04, 0x00, 0x00, 0x54, 0x66, 0x45, 0x00, 0x00, 0x00, 0x00, 0x00, 0x00, 0x00, 0x00
.global gUnknown_83197F8
gUnknown_83197F8:
.byte 0x00, 0x65, 0x77, 0x56, 0x00, 0x00, 0x50, 0x77
.byte 0x66, 0x77, 0x05, 0x00, 0x60, 0x67, 0x00, 0x75, 0x06, 0x00, 0x70, 0x57, 0x00, 0x00, 0x00, 0x00, 0x70, 0x57, 0x77, 0x46, 0x00, 0x00, 0x70, 0x77, 0x66, 0x67, 0x04, 0x00, 0x70, 0x07, 0x00, 0x75
.byte 0x06, 0x00, 0x70, 0x07, 0x00, 0x70, 0x07, 0x00, 0x60, 0x57, 0x00, 0x75, 0x06, 0x00, 0x40, 0x77, 0x77, 0x77, 0x04, 0x00, 0x00, 0x54, 0x66, 0x45, 0x00, 0x00, 0x00, 0x00, 0x00, 0x00, 0x00, 0x00
.global gUnknown_8319840
gUnknown_8319840:
.byte 0x60, 0x77, 0x77, 0x67, 0x04, 0x00, 0x50, 0x66, 0x66, 0x76, 0x06, 0x00, 0x00, 0x00, 0x00, 0x74, 0x06, 0x00, 0x00, 0x00, 0x40, 0x77, 0x04, 0x00, 0x00, 0x00, 0x60, 0x47, 0x00, 0x00, 0x00, 0x00
.byte 0x74, 0x06, 0x00, 0x00, 0x00, 0x00, 0x76, 0x04, 0x00, 0x00, 0x00, 0x40, 0x67, 0x00, 0x00, 0x00, 0x00, 0x60, 0x47, 0x00, 0x00, 0x00, 0x00, 0x70, 0x07, 0x00, 0x00, 0x00, 0x00, 0x50, 0x07, 0x00
.byte 0x00, 0x00, 0x00, 0x00, 0x00, 0x00, 0x00, 0x00
.global gUnknown_8319888
gUnknown_8319888:
.byte 0x00, 0x64, 0x77, 0x46, 0x00, 0x00, 0x40, 0x76, 0x66, 0x67, 0x04, 0x00, 0x60, 0x57, 0x00, 0x75, 0x06, 0x00, 0x50, 0x77, 0x44, 0x77, 0x05, 0x00
.byte 0x00, 0x75, 0x77, 0x57, 0x00, 0x00, 0x50, 0x77, 0x66, 0x77, 0x05, 0x00, 0x70, 0x47, 0x00, 0x74, 0x07, 0x00, 0x70, 0x07, 0x00, 0x70, 0x07, 0x00, 0x60, 0x57, 0x00, 0x75, 0x06, 0x00, 0x40, 0x77
.byte 0x77, 0x77, 0x04, 0x00, 0x00, 0x54, 0x66, 0x45, 0x00, 0x00, 0x00, 0x00, 0x00, 0x00, 0x00, 0x00
.global gUnknown_83198D0
gUnknown_83198D0:
.byte 0x00, 0x54, 0x66, 0x45, 0x00, 0x00, 0x40, 0x77, 0x77, 0x77, 0x04, 0x00, 0x60, 0x57, 0x00, 0x75
.byte 0x06, 0x00, 0x70, 0x07, 0x00, 0x70, 0x07, 0x00, 0x60, 0x57, 0x00, 0x70, 0x07, 0x00, 0x40, 0x76, 0x66, 0x77, 0x07, 0x00, 0x00, 0x64, 0x77, 0x75, 0x07, 0x00, 0x00, 0x00, 0x00, 0x75, 0x07, 0x00
.byte 0x60, 0x57, 0x00, 0x76, 0x06, 0x00, 0x50, 0x77, 0x66, 0x77, 0x05, 0x00, 0x00, 0x65, 0x77, 0x56, 0x00, 0x00, 0x00, 0x00, 0x00, 0x00, 0x00, 0x00
.global gUnknown_8319918
gUnknown_8319918:
.byte 0x00, 0x00, 0x00, 0x00, 0x00, 0x00, 0x00, 0x00
.byte 0x00, 0x00, 0x00, 0x00, 0x00, 0x00, 0x00, 0x00, 0x00, 0x00, 0x0f, 0x00, 0x00, 0x00, 0x00, 0x00, 0x00, 0x00, 0x00, 0x00, 0x00, 0x00, 0x00, 0x00, 0x00, 0x00, 0x00, 0x00, 0x00, 0x00, 0x00, 0x00
.byte 0x00, 0x00, 0x0f, 0x00, 0x00, 0x00, 0x00, 0x00, 0x00, 0x00, 0x00, 0x00, 0x00, 0x00, 0x00, 0x00, 0x00, 0x00, 0x00, 0x00, 0x00, 0x00, 0x00, 0x00, 0x00, 0x00, 0x00, 0x00, 0x00, 0x00, 0x00, 0x00
.global gUnknown_8319960
gUnknown_8319960:
.byte 0x00, 0x00, 0x00, 0x00, 0x00, 0x00, 0x00, 0x00, 0x00, 0x00, 0x00, 0x00, 0x00, 0x00, 0x00, 0x00, 0x00, 0x00, 0xf0, 0x00, 0x00, 0x00, 0x00, 0x00, 0x00, 0x00, 0x00, 0x00, 0x00, 0x00, 0x00, 0x00
.byte 0x00, 0x00, 0x00, 0x00, 0x00, 0x00, 0x00, 0x00, 0x00, 0x00, 0xf0, 0x00, 0x00, 0x00, 0x00, 0x00, 0xf0, 0x00, 0x00, 0x00, 0x00, 0x00, 0x0f, 0x00, 0x00, 0x00, 0x00, 0x00, 0x00, 0x00, 0x00, 0x00
.byte 0x00, 0x00, 0x00, 0x00, 0x00, 0x00, 0x00, 0x00
.global gUnknown_83199A8
gUnknown_83199A8:
.byte 0x00, 0x00, 0x00, 0x00, 0x00, 0x00, 0x00, 0x00, 0x00, 0x00, 0x00, 0x00, 0x00, 0x00, 0x00, 0x00, 0x00, 0x00, 0x00, 0x00, 0x00, 0x00, 0x00, 0x00
.byte 0x00, 0x00, 0x00, 0x00, 0x00, 0x00, 0x00, 0x00, 0x00, 0x00, 0x00, 0x00, 0x00, 0x00, 0x00, 0x00, 0x00, 0x00, 0xc0, 0x00, 0x00, 0x00, 0x00, 0x00, 0x19, 0x09, 0x00, 0x00, 0x00, 0x00, 0x25, 0x0d
.byte 0x00, 0x00, 0x00, 0x00, 0x91, 0x00, 0x00, 0x00, 0x00, 0x00, 0x0d, 0x00, 0x00, 0x00, 0x00, 0x00
.global gUnknown_83199F0
gUnknown_83199F0:
.byte 0x00, 0x00, 0x00, 0x00, 0x00, 0x00, 0x00, 0x00, 0x00, 0x00, 0x00, 0x00, 0x00, 0x00, 0x00, 0x00
.byte 0x00, 0x00, 0xff, 0xff, 0x0f, 0x00, 0x00, 0x00, 0x00, 0x00, 0x00, 0x00, 0x00, 0x00, 0xff, 0xff, 0x0f, 0x00, 0x00, 0x00, 0x00, 0x00, 0x00, 0x00, 0x00, 0x00, 0x00, 0x00, 0x00, 0x00, 0x00, 0x00
.byte 0x00, 0x00, 0x00, 0x00, 0x00, 0x00, 0x00, 0x00, 0x00, 0x00, 0x00, 0x00, 0x00, 0x00, 0x00, 0x00, 0x00, 0x00, 0x00, 0x00, 0x00, 0x00, 0x00, 0x00
.global gUnknown_8319A38
gUnknown_8319A38:
.byte 0x00, 0x00, 0x00, 0x00, 0x00, 0x00, 0x00, 0x00
.byte 0x00, 0x00, 0x00, 0x00, 0x0f, 0x00, 0x00, 0x00, 0x00, 0x00, 0xf0, 0x00, 0x00, 0x00, 0x00, 0x00, 0x00, 0x0f, 0x00, 0x00, 0x00, 0x00, 0xf0, 0x00, 0x00, 0x00, 0x00, 0x00, 0x0f, 0x00, 0x00, 0x00
.byte 0x00, 0x00, 0x00, 0x00, 0x00, 0x00, 0x00, 0x00, 0x00, 0x00, 0x00, 0x00, 0x00, 0x00, 0x00, 0x00, 0x00, 0x00, 0x00, 0x00, 0x00, 0x00, 0x00, 0x00, 0x00, 0x00, 0x00, 0x00, 0x00, 0x00, 0x00, 0x00
.global gUnknown_8319A80
gUnknown_8319A80:
.byte 0xf0, 0xff, 0x00, 0x00, 0x00, 0x00, 0x0f, 0x00, 0x0f, 0x00, 0x00, 0x00, 0x00, 0x00, 0x0f, 0x00, 0x00, 0x00, 0x00, 0xf0, 0x00, 0x00, 0x00, 0x00, 0x00, 0x0f, 0x00, 0x00, 0x00, 0x00, 0x00, 0x0f
.byte 0x00, 0x00, 0x00, 0x00, 0x00, 0x00, 0x00, 0x00, 0x00, 0x00, 0x00, 0x0f, 0x00, 0x00, 0x00, 0x00, 0x00, 0x00, 0x00, 0x00, 0x00, 0x00, 0x00, 0x00, 0x00, 0x00, 0x00, 0x00, 0x00, 0x00, 0x00, 0x00
.byte 0x00, 0x00, 0x00, 0x00, 0x00, 0x00, 0x00, 0x00
.global gUnknown_8319AC8
gUnknown_8319AC8:
.byte 0x00, 0x10, 0x11, 0x11, 0x01, 0x00, 0x00, 0x11, 0x00, 0x00, 0x11, 0x00, 0x10, 0x01, 0x00, 0x00, 0x10, 0x00, 0x11, 0x00, 0x00, 0x11, 0x10, 0x01
.byte 0x01, 0x00, 0x11, 0x00, 0x00, 0x01, 0x01, 0x10, 0x00, 0x00, 0x00, 0x01, 0x01, 0x10, 0x00, 0x00, 0x00, 0x01, 0x01, 0x00, 0x11, 0x11, 0x00, 0x01, 0x11, 0x00, 0x00, 0x00, 0x10, 0x01, 0x10, 0x11
.byte 0x11, 0x11, 0x01, 0x00, 0x00, 0x00, 0x00, 0x00, 0x00, 0x00, 0x00, 0x00, 0x00, 0x00, 0x00, 0x00
.global gUnknown_8319B10
gUnknown_8319B10:
.byte 0x00, 0x00, 0x50, 0x57, 0x00, 0x00, 0x00, 0x00, 0x75, 0x77, 0x05, 0x00, 0x00, 0x00, 0x77, 0x76
.byte 0x07, 0x00, 0x00, 0x50, 0x67, 0x65, 0x57, 0x00, 0x00, 0x70, 0x47, 0x40, 0x77, 0x00, 0x00, 0x75, 0x06, 0x00, 0x76, 0x05, 0x00, 0x77, 0x77, 0x77, 0x77, 0x07, 0x50, 0x77, 0x66, 0x66, 0x76, 0x57
.byte 0x70, 0x67, 0x00, 0x00, 0x60, 0x77, 0x75, 0x47, 0x00, 0x00, 0x40, 0x77, 0x74, 0x06, 0x00, 0x00, 0x00, 0x76, 0x00, 0x00, 0x00, 0x00, 0x00, 0x00
.global gUnknown_8319B58
gUnknown_8319B58:
.byte 0x50, 0x77, 0x77, 0x77, 0x06, 0x00, 0x70, 0x67
.byte 0x66, 0x77, 0x57, 0x00, 0x70, 0x07, 0x00, 0x50, 0x67, 0x00, 0x70, 0x07, 0x00, 0x72, 0x47, 0x00, 0x70, 0x77, 0x77, 0x77, 0x04, 0x00, 0x70, 0x67, 0x66, 0x77, 0x47, 0x00, 0x70, 0x07, 0x00, 0x60
.byte 0x67, 0x00, 0x70, 0x07, 0x00, 0x50, 0x77, 0x00, 0x70, 0x07, 0x00, 0x72, 0x67, 0x00, 0x60, 0x77, 0x77, 0x77, 0x56, 0x00, 0x50, 0x66, 0x66, 0x66, 0x05, 0x00, 0x00, 0x00, 0x00, 0x00, 0x00, 0x00
.global gUnknown_8319BA0
gUnknown_8319BA0:
.byte 0x00, 0x50, 0x77, 0x77, 0x05, 0x00, 0x00, 0x76, 0x67, 0x76, 0x57, 0x00, 0x50, 0x67, 0x04, 0x40, 0x76, 0x00, 0x60, 0x47, 0x00, 0x00, 0x54, 0x00, 0x70, 0x07, 0x00, 0x00, 0x00, 0x00, 0x70, 0x07
.byte 0x00, 0x00, 0x00, 0x00, 0x70, 0x07, 0x00, 0x00, 0x00, 0x00, 0x60, 0x47, 0x00, 0x00, 0x54, 0x00, 0x40, 0x77, 0x04, 0x40, 0x77, 0x00, 0x00, 0x75, 0x77, 0x77, 0x57, 0x00, 0x00, 0x40, 0x66, 0x66
.byte 0x05, 0x00, 0x00, 0x00, 0x00, 0x00, 0x00, 0x00
.global gUnknown_8319BE8
gUnknown_8319BE8:
.byte 0x50, 0x77, 0x77, 0x67, 0x00, 0x00, 0x70, 0x67, 0x66, 0x77, 0x06, 0x00, 0x70, 0x07, 0x00, 0x64, 0x57, 0x00, 0x70, 0x07, 0x00, 0x40, 0x77, 0x00
.byte 0x70, 0x07, 0x00, 0x00, 0x77, 0x00, 0x70, 0x07, 0x00, 0x00, 0x77, 0x00, 0x70, 0x07, 0x00, 0x00, 0x77, 0x00, 0x70, 0x07, 0x00, 0x40, 0x57, 0x00, 0x70, 0x07, 0x00, 0x74, 0x47, 0x00, 0x60, 0x77
.byte 0x77, 0x77, 0x04, 0x00, 0x50, 0x66, 0x66, 0x46, 0x00, 0x00, 0x00, 0x00, 0x00, 0x00, 0x00, 0x00
.global gUnknown_8319C30
gUnknown_8319C30:
.byte 0x50, 0x77, 0x77, 0x77, 0x67, 0x00, 0x70, 0x67, 0x66, 0x66, 0x56, 0x00, 0x70, 0x07, 0x00, 0x00
.byte 0x00, 0x00, 0x70, 0x07, 0x00, 0x00, 0x00, 0x00, 0x70, 0x77, 0x77, 0x77, 0x06, 0x00, 0x70, 0x67, 0x66, 0x66, 0x05, 0x00, 0x70, 0x07, 0x00, 0x00, 0x00, 0x00, 0x70, 0x07, 0x00, 0x00, 0x00, 0x00
.byte 0x70, 0x07, 0x00, 0x00, 0x00, 0x00, 0x60, 0x77, 0x77, 0x77, 0x67, 0x00, 0x50, 0x66, 0x66, 0x66, 0x56, 0x00, 0x00, 0x00, 0x00, 0x00, 0x00, 0x00
.global gUnknown_8319C78
gUnknown_8319C78:
.byte 0x50, 0x77, 0x77, 0x77, 0x67, 0x00, 0x70, 0x67
.byte 0x66, 0x66, 0x56, 0x00, 0x70, 0x07, 0x00, 0x00, 0x00, 0x00, 0x70, 0x07, 0x00, 0x00, 0x00, 0x00, 0x70, 0x77, 0x77, 0x77, 0x06, 0x00, 0x70, 0x67, 0x66, 0x66, 0x05, 0x00, 0x70, 0x07, 0x00, 0x00
.byte 0x00, 0x00, 0x70, 0x07, 0x00, 0x00, 0x00, 0x00, 0x70, 0x07, 0x00, 0x00, 0x00, 0x00, 0x60, 0x07, 0x00, 0x00, 0x00, 0x00, 0x50, 0x06, 0x00, 0x00, 0x00, 0x00, 0x00, 0x00, 0x00, 0x00, 0x00, 0x00
.global gUnknown_8319CC0
gUnknown_8319CC0:
.byte 0x00, 0x40, 0x77, 0x77, 0x04, 0x00, 0x00, 0x75, 0x67, 0x76, 0x57, 0x00, 0x40, 0x67, 0x04, 0x40, 0x76, 0x04, 0x60, 0x47, 0x00, 0x00, 0x54, 0x00, 0x70, 0x07, 0x00, 0x00, 0x00, 0x00, 0x70, 0x07
.byte 0x70, 0x77, 0x77, 0x05, 0x70, 0x07, 0x50, 0x66, 0x76, 0x07, 0x60, 0x47, 0x00, 0x00, 0x74, 0x06, 0x40, 0x77, 0x05, 0x50, 0x77, 0x05, 0x00, 0x65, 0x77, 0x77, 0x56, 0x00, 0x00, 0x40, 0x66, 0x66
.byte 0x04, 0x00, 0x00, 0x00, 0x00, 0x00, 0x00, 0x00
.global gUnknown_8319D08
gUnknown_8319D08:
.byte 0x70, 0x05, 0x00, 0x00, 0x57, 0x00, 0x70, 0x07, 0x00, 0x00, 0x77, 0x00, 0x70, 0x07, 0x00, 0x00, 0x77, 0x00, 0x70, 0x07, 0x00, 0x00, 0x77, 0x00
.byte 0x70, 0x77, 0x77, 0x77, 0x77, 0x00, 0x70, 0x67, 0x66, 0x66, 0x77, 0x00, 0x70, 0x07, 0x00, 0x00, 0x77, 0x00, 0x70, 0x07, 0x00, 0x00, 0x77, 0x00, 0x70, 0x07, 0x00, 0x00, 0x77, 0x00, 0x60, 0x07
.byte 0x00, 0x00, 0x76, 0x00, 0x50, 0x06, 0x00, 0x00, 0x65, 0x00, 0x00, 0x00, 0x00, 0x00, 0x00, 0x00
.global gUnknown_8319D50
gUnknown_8319D50:
.byte 0x00, 0x75, 0x00, 0x00, 0x00, 0x00, 0x00, 0x77, 0x00, 0x00, 0x00, 0x00, 0x00, 0x77, 0x00, 0x00
.byte 0x00, 0x00, 0x00, 0x77, 0x00, 0x00, 0x00, 0x00, 0x00, 0x77, 0x00, 0x00, 0x00, 0x00, 0x00, 0x77, 0x00, 0x00, 0x00, 0x00, 0x00, 0x77, 0x00, 0x00, 0x00, 0x00, 0x00, 0x77, 0x00, 0x00, 0x00, 0x00
.byte 0x00, 0x77, 0x00, 0x00, 0x00, 0x00, 0x00, 0x76, 0x00, 0x00, 0x00, 0x00, 0x00, 0x65, 0x00, 0x00, 0x00, 0x00, 0x00, 0x00, 0x00, 0x00, 0x00, 0x00
.global gUnknown_8319D98
gUnknown_8319D98:
.byte 0x00, 0x00, 0x00, 0x70, 0x05, 0x00, 0x00, 0x00
.byte 0x00, 0x70, 0x07, 0x00, 0x00, 0x00, 0x00, 0x70, 0x07, 0x00, 0x00, 0x00, 0x00, 0x70, 0x07, 0x00, 0x00, 0x00, 0x00, 0x70, 0x07, 0x00, 0x00, 0x00, 0x00, 0x70, 0x07, 0x00, 0x50, 0x06, 0x00, 0x70
.byte 0x07, 0x00, 0x60, 0x47, 0x00, 0x74, 0x06, 0x00, 0x50, 0x67, 0x44, 0x77, 0x05, 0x00, 0x20, 0x76, 0x77, 0x67, 0x02, 0x00, 0x00, 0x52, 0x66, 0x25, 0x00, 0x00, 0x00, 0x00, 0x00, 0x00, 0x00, 0x00
.global gUnknown_8319DE0
gUnknown_8319DE0:
.byte 0x70, 0x05, 0x00, 0x75, 0x07, 0x00, 0x70, 0x07, 0x60, 0x77, 0x05, 0x00, 0x70, 0x07, 0x77, 0x57, 0x00, 0x00, 0x70, 0x77, 0x77, 0x04, 0x00, 0x00, 0x70, 0x77, 0x27, 0x00, 0x00, 0x00, 0x70, 0x77
.byte 0x07, 0x00, 0x00, 0x00, 0x70, 0x67, 0x77, 0x00, 0x00, 0x00, 0x70, 0x07, 0x76, 0x07, 0x00, 0x00, 0x70, 0x07, 0x60, 0x77, 0x00, 0x00, 0x60, 0x07, 0x00, 0x76, 0x07, 0x00, 0x50, 0x06, 0x00, 0x50
.byte 0x06, 0x00, 0x00, 0x00, 0x00, 0x00, 0x00, 0x00
.global gUnknown_8319E28
gUnknown_8319E28:
.byte 0x50, 0x07, 0x00, 0x00, 0x00, 0x00, 0x70, 0x07, 0x00, 0x00, 0x00, 0x00, 0x70, 0x07, 0x00, 0x00, 0x00, 0x00, 0x70, 0x07, 0x00, 0x00, 0x00, 0x00
.byte 0x70, 0x07, 0x00, 0x00, 0x00, 0x00, 0x70, 0x07, 0x00, 0x00, 0x00, 0x00, 0x70, 0x07, 0x00, 0x00, 0x00, 0x00, 0x70, 0x07, 0x00, 0x00, 0x00, 0x00, 0x70, 0x07, 0x00, 0x00, 0x00, 0x00, 0x60, 0x77
.byte 0x77, 0x77, 0x06, 0x00, 0x50, 0x66, 0x66, 0x66, 0x05, 0x00, 0x00, 0x00, 0x00, 0x00, 0x00, 0x00
.global gUnknown_8319E70
gUnknown_8319E70:
.byte 0x50, 0x56, 0x00, 0x00, 0x50, 0x56, 0x60, 0x67, 0x00, 0x00, 0x60, 0x67, 0x70, 0x77, 0x05, 0x00
.byte 0x75, 0x77, 0x70, 0x77, 0x06, 0x00, 0x76, 0x77, 0x70, 0x77, 0x57, 0x50, 0x77, 0x77, 0x70, 0x77, 0x67, 0x60, 0x67, 0x77, 0x70, 0x57, 0x77, 0x75, 0x57, 0x77, 0x70, 0x07, 0x76, 0x77, 0x06, 0x77
.byte 0x70, 0x07, 0x75, 0x77, 0x05, 0x77, 0x60, 0x07, 0x60, 0x67, 0x00, 0x76, 0x50, 0x06, 0x40, 0x46, 0x00, 0x65, 0x00, 0x00, 0x00, 0x00, 0x00, 0x00
.global gUnknown_8319EB8
gUnknown_8319EB8:
.byte 0x50, 0x56, 0x00, 0x00, 0x56, 0x00, 0x70, 0x67
.byte 0x04, 0x00, 0x77, 0x00, 0x70, 0x77, 0x06, 0x00, 0x77, 0x00, 0x70, 0x77, 0x57, 0x00, 0x77, 0x00, 0x70, 0x67, 0x77, 0x04, 0x77, 0x00, 0x70, 0x47, 0x76, 0x06, 0x77, 0x00, 0x70, 0x07, 0x75, 0x57
.byte 0x77, 0x00, 0x70, 0x07, 0x60, 0x77, 0x77, 0x00, 0x70, 0x07, 0x00, 0x76, 0x77, 0x00, 0x60, 0x07, 0x00, 0x64, 0x77, 0x00, 0x50, 0x06, 0x00, 0x50, 0x56, 0x00, 0x00, 0x00, 0x00, 0x00, 0x00, 0x00
.global gUnknown_8319F00
gUnknown_8319F00:
.byte 0x00, 0x50, 0x77, 0x77, 0x05, 0x00, 0x00, 0x76, 0x67, 0x76, 0x67, 0x00, 0x50, 0x67, 0x04, 0x40, 0x76, 0x05, 0x60, 0x47, 0x00, 0x00, 0x74, 0x06, 0x70, 0x07, 0x00, 0x00, 0x70, 0x07, 0x70, 0x07
.byte 0x00, 0x00, 0x70, 0x07, 0x70, 0x07, 0x00, 0x00, 0x70, 0x07, 0x60, 0x47, 0x00, 0x00, 0x74, 0x06, 0x40, 0x77, 0x04, 0x40, 0x77, 0x04, 0x00, 0x75, 0x77, 0x77, 0x57, 0x00, 0x00, 0x40, 0x66, 0x66
.byte 0x04, 0x00, 0x00, 0x00, 0x00, 0x00, 0x00, 0x00
.global gUnknown_8319F48
gUnknown_8319F48:
.byte 0x50, 0x77, 0x77, 0x77, 0x06, 0x00, 0x70, 0x67, 0x66, 0x76, 0x57, 0x00, 0x70, 0x07, 0x00, 0x50, 0x77, 0x00, 0x70, 0x07, 0x00, 0x40, 0x77, 0x00
.byte 0x70, 0x07, 0x00, 0x74, 0x67, 0x00, 0x70, 0x77, 0x77, 0x77, 0x46, 0x00, 0x70, 0x67, 0x66, 0x56, 0x04, 0x00, 0x70, 0x07, 0x00, 0x00, 0x00, 0x00, 0x70, 0x07, 0x00, 0x00, 0x00, 0x00, 0x60, 0x07
.byte 0x00, 0x00, 0x00, 0x00, 0x50, 0x06, 0x00, 0x00, 0x00, 0x00, 0x00, 0x00, 0x00, 0x00, 0x00, 0x00
.global gUnknown_8319F90
gUnknown_8319F90:
.byte 0x00, 0x50, 0x77, 0x77, 0x05, 0x00, 0x00, 0x76, 0x67, 0x76, 0x67, 0x00, 0x50, 0x67, 0x04, 0x40
.byte 0x76, 0x05, 0x60, 0x47, 0x00, 0x00, 0x74, 0x06, 0x70, 0x07, 0x00, 0x00, 0x70, 0x07, 0x70, 0x07, 0x00, 0x00, 0x70, 0x07, 0x60, 0x47, 0x00, 0x00, 0x74, 0x06, 0x40, 0x77, 0x04, 0x40, 0x77, 0x04
.byte 0x00, 0x75, 0x77, 0x77, 0x57, 0x00, 0x00, 0x40, 0x66, 0x77, 0x77, 0x07, 0x00, 0x00, 0x00, 0x50, 0x77, 0x05, 0x00, 0x00, 0x00, 0x00, 0x00, 0x00
.global gUnknown_8319FD8
gUnknown_8319FD8:
.byte 0x50, 0x77, 0x77, 0x77, 0x06, 0x00, 0x70, 0x67
.byte 0x66, 0x76, 0x57, 0x00, 0x70, 0x07, 0x00, 0x50, 0x77, 0x00, 0x70, 0x07, 0x00, 0x40, 0x77, 0x00, 0x70, 0x07, 0x00, 0x74, 0x67, 0x00, 0x70, 0x77, 0x77, 0x77, 0x46, 0x00, 0x70, 0x67, 0x66, 0x76
.byte 0x47, 0x00, 0x70, 0x07, 0x00, 0x60, 0x67, 0x00, 0x70, 0x07, 0x00, 0x00, 0x76, 0x04, 0x60, 0x07, 0x00, 0x00, 0x74, 0x06, 0x50, 0x06, 0x00, 0x00, 0x60, 0x07, 0x00, 0x00, 0x00, 0x00, 0x00, 0x00
.global gUnknown_831A020
gUnknown_831A020:
.byte 0x00, 0x75, 0x77, 0x77, 0x05, 0x00, 0x50, 0x77, 0x66, 0x76, 0x57, 0x00, 0x70, 0x67, 0x04, 0x40, 0x77, 0x00, 0x70, 0x57, 0x00, 0x00, 0x44, 0x00, 0x40, 0x77, 0x46, 0x00, 0x00, 0x00, 0x00, 0x64
.byte 0x77, 0x77, 0x04, 0x00, 0x00, 0x00, 0x40, 0x76, 0x47, 0x00, 0x70, 0x07, 0x00, 0x50, 0x77, 0x00, 0x60, 0x77, 0x00, 0x64, 0x67, 0x00, 0x40, 0x76, 0x77, 0x77, 0x46, 0x00, 0x00, 0x54, 0x66, 0x56
.byte 0x04, 0x00, 0x00, 0x00, 0x00, 0x00, 0x00, 0x00
.global gUnknown_831A068
gUnknown_831A068:
.byte 0x50, 0x77, 0x77, 0x77, 0x05, 0x00, 0x70, 0x77, 0x77, 0x77, 0x07, 0x00, 0x00, 0x00, 0x77, 0x00, 0x00, 0x00, 0x00, 0x00, 0x77, 0x00, 0x00, 0x00
.byte 0x00, 0x00, 0x77, 0x00, 0x00, 0x00, 0x00, 0x00, 0x77, 0x00, 0x00, 0x00, 0x00, 0x00, 0x77, 0x00, 0x00, 0x00, 0x00, 0x00, 0x77, 0x00, 0x00, 0x00, 0x00, 0x00, 0x77, 0x00, 0x00, 0x00, 0x00, 0x00
.byte 0x76, 0x00, 0x00, 0x00, 0x00, 0x00, 0x65, 0x00, 0x00, 0x00, 0x00, 0x00, 0x00, 0x00, 0x00, 0x00
.global gUnknown_831A0B0
gUnknown_831A0B0:
.byte 0x50, 0x07, 0x00, 0x70, 0x05, 0x00, 0x70, 0x07, 0x00, 0x70, 0x07, 0x00, 0x70, 0x07, 0x00, 0x70
.byte 0x07, 0x00, 0x70, 0x07, 0x00, 0x70, 0x07, 0x00, 0x70, 0x07, 0x00, 0x70, 0x07, 0x00, 0x70, 0x07, 0x00, 0x70, 0x07, 0x00, 0x70, 0x07, 0x00, 0x70, 0x07, 0x00, 0x70, 0x07, 0x00, 0x70, 0x07, 0x00
.byte 0x60, 0x57, 0x00, 0x75, 0x06, 0x00, 0x40, 0x77, 0x77, 0x77, 0x04, 0x00, 0x00, 0x54, 0x66, 0x45, 0x00, 0x00, 0x00, 0x00, 0x00, 0x00, 0x00, 0x00
.global gUnknown_831A0F8
gUnknown_831A0F8:
.byte 0x50, 0x47, 0x00, 0x40, 0x57, 0x00, 0x60, 0x57
.byte 0x00, 0x50, 0x67, 0x00, 0x40, 0x77, 0x00, 0x70, 0x47, 0x00, 0x00, 0x77, 0x04, 0x74, 0x07, 0x00, 0x00, 0x76, 0x05, 0x75, 0x06, 0x00, 0x00, 0x74, 0x07, 0x77, 0x04, 0x00, 0x00, 0x70, 0x57, 0x77
.byte 0x00, 0x00, 0x00, 0x60, 0x67, 0x67, 0x00, 0x00, 0x00, 0x40, 0x77, 0x47, 0x00, 0x00, 0x00, 0x00, 0x76, 0x06, 0x00, 0x00, 0x00, 0x00, 0x65, 0x05, 0x00, 0x00, 0x00, 0x00, 0x00, 0x00, 0x00, 0x00
.global gUnknown_831A140
gUnknown_831A140:
.byte 0x50, 0x07, 0x50, 0x57, 0x00, 0x57, 0x70, 0x07, 0x60, 0x67, 0x00, 0x77, 0x70, 0x47, 0x70, 0x77, 0x40, 0x77, 0x70, 0x67, 0x70, 0x77, 0x60, 0x77, 0x60, 0x77, 0x70, 0x77, 0x70, 0x67, 0x40, 0x77
.byte 0x75, 0x76, 0x75, 0x47, 0x00, 0x77, 0x77, 0x74, 0x77, 0x07, 0x00, 0x76, 0x67, 0x60, 0x77, 0x06, 0x00, 0x74, 0x47, 0x40, 0x77, 0x04, 0x00, 0x60, 0x07, 0x00, 0x67, 0x00, 0x00, 0x50, 0x06, 0x00
.byte 0x56, 0x00, 0x00, 0x00, 0x00, 0x00, 0x00, 0x00
.global gUnknown_831A188
gUnknown_831A188:
.byte 0x40, 0x57, 0x00, 0x00, 0x50, 0x47, 0x50, 0x77, 0x04, 0x00, 0x74, 0x57, 0x00, 0x76, 0x46, 0x40, 0x76, 0x06, 0x00, 0x70, 0x67, 0x64, 0x77, 0x00
.byte 0x00, 0x40, 0x77, 0x77, 0x47, 0x00, 0x00, 0x00, 0x76, 0x77, 0x06, 0x00, 0x00, 0x40, 0x77, 0x77, 0x47, 0x00, 0x00, 0x70, 0x67, 0x64, 0x77, 0x00, 0x00, 0x76, 0x46, 0x40, 0x76, 0x06, 0x50, 0x77
.byte 0x04, 0x00, 0x74, 0x57, 0x40, 0x57, 0x00, 0x00, 0x50, 0x47, 0x00, 0x00, 0x00, 0x00, 0x00, 0x00
.global gUnknown_831A1D0
gUnknown_831A1D0:
.byte 0x50, 0x47, 0x00, 0x00, 0x74, 0x05, 0x60, 0x67, 0x00, 0x00, 0x76, 0x06, 0x40, 0x77, 0x04, 0x40
.byte 0x77, 0x04, 0x00, 0x75, 0x47, 0x74, 0x57, 0x00, 0x00, 0x50, 0x77, 0x77, 0x05, 0x00, 0x00, 0x00, 0x76, 0x67, 0x00, 0x00, 0x00, 0x00, 0x74, 0x47, 0x00, 0x00, 0x00, 0x00, 0x70, 0x07, 0x00, 0x00
.byte 0x00, 0x00, 0x70, 0x07, 0x00, 0x00, 0x00, 0x00, 0x60, 0x07, 0x00, 0x00, 0x00, 0x00, 0x50, 0x06, 0x00, 0x00, 0x00, 0x00, 0x00, 0x00, 0x00, 0x00
.global gUnknown_831A218
gUnknown_831A218:
.byte 0x50, 0x77, 0x77, 0x77, 0x57, 0x00, 0x70, 0x77
.byte 0x77, 0x77, 0x77, 0x00, 0x00, 0x00, 0x00, 0x60, 0x67, 0x00, 0x00, 0x00, 0x00, 0x76, 0x47, 0x00, 0x00, 0x00, 0x60, 0x77, 0x04, 0x00, 0x00, 0x00, 0x76, 0x47, 0x00, 0x00, 0x00, 0x60, 0x77, 0x04
.byte 0x00, 0x00, 0x00, 0x76, 0x47, 0x00, 0x00, 0x00, 0x50, 0x77, 0x04, 0x00, 0x00, 0x00, 0x60, 0x77, 0x77, 0x77, 0x67, 0x00, 0x40, 0x66, 0x66, 0x66, 0x46, 0x00, 0x00, 0x00, 0x00, 0x00, 0x00, 0x00
.global gUnknown_831A260
gUnknown_831A260:
.byte 0xff, 0x00, 0x00, 0x00, 0x00, 0x00, 0x0f, 0x00, 0x00, 0x00, 0x00, 0x00, 0x0f, 0x00, 0x00, 0x00, 0x00, 0x00, 0x0f, 0x00, 0x00, 0x00, 0x00, 0x00, 0x0f, 0x00, 0x00, 0x00, 0x00, 0x00, 0x0f, 0x00
.byte 0x00, 0x00, 0x00, 0x00, 0x0f, 0x00, 0x00, 0x00, 0x00, 0x00, 0x0f, 0x00, 0x00, 0x00, 0x00, 0x00, 0xff, 0x00, 0x00, 0x00, 0x00, 0x00, 0x00, 0x00, 0x00, 0x00, 0x00, 0x00, 0x00, 0x00, 0x00, 0x00
.byte 0x00, 0x00, 0x00, 0x00, 0x00, 0x00, 0x00, 0x00
.global gUnknown_831A2A8
gUnknown_831A2A8:
.byte 0x0f, 0x00, 0x00, 0x00, 0x00, 0x00, 0x0f, 0x00, 0x00, 0x00, 0x00, 0x00, 0xf0, 0x00, 0x00, 0x00, 0x00, 0x00, 0xf0, 0x00, 0x00, 0x00, 0x00, 0x00
.byte 0x00, 0x0f, 0x00, 0x00, 0x00, 0x00, 0x00, 0x0f, 0x00, 0x00, 0x00, 0x00, 0x00, 0xf0, 0x00, 0x00, 0x00, 0x00, 0x00, 0xf0, 0x00, 0x00, 0x00, 0x00, 0x00, 0x00, 0x00, 0x00, 0x00, 0x00, 0x00, 0x00
.byte 0x00, 0x00, 0x00, 0x00, 0x00, 0x00, 0x00, 0x00, 0x00, 0x00, 0x00, 0x00, 0x00, 0x00, 0x00, 0x00
.global gUnknown_831A2F0
gUnknown_831A2F0:
.byte 0xff, 0x00, 0x00, 0x00, 0x00, 0x00, 0xf0, 0x00, 0x00, 0x00, 0x00, 0x00, 0xf0, 0x00, 0x00, 0x00
.byte 0x00, 0x00, 0xf0, 0x00, 0x00, 0x00, 0x00, 0x00, 0xf0, 0x00, 0x00, 0x00, 0x00, 0x00, 0xf0, 0x00, 0x00, 0x00, 0x00, 0x00, 0xf0, 0x00, 0x00, 0x00, 0x00, 0x00, 0xf0, 0x00, 0x00, 0x00, 0x00, 0x00
.byte 0xff, 0x00, 0x00, 0x00, 0x00, 0x00, 0x00, 0x00, 0x00, 0x00, 0x00, 0x00, 0x00, 0x00, 0x00, 0x00, 0x00, 0x00, 0x00, 0x00, 0x00, 0x00, 0x00, 0x00
.global gUnknown_831A338
gUnknown_831A338:
.byte 0xf0, 0x00, 0x00, 0x00, 0x00, 0x00, 0x0f, 0x0f
.byte 0x00, 0x00, 0x00, 0x00, 0x00, 0x00, 0x00, 0x00, 0x00, 0x00, 0x00, 0x00, 0x00, 0x00, 0x00, 0x00, 0x00, 0x00, 0x00, 0x00, 0x00, 0x00, 0x00, 0x00, 0x00, 0x00, 0x00, 0x00, 0x00, 0x00, 0x00, 0x00
.byte 0x00, 0x00, 0x00, 0x00, 0x00, 0x00, 0x00, 0x00, 0x00, 0x00, 0x00, 0x00, 0x00, 0x00, 0x00, 0x00, 0x00, 0x00, 0x00, 0x00, 0x00, 0x00, 0x00, 0x00, 0x00, 0x00, 0x00, 0x00, 0x00, 0x00, 0x00, 0x00
.global gUnknown_831A380
gUnknown_831A380:
.byte 0x00, 0x00, 0x00, 0x00, 0x00, 0x00, 0x00, 0x00, 0x00, 0x00, 0x00, 0x00, 0x00, 0x00, 0x00, 0x00, 0x00, 0x00, 0x00, 0x00, 0x00, 0x00, 0x00, 0x00, 0x00, 0x00, 0x00, 0x00, 0x00, 0x00, 0x00, 0x00
.byte 0x00, 0x00, 0x00, 0x00, 0x00, 0x00, 0x00, 0x00, 0x00, 0x00, 0x00, 0x00, 0x00, 0x00, 0x00, 0x00, 0x00, 0x00, 0x00, 0x00, 0x00, 0x00, 0x00, 0x00, 0x00, 0x00, 0x00, 0x00, 0x00, 0x00, 0x00, 0x00
.byte 0x00, 0x00, 0x00, 0x00, 0x00, 0x00, 0x00, 0x00
.global gUnknown_831A3C8
gUnknown_831A3C8:
.byte 0x00, 0x40, 0x77, 0x77, 0x77, 0x04, 0x00, 0x76, 0x04, 0x00, 0x40, 0x67, 0x40, 0x47, 0x50, 0x77, 0x05, 0x74, 0x60, 0x07, 0x75, 0x66, 0x57, 0x70
.byte 0x70, 0x07, 0x77, 0x00, 0x66, 0x70, 0x70, 0x07, 0x77, 0x00, 0x00, 0x70, 0x70, 0x07, 0x77, 0x00, 0x77, 0x70, 0x60, 0x07, 0x75, 0x77, 0x57, 0x70, 0x40, 0x47, 0x50, 0x66, 0x05, 0x74, 0x00, 0x76
.byte 0x04, 0x00, 0x40, 0x67, 0x00, 0x40, 0x77, 0x77, 0x77, 0x04, 0x00, 0x00, 0x00, 0x00, 0x00, 0x00
.global gUnknown_831A410
gUnknown_831A410:
.byte 0x00, 0x00, 0x00, 0x00, 0x00, 0x00, 0x00, 0x00, 0x00, 0x00, 0x00, 0x00, 0x00, 0x00, 0x00, 0x00
.byte 0x00, 0x00, 0x00, 0x75, 0x77, 0x05, 0x00, 0x00, 0x50, 0x67, 0x76, 0x57, 0x00, 0x00, 0x70, 0x06, 0x50, 0x77, 0x00, 0x00, 0x00, 0x50, 0x77, 0x77, 0x00, 0x00, 0x50, 0x77, 0x56, 0x77, 0x00, 0x00
.byte 0x70, 0x07, 0x70, 0x77, 0x05, 0x00, 0x50, 0x77, 0x77, 0x75, 0x07, 0x00, 0x00, 0x65, 0x56, 0x50, 0x07, 0x00, 0x00, 0x00, 0x00, 0x00, 0x00, 0x00
.global gUnknown_831A458
gUnknown_831A458:
.byte 0x50, 0x07, 0x00, 0x00, 0x00, 0x00, 0x70, 0x07
.byte 0x00, 0x00, 0x00, 0x00, 0x70, 0x07, 0x00, 0x00, 0x00, 0x00, 0x70, 0x07, 0x75, 0x05, 0x00, 0x00, 0x70, 0x57, 0x77, 0x57, 0x00, 0x00, 0x70, 0x77, 0x45, 0x77, 0x02, 0x00, 0x70, 0x57, 0x00, 0x74
.byte 0x05, 0x00, 0x70, 0x57, 0x00, 0x74, 0x05, 0x00, 0x70, 0x77, 0x45, 0x77, 0x02, 0x00, 0x60, 0x67, 0x77, 0x57, 0x00, 0x00, 0x50, 0x26, 0x66, 0x05, 0x00, 0x00, 0x00, 0x00, 0x00, 0x00, 0x00, 0x00
.global gUnknown_831A4A0
gUnknown_831A4A0:
.byte 0x00, 0x00, 0x00, 0x00, 0x00, 0x00, 0x00, 0x00, 0x00, 0x00, 0x00, 0x00, 0x00, 0x00, 0x00, 0x00, 0x00, 0x00, 0x00, 0x64, 0x77, 0x46, 0x00, 0x00, 0x40, 0x77, 0x66, 0x77, 0x04, 0x00, 0x60, 0x47
.byte 0x00, 0x74, 0x05, 0x00, 0x70, 0x06, 0x00, 0x00, 0x00, 0x00, 0x70, 0x06, 0x00, 0x00, 0x00, 0x00, 0x60, 0x47, 0x00, 0x74, 0x05, 0x00, 0x40, 0x77, 0x77, 0x67, 0x04, 0x00, 0x00, 0x54, 0x66, 0x45
.byte 0x00, 0x00, 0x00, 0x00, 0x00, 0x00, 0x00, 0x00
.global gUnknown_831A4E8
gUnknown_831A4E8:
.byte 0x00, 0x00, 0x00, 0x70, 0x05, 0x00, 0x00, 0x00, 0x00, 0x70, 0x07, 0x00, 0x00, 0x00, 0x00, 0x70, 0x07, 0x00, 0x00, 0x50, 0x57, 0x70, 0x07, 0x00
.byte 0x00, 0x75, 0x77, 0x75, 0x07, 0x00, 0x20, 0x77, 0x54, 0x77, 0x07, 0x00, 0x50, 0x47, 0x00, 0x75, 0x07, 0x00, 0x50, 0x47, 0x00, 0x75, 0x07, 0x00, 0x20, 0x77, 0x54, 0x77, 0x07, 0x00, 0x00, 0x75
.byte 0x77, 0x76, 0x06, 0x00, 0x00, 0x50, 0x66, 0x62, 0x05, 0x00, 0x00, 0x00, 0x00, 0x00, 0x00, 0x00
.global gUnknown_831A530
gUnknown_831A530:
.byte 0x00, 0x00, 0x00, 0x00, 0x00, 0x00, 0x00, 0x00, 0x00, 0x00, 0x00, 0x00, 0x00, 0x00, 0x00, 0x00
.byte 0x00, 0x00, 0x00, 0x64, 0x77, 0x46, 0x00, 0x00, 0x40, 0x77, 0x66, 0x77, 0x04, 0x00, 0x60, 0x47, 0x00, 0x74, 0x06, 0x00, 0x70, 0x77, 0x77, 0x77, 0x06, 0x00, 0x70, 0x47, 0x44, 0x44, 0x04, 0x00
.byte 0x60, 0x67, 0x00, 0x75, 0x06, 0x00, 0x40, 0x76, 0x77, 0x67, 0x04, 0x00, 0x00, 0x54, 0x66, 0x45, 0x00, 0x00, 0x00, 0x00, 0x00, 0x00, 0x00, 0x00
.global gUnknown_831A578
gUnknown_831A578:
.byte 0x00, 0x64, 0x67, 0x00, 0x00, 0x00, 0x00, 0x76
.byte 0x56, 0x00, 0x00, 0x00, 0x00, 0x77, 0x00, 0x00, 0x00, 0x00, 0x70, 0x77, 0x67, 0x00, 0x00, 0x00, 0x60, 0x77, 0x56, 0x00, 0x00, 0x00, 0x00, 0x77, 0x00, 0x00, 0x00, 0x00, 0x00, 0x77, 0x00, 0x00
.byte 0x00, 0x00, 0x00, 0x77, 0x00, 0x00, 0x00, 0x00, 0x00, 0x77, 0x00, 0x00, 0x00, 0x00, 0x00, 0x76, 0x00, 0x00, 0x00, 0x00, 0x00, 0x65, 0x00, 0x00, 0x00, 0x00, 0x00, 0x00, 0x00, 0x00, 0x00, 0x00
.global gUnknown_831A5C0
gUnknown_831A5C0:
.byte 0x00, 0x00, 0x00, 0x00, 0x00, 0x00, 0x00, 0x75, 0x57, 0x57, 0x00, 0x00, 0x50, 0x77, 0x76, 0x77, 0x00, 0x00, 0x60, 0x57, 0x50, 0x77, 0x00, 0x00, 0x70, 0x07, 0x00, 0x77, 0x00, 0x00, 0x70, 0x07
.byte 0x00, 0x77, 0x00, 0x00, 0x60, 0x57, 0x50, 0x77, 0x00, 0x00, 0x40, 0x76, 0x67, 0x77, 0x00, 0x00, 0x00, 0x64, 0x46, 0x77, 0x00, 0x00, 0x60, 0x07, 0x60, 0x67, 0x00, 0x00, 0x40, 0x77, 0x77, 0x46
.byte 0x00, 0x00, 0x00, 0x64, 0x66, 0x04, 0x00, 0x00
.global gUnknown_831A608
gUnknown_831A608:
.byte 0x50, 0x07, 0x00, 0x00, 0x00, 0x00, 0x70, 0x07, 0x00, 0x00, 0x00, 0x00, 0x70, 0x07, 0x00, 0x00, 0x00, 0x00, 0x70, 0x57, 0x77, 0x04, 0x00, 0x00
.byte 0x70, 0x77, 0x77, 0x47, 0x00, 0x00, 0x70, 0x67, 0x64, 0x77, 0x00, 0x00, 0x70, 0x47, 0x40, 0x77, 0x00, 0x00, 0x70, 0x07, 0x00, 0x77, 0x00, 0x00, 0x70, 0x07, 0x00, 0x77, 0x00, 0x00, 0x60, 0x07
.byte 0x00, 0x76, 0x00, 0x00, 0x50, 0x06, 0x00, 0x65, 0x00, 0x00, 0x00, 0x00, 0x00, 0x00, 0x00, 0x00
.global gUnknown_831A650
gUnknown_831A650:
.byte 0x00, 0x00, 0x00, 0x00, 0x00, 0x00, 0x00, 0x00, 0x00, 0x00, 0x00, 0x00, 0x70, 0x06, 0x00, 0x00
.byte 0x00, 0x00, 0x60, 0x05, 0x00, 0x00, 0x00, 0x00, 0x00, 0x00, 0x00, 0x00, 0x00, 0x00, 0x70, 0x05, 0x00, 0x00, 0x00, 0x00, 0x70, 0x07, 0x00, 0x00, 0x00, 0x00, 0x70, 0x07, 0x00, 0x00, 0x00, 0x00
.byte 0x70, 0x07, 0x00, 0x00, 0x00, 0x00, 0x70, 0x06, 0x00, 0x00, 0x00, 0x00, 0x60, 0x05, 0x00, 0x00, 0x00, 0x00, 0x00, 0x00, 0x00, 0x00, 0x00, 0x00
.global gUnknown_831A698
gUnknown_831A698:
.byte 0x00, 0x67, 0x00, 0x00, 0x00, 0x00, 0x00, 0x56
.byte 0x00, 0x00, 0x00, 0x00, 0x00, 0x00, 0x00, 0x00, 0x00, 0x00, 0x00, 0x57, 0x00, 0x00, 0x00, 0x00, 0x00, 0x77, 0x00, 0x00, 0x00, 0x00, 0x00, 0x77, 0x00, 0x00, 0x00, 0x00, 0x00, 0x77, 0x00, 0x00
.byte 0x00, 0x00, 0x00, 0x77, 0x00, 0x00, 0x00, 0x00, 0x00, 0x77, 0x00, 0x00, 0x00, 0x00, 0x40, 0x77, 0x00, 0x00, 0x00, 0x00, 0x64, 0x57, 0x00, 0x00, 0x00, 0x00, 0x72, 0x05, 0x00, 0x00, 0x00, 0x00
.global gUnknown_831A6E0
gUnknown_831A6E0:
.byte 0x50, 0x07, 0x00, 0x00, 0x00, 0x00, 0x70, 0x07, 0x00, 0x00, 0x00, 0x00, 0x70, 0x07, 0x00, 0x00, 0x00, 0x00, 0x70, 0x07, 0x00, 0x56, 0x00, 0x00, 0x70, 0x07, 0x70, 0x67, 0x00, 0x00, 0x70, 0x57
.byte 0x77, 0x06, 0x00, 0x00, 0x70, 0x77, 0x67, 0x00, 0x00, 0x00, 0x70, 0x67, 0x77, 0x00, 0x00, 0x00, 0x70, 0x07, 0x76, 0x07, 0x00, 0x00, 0x70, 0x06, 0x60, 0x67, 0x00, 0x00, 0x60, 0x05, 0x00, 0x56
.byte 0x00, 0x00, 0x00, 0x00, 0x00, 0x00, 0x00, 0x00
.global gUnknown_831A728
gUnknown_831A728:
.byte 0x50, 0x07, 0x00, 0x00, 0x00, 0x00, 0x70, 0x07, 0x00, 0x00, 0x00, 0x00, 0x70, 0x07, 0x00, 0x00, 0x00, 0x00, 0x70, 0x07, 0x00, 0x00, 0x00, 0x00
.byte 0x70, 0x07, 0x00, 0x00, 0x00, 0x00, 0x70, 0x07, 0x00, 0x00, 0x00, 0x00, 0x70, 0x07, 0x00, 0x00, 0x00, 0x00, 0x70, 0x07, 0x00, 0x00, 0x00, 0x00, 0x70, 0x07, 0x00, 0x00, 0x00, 0x00, 0x70, 0x06
.byte 0x00, 0x00, 0x00, 0x00, 0x60, 0x05, 0x00, 0x00, 0x00, 0x00, 0x00, 0x00, 0x00, 0x00, 0x00, 0x00
.global gUnknown_831A770
gUnknown_831A770:
.byte 0x00, 0x00, 0x00, 0x00, 0x00, 0x00, 0x00, 0x00, 0x00, 0x00, 0x00, 0x00, 0x00, 0x00, 0x00, 0x00
.byte 0x00, 0x00, 0x70, 0x57, 0x77, 0x57, 0x57, 0x00, 0x70, 0x77, 0x77, 0x77, 0x77, 0x05, 0x70, 0x57, 0x74, 0x47, 0x75, 0x07, 0x70, 0x07, 0x70, 0x07, 0x70, 0x07, 0x70, 0x07, 0x70, 0x07, 0x70, 0x07
.byte 0x70, 0x07, 0x70, 0x07, 0x70, 0x07, 0x70, 0x06, 0x70, 0x06, 0x70, 0x06, 0x60, 0x05, 0x60, 0x05, 0x60, 0x05, 0x00, 0x00, 0x00, 0x00, 0x00, 0x00
.global gUnknown_831A7B8
gUnknown_831A7B8:
.byte 0x00, 0x00, 0x00, 0x00, 0x00, 0x00, 0x00, 0x00
.byte 0x00, 0x00, 0x00, 0x00, 0x00, 0x00, 0x00, 0x00, 0x00, 0x00, 0x70, 0x57, 0x77, 0x05, 0x00, 0x00, 0x70, 0x77, 0x77, 0x57, 0x00, 0x00, 0x70, 0x57, 0x50, 0x77, 0x00, 0x00, 0x70, 0x07, 0x00, 0x77
.byte 0x00, 0x00, 0x70, 0x07, 0x00, 0x77, 0x00, 0x00, 0x70, 0x07, 0x00, 0x77, 0x00, 0x00, 0x70, 0x06, 0x00, 0x67, 0x00, 0x00, 0x60, 0x05, 0x00, 0x56, 0x00, 0x00, 0x00, 0x00, 0x00, 0x00, 0x00, 0x00
.global gUnknown_831A800
gUnknown_831A800:
.byte 0x00, 0x00, 0x00, 0x00, 0x00, 0x00, 0x00, 0x00, 0x00, 0x00, 0x00, 0x00, 0x00, 0x00, 0x00, 0x00, 0x00, 0x00, 0x00, 0x50, 0x77, 0x05, 0x00, 0x00, 0x00, 0x77, 0x66, 0x77, 0x00, 0x00, 0x50, 0x67
.byte 0x00, 0x76, 0x05, 0x00, 0x70, 0x07, 0x00, 0x70, 0x07, 0x00, 0x70, 0x07, 0x00, 0x70, 0x07, 0x00, 0x50, 0x77, 0x00, 0x77, 0x05, 0x00, 0x00, 0x76, 0x77, 0x67, 0x00, 0x00, 0x00, 0x50, 0x66, 0x05
.byte 0x00, 0x00, 0x00, 0x00, 0x00, 0x00, 0x00, 0x00
.global gUnknown_831A848
gUnknown_831A848:
.byte 0x00, 0x00, 0x00, 0x00, 0x00, 0x00, 0x50, 0x27, 0x66, 0x05, 0x00, 0x00, 0x70, 0x67, 0x77, 0x57, 0x00, 0x00, 0x70, 0x77, 0x44, 0x77, 0x02, 0x00
.byte 0x70, 0x47, 0x00, 0x74, 0x05, 0x00, 0x70, 0x47, 0x00, 0x74, 0x05, 0x00, 0x70, 0x77, 0x44, 0x77, 0x02, 0x00, 0x70, 0x67, 0x77, 0x57, 0x00, 0x00, 0x70, 0x07, 0x76, 0x05, 0x00, 0x00, 0x70, 0x07
.byte 0x00, 0x00, 0x00, 0x00, 0x60, 0x07, 0x00, 0x00, 0x00, 0x00, 0x50, 0x06, 0x00, 0x00, 0x00, 0x00
.global gUnknown_831A890
gUnknown_831A890:
.byte 0x00, 0x00, 0x00, 0x00, 0x00, 0x00, 0x00, 0x50, 0x66, 0x72, 0x05, 0x00, 0x00, 0x75, 0x77, 0x76
.byte 0x07, 0x00, 0x20, 0x77, 0x44, 0x77, 0x07, 0x00, 0x50, 0x47, 0x00, 0x74, 0x07, 0x00, 0x50, 0x47, 0x00, 0x74, 0x07, 0x00, 0x20, 0x77, 0x44, 0x77, 0x07, 0x00, 0x00, 0x75, 0x77, 0x76, 0x07, 0x00
.byte 0x00, 0x50, 0x67, 0x70, 0x07, 0x00, 0x00, 0x00, 0x00, 0x70, 0x07, 0x00, 0x00, 0x00, 0x00, 0x60, 0x07, 0x00, 0x00, 0x00, 0x00, 0x50, 0x06, 0x00
.global gUnknown_831A8D8
gUnknown_831A8D8:
.byte 0x00, 0x00, 0x00, 0x00, 0x00, 0x00, 0x00, 0x00
.byte 0x00, 0x00, 0x00, 0x00, 0x00, 0x00, 0x00, 0x00, 0x00, 0x00, 0x50, 0x47, 0x77, 0x00, 0x00, 0x00, 0x70, 0x77, 0x67, 0x00, 0x00, 0x00, 0x70, 0x67, 0x04, 0x00, 0x00, 0x00, 0x70, 0x47, 0x00, 0x00
.byte 0x00, 0x00, 0x70, 0x07, 0x00, 0x00, 0x00, 0x00, 0x70, 0x07, 0x00, 0x00, 0x00, 0x00, 0x60, 0x07, 0x00, 0x00, 0x00, 0x00, 0x50, 0x06, 0x00, 0x00, 0x00, 0x00, 0x00, 0x00, 0x00, 0x00, 0x00, 0x00
.global gUnknown_831A920
gUnknown_831A920:
.byte 0x00, 0x00, 0x00, 0x00, 0x00, 0x00, 0x00, 0x00, 0x00, 0x00, 0x00, 0x00, 0x00, 0x00, 0x00, 0x00, 0x00, 0x00, 0x00, 0x74, 0x77, 0x04, 0x00, 0x00, 0x40, 0x67, 0x66, 0x57, 0x00, 0x00, 0x60, 0x07
.byte 0x00, 0x65, 0x00, 0x00, 0x40, 0x77, 0x57, 0x00, 0x00, 0x00, 0x00, 0x50, 0x77, 0x47, 0x00, 0x00, 0x60, 0x05, 0x00, 0x67, 0x00, 0x00, 0x50, 0x77, 0x77, 0x47, 0x00, 0x00, 0x00, 0x64, 0x67, 0x04
.byte 0x00, 0x00, 0x00, 0x00, 0x00, 0x00, 0x00, 0x00
.global gUnknown_831A968
gUnknown_831A968:
.byte 0x00, 0x00, 0x00, 0x00, 0x00, 0x00, 0x00, 0x77, 0x00, 0x00, 0x00, 0x00, 0x00, 0x77, 0x00, 0x00, 0x00, 0x00, 0x70, 0x77, 0x07, 0x00, 0x00, 0x00
.byte 0x60, 0x77, 0x06, 0x00, 0x00, 0x00, 0x00, 0x77, 0x00, 0x00, 0x00, 0x00, 0x00, 0x77, 0x00, 0x00, 0x00, 0x00, 0x00, 0x77, 0x00, 0x00, 0x00, 0x00, 0x00, 0x77, 0x04, 0x00, 0x00, 0x00, 0x00, 0x76
.byte 0x67, 0x00, 0x00, 0x00, 0x00, 0x64, 0x56, 0x00, 0x00, 0x00, 0x00, 0x00, 0x00, 0x00, 0x00, 0x00
.global gUnknown_831A9B0
gUnknown_831A9B0:
.byte 0x00, 0x00, 0x00, 0x00, 0x00, 0x00, 0x00, 0x00, 0x00, 0x00, 0x00, 0x00, 0x00, 0x00, 0x00, 0x00
.byte 0x00, 0x00, 0x70, 0x05, 0x00, 0x57, 0x00, 0x00, 0x70, 0x07, 0x00, 0x77, 0x00, 0x00, 0x70, 0x07, 0x00, 0x77, 0x00, 0x00, 0x70, 0x07, 0x20, 0x77, 0x00, 0x00, 0x70, 0x27, 0x50, 0x77, 0x00, 0x00
.byte 0x60, 0x67, 0x75, 0x77, 0x00, 0x00, 0x50, 0x77, 0x67, 0x67, 0x00, 0x00, 0x00, 0x65, 0x46, 0x56, 0x00, 0x00, 0x00, 0x00, 0x00, 0x00, 0x00, 0x00
.global gUnknown_831A9F8
gUnknown_831A9F8:
.byte 0x00, 0x00, 0x00, 0x00, 0x00, 0x00, 0x00, 0x00
.byte 0x00, 0x00, 0x00, 0x00, 0x00, 0x00, 0x00, 0x00, 0x00, 0x00, 0x50, 0x06, 0x00, 0x56, 0x00, 0x00, 0x70, 0x07, 0x00, 0x77, 0x00, 0x00, 0x60, 0x57, 0x50, 0x67, 0x00, 0x00, 0x40, 0x67, 0x60, 0x47
.byte 0x00, 0x00, 0x00, 0x76, 0x75, 0x06, 0x00, 0x00, 0x00, 0x74, 0x76, 0x04, 0x00, 0x00, 0x00, 0x60, 0x67, 0x00, 0x00, 0x00, 0x00, 0x40, 0x46, 0x00, 0x00, 0x00, 0x00, 0x00, 0x00, 0x00, 0x00, 0x00
.global gUnknown_831AA40
gUnknown_831AA40:
.byte 0x00, 0x00, 0x00, 0x00, 0x00, 0x00, 0x00, 0x00, 0x00, 0x00, 0x00, 0x00, 0x00, 0x00, 0x00, 0x00, 0x00, 0x00, 0x50, 0x07, 0x40, 0x46, 0x00, 0x57, 0x70, 0x47, 0x60, 0x67, 0x40, 0x77, 0x60, 0x77
.byte 0x70, 0x77, 0x70, 0x67, 0x40, 0x77, 0x76, 0x76, 0x76, 0x47, 0x00, 0x76, 0x77, 0x74, 0x77, 0x06, 0x00, 0x74, 0x67, 0x60, 0x77, 0x04, 0x00, 0x60, 0x47, 0x40, 0x67, 0x00, 0x00, 0x40, 0x06, 0x00
.byte 0x46, 0x00, 0x00, 0x00, 0x00, 0x00, 0x00, 0x00
.global gUnknown_831AA88
gUnknown_831AA88:
.byte 0x00, 0x00, 0x00, 0x00, 0x00, 0x00, 0x00, 0x00, 0x00, 0x00, 0x00, 0x00, 0x00, 0x00, 0x00, 0x00, 0x00, 0x00, 0x50, 0x07, 0x00, 0x57, 0x00, 0x00
.byte 0x70, 0x47, 0x40, 0x77, 0x00, 0x00, 0x40, 0x77, 0x74, 0x47, 0x00, 0x00, 0x00, 0x74, 0x77, 0x04, 0x00, 0x00, 0x00, 0x74, 0x77, 0x04, 0x00, 0x00, 0x40, 0x77, 0x74, 0x47, 0x00, 0x00, 0x70, 0x47
.byte 0x40, 0x77, 0x00, 0x00, 0x50, 0x06, 0x00, 0x56, 0x00, 0x00, 0x00, 0x00, 0x00, 0x00, 0x00, 0x00
.global gUnknown_831AAD0
gUnknown_831AAD0:
.byte 0x00, 0x00, 0x00, 0x00, 0x00, 0x00, 0x40, 0x06, 0x00, 0x00, 0x46, 0x00, 0x60, 0x57, 0x00, 0x50
.byte 0x67, 0x00, 0x50, 0x67, 0x00, 0x60, 0x57, 0x00, 0x00, 0x76, 0x05, 0x75, 0x07, 0x00, 0x00, 0x75, 0x06, 0x76, 0x05, 0x00, 0x00, 0x60, 0x57, 0x67, 0x00, 0x00, 0x00, 0x50, 0x67, 0x57, 0x00, 0x00
.byte 0x00, 0x00, 0x77, 0x06, 0x00, 0x00, 0x00, 0x00, 0x77, 0x05, 0x00, 0x00, 0x00, 0x76, 0x67, 0x00, 0x00, 0x00, 0x00, 0x65, 0x56, 0x00, 0x00, 0x00
.global gUnknown_831AB18
gUnknown_831AB18:
.byte 0x00, 0x00, 0x00, 0x00, 0x00, 0x00, 0x00, 0x00
.byte 0x00, 0x00, 0x00, 0x00, 0x00, 0x00, 0x00, 0x00, 0x00, 0x00, 0x70, 0x77, 0x77, 0x05, 0x00, 0x00, 0x50, 0x66, 0x76, 0x07, 0x00, 0x00, 0x00, 0x00, 0x77, 0x05, 0x00, 0x00, 0x00, 0x70, 0x67, 0x00
.byte 0x00, 0x00, 0x00, 0x77, 0x06, 0x00, 0x00, 0x00, 0x50, 0x67, 0x00, 0x00, 0x00, 0x00, 0x70, 0x77, 0x77, 0x07, 0x00, 0x00, 0x50, 0x66, 0x66, 0x05, 0x00, 0x00, 0x00, 0x00, 0x00, 0x00, 0x00, 0x00
.global gUnknown_831AB60
gUnknown_831AB60:
.byte 0x00, 0x0f, 0x00, 0x00, 0x00, 0x00, 0xf0, 0x00, 0x00, 0x00, 0x00, 0x00, 0xf0, 0x00, 0x00, 0x00, 0x00, 0x00, 0xf0, 0x00, 0x00, 0x00, 0x00, 0x00, 0xf0, 0x00, 0x00, 0x00, 0x00, 0x00, 0x0f, 0x00
.byte 0x00, 0x00, 0x00, 0x00, 0xf0, 0x00, 0x00, 0x00, 0x00, 0x00, 0xf0, 0x00, 0x00, 0x00, 0x00, 0x00, 0xf0, 0x00, 0x00, 0x00, 0x00, 0x00, 0x00, 0x0f, 0x00, 0x00, 0x00, 0x00, 0x00, 0x00, 0x00, 0x00
.byte 0x00, 0x00, 0x00, 0x00, 0x00, 0x00, 0x00, 0x00
.global gUnknown_831ABA8
gUnknown_831ABA8:
.byte 0x0f, 0x00, 0x00, 0x00, 0x00, 0x00, 0x0f, 0x00, 0x00, 0x00, 0x00, 0x00, 0x0f, 0x00, 0x00, 0x00, 0x00, 0x00, 0x0f, 0x00, 0x00, 0x00, 0x00, 0x00
.byte 0x0f, 0x00, 0x00, 0x00, 0x00, 0x00, 0x0f, 0x00, 0x00, 0x00, 0x00, 0x00, 0x0f, 0x00, 0x00, 0x00, 0x00, 0x00, 0x0f, 0x00, 0x00, 0x00, 0x00, 0x00, 0x0f, 0x00, 0x00, 0x00, 0x00, 0x00, 0x0f, 0x00
.byte 0x00, 0x00, 0x00, 0x00, 0x00, 0x00, 0x00, 0x00, 0x00, 0x00, 0x00, 0x00, 0x00, 0x00, 0x00, 0x00
.global gUnknown_831ABF0
gUnknown_831ABF0:
.byte 0x0f, 0x00, 0x00, 0x00, 0x00, 0x00, 0xf0, 0x00, 0x00, 0x00, 0x00, 0x00, 0xf0, 0x00, 0x00, 0x00
.byte 0x00, 0x00, 0xf0, 0x00, 0x00, 0x00, 0x00, 0x00, 0xf0, 0x00, 0x00, 0x00, 0x00, 0x00, 0x00, 0x0f, 0x00, 0x00, 0x00, 0x00, 0xf0, 0x00, 0x00, 0x00, 0x00, 0x00, 0xf0, 0x00, 0x00, 0x00, 0x00, 0x00
.byte 0xf0, 0x00, 0x00, 0x00, 0x00, 0x00, 0x0f, 0x00, 0x00, 0x00, 0x00, 0x00, 0x00, 0x00, 0x00, 0x00, 0x00, 0x00, 0x00, 0x00, 0x00, 0x00, 0x00, 0x00
.global gUnknown_831AC38
gUnknown_831AC38:
.byte 0x00, 0xff, 0xf0, 0x00, 0x00, 0x00, 0xf0, 0xf0
.byte 0x0f, 0x00, 0x00, 0x00, 0x00, 0x00, 0x00, 0x00, 0x00, 0x00, 0x00, 0x00, 0x00, 0x00, 0x00, 0x00, 0x00, 0x00, 0x00, 0x00, 0x00, 0x00, 0x00, 0x00, 0x00, 0x00, 0x00, 0x00, 0x00, 0x00, 0x00, 0x00
.byte 0x00, 0x00, 0x00, 0x00, 0x00, 0x00, 0x00, 0x00, 0x00, 0x00, 0x00, 0x00, 0x00, 0x00, 0x00, 0x00, 0x00, 0x00, 0x00, 0x00, 0x00, 0x00, 0x00, 0x00, 0x00, 0x00, 0x00, 0x00, 0x00, 0x00, 0x00, 0x00
.global gUnknown_831AC80
gUnknown_831AC80:
.byte 0x00, 0x00, 0x00, 0x00, 0x00, 0x00, 0x00, 0x00, 0x00, 0x00, 0x00, 0x00, 0x00, 0x00, 0x00, 0x00, 0x00, 0x00, 0x00, 0x00, 0x00, 0x00, 0x00, 0x00, 0x00, 0x00, 0x00, 0x00, 0x00, 0x00, 0x00, 0x00
.byte 0x00, 0x00, 0x00, 0x00, 0x00, 0x00, 0x00, 0x00, 0x00, 0x00, 0x00, 0x00, 0x00, 0x00, 0x00, 0x00, 0x00, 0x00, 0x00, 0x00, 0x00, 0x00, 0x00, 0x00, 0x00, 0x00, 0x00, 0x00, 0x00, 0x00, 0x00, 0x00
.byte 0x00, 0x00, 0x00, 0x00, 0x00, 0x00, 0x00, 0x00
.global gUnknown_831ACC8
gUnknown_831ACC8:
.byte 0x00, 0x00, 0x00, 0x00, 0x00, 0x00, 0x00, 0x00, 0x00, 0x00, 0x00, 0x00, 0x00, 0x00, 0x00, 0x00, 0x00, 0x00, 0x00, 0x00, 0x00, 0x00, 0x00, 0x00
.byte 0x00, 0x00, 0x00, 0x00, 0x00, 0x00, 0x00, 0x00, 0x00, 0x00, 0x00, 0x00, 0x00, 0x00, 0x00, 0x00, 0x00, 0x00, 0x00, 0x00, 0x00, 0x00, 0x00, 0x00, 0x00, 0x00, 0x00, 0x00, 0x00, 0x00, 0x00, 0x00
.byte 0x00, 0x00, 0x00, 0x00, 0x00, 0x00, 0x00, 0x00, 0x00, 0x00, 0x00, 0x00, 0x00, 0x00, 0x00, 0x00
.global gUnknown_831AD10
gUnknown_831AD10:
.byte 0x00, 0x00, 0x00, 0x00, 0x00, 0x00, 0x00, 0x00, 0x00, 0x00, 0x00, 0x00, 0x00, 0x00, 0x00, 0x00
.byte 0x00, 0x00, 0x00, 0x00, 0x00, 0x00, 0x00, 0x00, 0x00, 0x00, 0x00, 0x00, 0x00, 0x00, 0x00, 0x00, 0x00, 0x00, 0x00, 0x00, 0x00, 0x00, 0x00, 0x00, 0x00, 0x00, 0x00, 0x00, 0x00, 0x00, 0x00, 0x00
.byte 0x00, 0x00, 0x00, 0x00, 0x00, 0x00, 0x00, 0x00, 0x00, 0x00, 0x00, 0x00, 0x00, 0x00, 0x00, 0x00, 0x00, 0x00, 0x00, 0x00, 0x00, 0x00, 0x00, 0x00
.global gUnknown_831AD58
gUnknown_831AD58:
.byte 0x00, 0x00, 0x00, 0x00, 0x00, 0x00, 0x00, 0x00
.byte 0x00, 0x00, 0x00, 0x00, 0x00, 0x00, 0x00, 0x00, 0x00, 0x00, 0x00, 0x00, 0x00, 0x00, 0x00, 0x00, 0x00, 0x00, 0x00, 0x00, 0x00, 0x00, 0x00, 0x00, 0x00, 0x00, 0x00, 0x00, 0x00, 0x00, 0x00, 0x00
.byte 0x00, 0x00, 0x00, 0x00, 0x00, 0x00, 0x00, 0x00, 0x00, 0x00, 0x00, 0x00, 0x00, 0x00, 0x00, 0x00, 0x00, 0x00, 0x00, 0x00, 0x00, 0x00, 0x00, 0x00, 0x00, 0x00, 0x00, 0x00, 0x00, 0x00, 0x00, 0x00
.global gUnknown_831ADA0
gUnknown_831ADA0:
.byte 0x00, 0x00, 0x00, 0x00, 0x00, 0x00, 0x00, 0x00, 0x00, 0x00, 0x00, 0x00, 0x00, 0x00, 0x00, 0x00, 0x00, 0x00, 0x00, 0x00, 0x00, 0x00, 0x00, 0x00, 0x00, 0x00, 0x00, 0x00, 0x00, 0x00, 0x00, 0x00
.byte 0x00, 0x00, 0x00, 0x00, 0x00, 0x00, 0x00, 0x00, 0x00, 0x00, 0x00, 0x00, 0x00, 0x00, 0x00, 0x00, 0x00, 0x00, 0x00, 0x00, 0x00, 0x00, 0x00, 0x00, 0x00, 0x00, 0x00, 0x00, 0x00, 0x00, 0x00, 0x00
.byte 0x00, 0x00, 0x00, 0x00, 0x00, 0x00, 0x00, 0x00
.global gUnknown_831ADE8
gUnknown_831ADE8:
.byte 0x00, 0x00, 0x00, 0x00, 0x00, 0x00, 0x00, 0x00, 0x00, 0x00, 0x00, 0x00, 0x00, 0x00, 0x00, 0x00, 0x00, 0x00, 0x00, 0x00, 0x00, 0x00, 0x00, 0x00
.byte 0x00, 0x00, 0x00, 0x00, 0x00, 0x00, 0x00, 0x00, 0x00, 0x00, 0x00, 0x00, 0x00, 0x00, 0x00, 0x00, 0x00, 0x00, 0x00, 0x00, 0x00, 0x00, 0x00, 0x00, 0x00, 0x00, 0x00, 0x00, 0x00, 0x00, 0x00, 0x00
.byte 0x00, 0x00, 0x00, 0x00, 0x00, 0x00, 0x00, 0x00, 0x00, 0x00, 0x00, 0x00, 0x00, 0x00, 0x00, 0x00
.global gUnknown_831AE30
gUnknown_831AE30:
.byte 0x00, 0x00, 0x00, 0x00, 0x00, 0x00, 0x00, 0x00, 0x00, 0x00, 0x00, 0x00, 0x00, 0x00, 0x00, 0x00
.byte 0x00, 0x00, 0x00, 0x00, 0x00, 0x00, 0x00, 0x00, 0x00, 0x00, 0x00, 0x00, 0x00, 0x00, 0x00, 0x00, 0x00, 0x00, 0x00, 0x00, 0x00, 0x00, 0x00, 0x00, 0x00, 0x00, 0x00, 0x00, 0x00, 0x00, 0x00, 0x00
.byte 0x00, 0x00, 0x00, 0x00, 0x00, 0x00, 0x00, 0x00, 0x00, 0x00, 0x00, 0x00, 0x00, 0x00, 0x00, 0x00, 0x00, 0x00, 0x00, 0x00, 0x00, 0x00, 0x00, 0x00
.global gUnknown_831AE78
gUnknown_831AE78:
.byte 0x00, 0x00, 0x00, 0x00, 0x00, 0x00, 0x00, 0x00
.byte 0x00, 0x00, 0x00, 0x00, 0x00, 0x00, 0x00, 0x00, 0x00, 0x00, 0x00, 0x00, 0x00, 0x00, 0x00, 0x00, 0x00, 0x00, 0x00, 0x00, 0x00, 0x00, 0x00, 0x00, 0x00, 0x00, 0x00, 0x00, 0x00, 0x00, 0x00, 0x00
.byte 0x00, 0x00, 0x00, 0x00, 0x00, 0x00, 0x00, 0x00, 0x00, 0x00, 0x00, 0x00, 0x00, 0x00, 0x00, 0x00, 0x00, 0x00, 0x00, 0x00, 0x00, 0x00, 0x00, 0x00, 0x00, 0x00, 0x00, 0x00, 0x00, 0x00, 0x00, 0x00
.global gUnknown_831AEC0
gUnknown_831AEC0:
.byte 0x00, 0x00, 0x00, 0x00, 0x00, 0x00, 0x00, 0x00, 0x00, 0x00, 0x00, 0x00, 0x00, 0x00, 0x00, 0x00, 0x00, 0x00, 0x00, 0x00, 0x00, 0x00, 0x00, 0x00, 0x00, 0x00, 0x00, 0x00, 0x00, 0x00, 0x00, 0x00
.byte 0x00, 0x00, 0x00, 0x00, 0x00, 0x00, 0x00, 0x00, 0x00, 0x00, 0x00, 0x00, 0x00, 0x00, 0x00, 0x00, 0x00, 0x00, 0x00, 0x00, 0x00, 0x00, 0x00, 0x00, 0x00, 0x00, 0x00, 0x00, 0x00, 0x00, 0x00, 0x00
.byte 0x00, 0x00, 0x00, 0x00, 0x00, 0x00, 0x00, 0x00
.global gUnknown_831AF08
gUnknown_831AF08:
.byte 0x00, 0x00, 0x00, 0x00, 0x00, 0x00, 0x00, 0x00, 0x00, 0x00, 0x00, 0x00, 0x00, 0x00, 0x00, 0x00, 0x00, 0x00, 0x00, 0x00, 0x00, 0x00, 0x00, 0x00
.byte 0x00, 0x00, 0x00, 0x00, 0x00, 0x00, 0x00, 0x00, 0x00, 0x00, 0x00, 0x00, 0x00, 0x00, 0x00, 0x00, 0x00, 0x00, 0x00, 0x00, 0x00, 0x00, 0x00, 0x00, 0x00, 0x00, 0x00, 0x00, 0x00, 0x00, 0x00, 0x00
.byte 0x00, 0x00, 0x00, 0x00, 0x00, 0x00, 0x00, 0x00, 0x00, 0x00, 0x00, 0x00, 0x00, 0x00, 0x00, 0x00
.global gUnknown_831AF50
gUnknown_831AF50:
.byte 0x00, 0x00, 0x00, 0x00, 0x00, 0x00, 0x00, 0x00, 0x00, 0x00, 0x00, 0x00, 0x00, 0x00, 0x00, 0x00
.byte 0x00, 0x00, 0x00, 0x00, 0x00, 0x00, 0x00, 0x00, 0x00, 0x00, 0x00, 0x00, 0x00, 0x00, 0x00, 0x00, 0x00, 0x00, 0x00, 0x00, 0x00, 0x00, 0x00, 0x00, 0x00, 0x00, 0x00, 0x00, 0x00, 0x00, 0x00, 0x00
.byte 0x00, 0x00, 0x00, 0x00, 0x00, 0x00, 0x00, 0x00, 0x00, 0x00, 0x00, 0x00, 0x00, 0x00, 0x00, 0x00, 0x00, 0x00, 0x00, 0x00, 0x00, 0x00, 0x00, 0x00
.global gUnknown_831AF98
gUnknown_831AF98:
.byte 0x00, 0x00, 0x00, 0x00, 0x00, 0x00, 0x00, 0x00
.byte 0x00, 0x00, 0x00, 0x00, 0x00, 0x00, 0x00, 0x00, 0x00, 0x00, 0x00, 0x00, 0x00, 0x00, 0x00, 0x00, 0x00, 0x00, 0x00, 0x00, 0x00, 0x00, 0x00, 0x00, 0x00, 0x00, 0x00, 0x00, 0x00, 0x00, 0x00, 0x00
.byte 0x00, 0x00, 0x00, 0x00, 0x00, 0x00, 0x00, 0x00, 0x00, 0x00, 0x00, 0x00, 0x00, 0x00, 0x00, 0x00, 0x00, 0x00, 0x00, 0x00, 0x00, 0x00, 0x00, 0x00, 0x00, 0x00, 0x00, 0x00, 0x00, 0x00, 0x00, 0x00
.global gUnknown_831AFE0
gUnknown_831AFE0:
.byte 0x00, 0x00, 0x00, 0x00, 0x00, 0x00, 0x00, 0x00, 0x00, 0x00, 0x00, 0x00, 0x00, 0x00, 0x00, 0x00, 0x00, 0x00, 0x00, 0x00, 0x00, 0x00, 0x00, 0x00, 0x00, 0x00, 0x00, 0x00, 0x00, 0x00, 0x00, 0x00
.byte 0x00, 0x00, 0x00, 0x00, 0x00, 0x00, 0x00, 0x00, 0x00, 0x00, 0x00, 0x00, 0x00, 0x00, 0x00, 0x00, 0x00, 0x00, 0x00, 0x00, 0x00, 0x00, 0x00, 0x00, 0x00, 0x00, 0x00, 0x00, 0x00, 0x00, 0x00, 0x00
.byte 0x00, 0x00, 0x00, 0x00, 0x00, 0x00, 0x00, 0x00
.global gUnknown_831B028
gUnknown_831B028:
.byte 0x00, 0x00, 0x00, 0x00, 0x00, 0x00, 0x10, 0xd5, 0x15, 0x75, 0x77, 0x07, 0x61, 0x67, 0x67, 0x77, 0x55, 0x05, 0x76, 0x26, 0x76, 0x77, 0x00, 0x00
.byte 0x77, 0x02, 0x72, 0x77, 0xaa, 0x0a, 0x77, 0x00, 0x70, 0x77, 0x77, 0x07, 0x77, 0x00, 0x70, 0x77, 0x11, 0x01, 0x76, 0x04, 0x74, 0x77, 0x00, 0x00, 0x76, 0x04, 0x74, 0x77, 0x00, 0x00, 0x74, 0x47
.byte 0x77, 0x77, 0x11, 0x01, 0x40, 0x76, 0x46, 0x76, 0x77, 0x07, 0x00, 0xa2, 0x02, 0x50, 0x55, 0x05
.global gUnknown_831B070
gUnknown_831B070:
.byte 0x00, 0x00, 0x00, 0x00, 0x00, 0x00, 0x00, 0x00, 0x00, 0x00, 0x00, 0x00, 0x00, 0x00, 0x00, 0x00
.byte 0x00, 0x00, 0x00, 0x00, 0x00, 0x00, 0x00, 0x00, 0x00, 0x00, 0x00, 0x00, 0x00, 0x00, 0x00, 0x00, 0x00, 0x00, 0x00, 0x00, 0x00, 0x00, 0x00, 0x00, 0x00, 0x00, 0x00, 0x00, 0x00, 0x00, 0x00, 0x00
.byte 0x00, 0x00, 0x00, 0x00, 0x00, 0x00, 0x00, 0x00, 0x00, 0x00, 0x00, 0x00, 0x00, 0x00, 0x00, 0x00, 0x00, 0x00, 0x00, 0x00, 0x00, 0x00, 0x00, 0x00
.global gUnknown_831B0B8
gUnknown_831B0B8:
.byte 0x00, 0x00, 0x00, 0x00, 0x00, 0x00, 0x00, 0x00
.byte 0x00, 0x00, 0x00, 0x00, 0x00, 0x00, 0x00, 0x00, 0x00, 0x00, 0x00, 0x00, 0x00, 0x00, 0x00, 0x00, 0x00, 0x00, 0x00, 0x00, 0x00, 0x00, 0x00, 0x00, 0x00, 0x00, 0x00, 0x00, 0x00, 0x00, 0x00, 0x00
.byte 0x00, 0x00, 0x00, 0x00, 0x00, 0x00, 0x00, 0x00, 0x00, 0x00, 0x00, 0x00, 0x00, 0x00, 0x00, 0x00, 0x00, 0x00, 0x00, 0x00, 0x00, 0x00, 0x00, 0x00, 0x00, 0x00, 0x00, 0x00, 0x00, 0x00, 0x00, 0x00
.global gUnknown_831B100
gUnknown_831B100:
.byte 0x00, 0x00, 0x00, 0x00, 0x00, 0x00, 0x00, 0x00, 0x00, 0x00, 0x00, 0x00, 0x00, 0x00, 0x00, 0x00, 0x00, 0x00, 0x00, 0x00, 0x00, 0x00, 0x00, 0x00, 0x00, 0x00, 0x00, 0x00, 0x00, 0x00, 0x00, 0x00
.byte 0x00, 0x00, 0x00, 0x00, 0x00, 0x00, 0x00, 0x00, 0x00, 0x00, 0x00, 0x00, 0x00, 0x00, 0x00, 0x00, 0x00, 0x00, 0x00, 0x00, 0x00, 0x00, 0x00, 0x00, 0x00, 0x00, 0x00, 0x00, 0x00, 0x00, 0x00, 0x00
.byte 0x00, 0x00, 0x00, 0x00, 0x00, 0x00, 0x00, 0x00
.global gUnknown_831B148
gUnknown_831B148:
.byte 0x00, 0x00, 0x00, 0x00, 0x00, 0x00, 0x00, 0x00, 0x00, 0x00, 0x00, 0x00, 0x00, 0x00, 0x00, 0x00, 0x00, 0x00, 0x00, 0x00, 0x00, 0x00, 0x00, 0x00
.byte 0x00, 0x00, 0x00, 0x00, 0x00, 0x00, 0x00, 0x00, 0x00, 0x00, 0x00, 0x00, 0x00, 0x00, 0x00, 0x00, 0x00, 0x00, 0x00, 0x00, 0x00, 0x00, 0x00, 0x00, 0x00, 0x00, 0x00, 0x00, 0x00, 0x00, 0x00, 0x00
.byte 0x00, 0x00, 0x00, 0x00, 0x00, 0x00, 0x00, 0x00, 0x00, 0x00, 0x00, 0x00, 0x00, 0x00, 0x00, 0x00
.global gUnknown_831B190
gUnknown_831B190:
.byte 0x00, 0x00, 0x00, 0x00, 0x00, 0x00, 0x00, 0x00, 0x00, 0x00, 0x00, 0x00, 0x00, 0x00, 0x00, 0x00
.byte 0x00, 0x00, 0x00, 0x00, 0x00, 0x00, 0x00, 0x00, 0x00, 0x00, 0x00, 0x00, 0x00, 0x00, 0x00, 0x00, 0x00, 0x00, 0x00, 0x00, 0x00, 0x00, 0x00, 0x00, 0x00, 0x00, 0x00, 0x00, 0x00, 0x00, 0x00, 0x00
.byte 0x00, 0x00, 0x00, 0x00, 0x00, 0x00, 0x00, 0x00, 0x00, 0x00, 0x00, 0x00, 0x00, 0x00, 0x00, 0x00, 0x00, 0x00, 0x00, 0x00, 0x00, 0x00, 0x00, 0x00
.global gUnknown_831B1D8
gUnknown_831B1D8:
.byte 0x00, 0x00, 0x00, 0x00, 0x00, 0x00, 0x00, 0x00
.byte 0x00, 0x00, 0x00, 0x00, 0x00, 0x00, 0x00, 0x00, 0x00, 0x00, 0x00, 0x00, 0x00, 0x00, 0x00, 0x00, 0x00, 0x00, 0x00, 0x00, 0x00, 0x00, 0x00, 0x00, 0x00, 0x00, 0x00, 0x00, 0x00, 0x00, 0x00, 0x00
.byte 0x00, 0x00, 0x00, 0x00, 0x00, 0x00, 0x00, 0x00, 0x00, 0x00, 0x00, 0x00, 0x00, 0x00, 0x00, 0x00, 0x00, 0x00, 0x00, 0x00, 0x00, 0x00, 0x00, 0x00, 0x00, 0x00, 0x00, 0x00, 0x00, 0x00, 0x00, 0x00
.global gUnknown_831B220
gUnknown_831B220:
.byte 0x00, 0x00, 0x00, 0x00, 0x00, 0x00, 0x00, 0x00, 0x00, 0x00, 0x00, 0x00, 0x00, 0x00, 0x00, 0x00, 0x00, 0x00, 0x00, 0x00, 0x00, 0x00, 0x00, 0x00, 0x00, 0x00, 0x00, 0x00, 0x00, 0x00, 0x00, 0x00
.byte 0x00, 0x00, 0x00, 0x00, 0x00, 0x00, 0x00, 0x00, 0x00, 0x00, 0x00, 0x00, 0x00, 0x00, 0x00, 0x00, 0x00, 0x00, 0x00, 0x00, 0x00, 0x00, 0x00, 0x00, 0x00, 0x00, 0x00, 0x00, 0x00, 0x00, 0x00, 0x00
.byte 0x00, 0x00, 0x00, 0x00, 0x00, 0x00, 0x00, 0x00
.global gUnknown_831B268
gUnknown_831B268:
.byte 0x00, 0x00, 0x00, 0x00, 0x00, 0x00, 0x00, 0x00, 0x00, 0x00, 0x00, 0x00, 0x00, 0x00, 0x00, 0x00, 0x00, 0x00, 0x00, 0x00, 0x00, 0x00, 0x00, 0x00
.byte 0x00, 0x00, 0x00, 0x00, 0x00, 0x00, 0x00, 0x00, 0x00, 0x00, 0x00, 0x00, 0x00, 0x00, 0x00, 0x00, 0x00, 0x00, 0x00, 0x00, 0x00, 0x00, 0x00, 0x00, 0x00, 0x00, 0x00, 0x00, 0x00, 0x00, 0x00, 0x00
.byte 0x00, 0x00, 0x00, 0x00, 0x00, 0x00, 0x00, 0x00, 0x00, 0x00, 0x00, 0x00, 0x00, 0x00, 0x00, 0x00
.global gUnknown_831B2B0
gUnknown_831B2B0:
.byte 0x00, 0x00, 0x00, 0x00, 0x00, 0x00, 0x00, 0x00, 0x00, 0x00, 0x00, 0x00, 0x00, 0x00, 0x00, 0x00
.byte 0x00, 0x00, 0x00, 0x00, 0x00, 0x00, 0x00, 0x00, 0x00, 0x00, 0x00, 0x00, 0x00, 0x00, 0x00, 0x70, 0x06, 0x00, 0x00, 0x00, 0x00, 0x60, 0x05, 0x00, 0x00, 0x00, 0x00, 0x00, 0x00, 0x00, 0x00, 0x00
.byte 0x00, 0x00, 0x00, 0x00, 0x00, 0x00, 0x00, 0x00, 0x00, 0x00, 0x00, 0x00, 0x00, 0x00, 0x00, 0x00, 0x00, 0x00, 0x00, 0x00, 0x00, 0x00, 0x00, 0x00
.global gUnknown_831B2F8
gUnknown_831B2F8:
.byte 0x00, 0x00, 0x00, 0x00, 0x00, 0x00, 0x00, 0x00
.byte 0x00, 0x00, 0x00, 0x00, 0x00, 0x00, 0x00, 0x00, 0x00, 0x00, 0x00, 0x00, 0x00, 0x00, 0x00, 0x00, 0x00, 0x00, 0x00, 0x00, 0x00, 0x00, 0x00, 0x00, 0x00, 0x00, 0x00, 0x00, 0x00, 0x00, 0x00, 0x00
.byte 0x00, 0x00, 0x00, 0x00, 0x00, 0x00, 0x00, 0x00, 0x00, 0x00, 0x00, 0x00, 0x00, 0x00, 0x00, 0x00, 0x00, 0x00, 0x00, 0x00, 0x00, 0x00, 0x00, 0x00, 0x00, 0x00, 0x00, 0x00, 0x00, 0x00, 0x00, 0x00
.global gUnknown_831B340
gUnknown_831B340:
.byte 0x00, 0x00, 0x00, 0x00, 0x00, 0x00, 0x00, 0x00, 0x00, 0x00, 0x00, 0x00, 0x00, 0x00, 0x00, 0x00, 0x00, 0x00, 0x00, 0x00, 0x00, 0x00, 0x00, 0x00, 0x00, 0x00, 0x00, 0x00, 0x00, 0x00, 0x00, 0x00
.byte 0x00, 0x00, 0x00, 0x00, 0x00, 0x00, 0x00, 0x00, 0x00, 0x00, 0x00, 0x00, 0x00, 0x00, 0x00, 0x00, 0x00, 0x00, 0x00, 0x00, 0x00, 0x00, 0x00, 0x00, 0x00, 0x00, 0x00, 0x00, 0x00, 0x00, 0x00, 0x00
.byte 0x00, 0x00, 0x00, 0x00, 0x00, 0x00, 0x00, 0x00
.global gUnknown_831B388
gUnknown_831B388:
.byte 0x00, 0x00, 0x00, 0x00, 0x00, 0x00, 0x00, 0x00, 0x00, 0x00, 0x00, 0x00, 0x00, 0x00, 0x00, 0x00, 0x00, 0x00, 0x00, 0x00, 0x00, 0x00, 0x00, 0x00
.byte 0x00, 0x00, 0x00, 0x00, 0x00, 0x00, 0x00, 0x00, 0x00, 0x00, 0x00, 0x00, 0x00, 0x00, 0x00, 0x00, 0x00, 0x00, 0x00, 0x00, 0x00, 0x00, 0x00, 0x00, 0x00, 0x00, 0x00, 0x00, 0x00, 0x00, 0x00, 0x00
.byte 0x00, 0x00, 0x00, 0x00, 0x00, 0x00, 0x00, 0x00, 0x00, 0x00, 0x00, 0x00, 0x00, 0x00, 0x00, 0x00
.global gUnknown_831B3D0
gUnknown_831B3D0:
.byte 0x00, 0x00, 0x00, 0x00, 0x00, 0x00, 0x00, 0x00, 0x00, 0x00, 0x00, 0x00, 0x00, 0x00, 0x00, 0x00
.byte 0x00, 0x00, 0x00, 0x00, 0x00, 0x00, 0x00, 0x00, 0x00, 0x00, 0x00, 0x00, 0x00, 0x00, 0x00, 0x00, 0x00, 0x00, 0x00, 0x00, 0x00, 0x00, 0x00, 0x00, 0x00, 0x00, 0x00, 0x00, 0x00, 0x00, 0x00, 0x00
.byte 0x00, 0x00, 0x00, 0x00, 0x00, 0x00, 0x00, 0x00, 0x00, 0x00, 0x00, 0x00, 0x00, 0x00, 0x00, 0x00, 0x00, 0x00, 0x00, 0x00, 0x00, 0x00, 0x00, 0x00
.global gUnknown_831B418
gUnknown_831B418:
.byte 0x00, 0x00, 0x00, 0x00, 0x00, 0x00, 0x00, 0x00
.byte 0x00, 0x00, 0x00, 0x00, 0x00, 0x00, 0x00, 0x00, 0x00, 0x00, 0x00, 0x00, 0x00, 0x00, 0x00, 0x00, 0x00, 0x00, 0x00, 0x00, 0x00, 0x00, 0x00, 0x00, 0x00, 0x00, 0x00, 0x00, 0x00, 0x00, 0x00, 0x00
.byte 0x00, 0x00, 0x00, 0x00, 0x00, 0x00, 0x00, 0x00, 0x00, 0x00, 0x00, 0x00, 0x00, 0x00, 0x00, 0x00, 0x00, 0x00, 0x00, 0x00, 0x00, 0x00, 0x00, 0x00, 0x00, 0x00, 0x00, 0x00, 0x00, 0x00, 0x00, 0x00
.global gUnknown_831B460
gUnknown_831B460:
.byte 0x00, 0x00, 0x00, 0x00, 0x00, 0x00, 0x00, 0x00, 0x00, 0x00, 0x00, 0x00, 0x00, 0x00, 0x00, 0x00, 0x00, 0x00, 0x00, 0x00, 0x00, 0x00, 0x00, 0x00, 0x00, 0x00, 0x00, 0x00, 0x00, 0x00, 0x00, 0x00
.byte 0x00, 0x00, 0x00, 0x00, 0x00, 0x00, 0x00, 0x00, 0x00, 0x00, 0x00, 0x00, 0x00, 0x00, 0x00, 0x00, 0x00, 0x00, 0x00, 0x00, 0x00, 0x00, 0x00, 0x00, 0x00, 0x00, 0x00, 0x00, 0x00, 0x00, 0x00, 0x00
.byte 0x00, 0x00, 0x00, 0x00, 0x00, 0x00, 0x00, 0x00
.global gUnknown_831B4A8
gUnknown_831B4A8:
.byte 0x00, 0x00, 0x00, 0x00, 0x00, 0x00, 0x00, 0x00, 0x00, 0x00, 0x00, 0x00, 0x00, 0x00, 0x00, 0x00, 0x00, 0x00, 0x00, 0x00, 0x00, 0x21, 0x09, 0x00
.byte 0xa0, 0xd6, 0x26, 0x76, 0x7d, 0x26, 0xd9, 0x27, 0x67, 0x5d, 0x52, 0x6d, 0x77, 0x01, 0x71, 0x67, 0x6b, 0x67, 0x77, 0x00, 0x70, 0x57, 0x44, 0x44, 0x75, 0x17, 0x67, 0x67, 0x51, 0x67, 0x50, 0x77
.byte 0x27, 0x76, 0x77, 0x26, 0x00, 0xa9, 0x09, 0x92, 0x9a, 0x02, 0x00, 0x00, 0x00, 0x00, 0x00, 0x00
.global gUnknown_831B4F0
gUnknown_831B4F0:
.byte 0x00, 0x00, 0x00, 0x00, 0x00, 0x00, 0x00, 0x00, 0x00, 0x00, 0x00, 0x00, 0x00, 0x00, 0x00, 0x00
.byte 0x00, 0x00, 0x00, 0x00, 0x00, 0x00, 0x00, 0x00, 0x00, 0x00, 0x00, 0x00, 0x00, 0x00, 0x00, 0x00, 0x00, 0x00, 0x00, 0x00, 0x00, 0x00, 0x00, 0x00, 0x00, 0x00, 0x00, 0x00, 0x00, 0x00, 0x00, 0x00
.byte 0x00, 0x00, 0x00, 0x00, 0x00, 0x00, 0x00, 0x00, 0x00, 0x00, 0x00, 0x00, 0x00, 0x00, 0x00, 0x00, 0x00, 0x00, 0x00, 0x00, 0x00, 0x00, 0x00, 0x00
.global gUnknown_831B538
gUnknown_831B538:
.byte 0x00, 0x00, 0x00, 0x00, 0x00, 0x00, 0x00, 0x00
.byte 0x00, 0x00, 0x00, 0x00, 0x00, 0x00, 0x00, 0x00, 0x00, 0x00, 0x00, 0x00, 0x00, 0x00, 0x00, 0x00, 0x00, 0x00, 0x00, 0x00, 0x00, 0x00, 0x00, 0x00, 0x00, 0x00, 0x00, 0x00, 0x00, 0x00, 0x00, 0x00
.byte 0x00, 0x00, 0x00, 0x00, 0x00, 0x00, 0x00, 0x00, 0x00, 0x00, 0x00, 0x00, 0x00, 0x00, 0x00, 0x00, 0x00, 0x00, 0x00, 0x00, 0x00, 0x00, 0x00, 0x00, 0x00, 0x00, 0x00, 0x00, 0x00, 0x00, 0x00, 0x00
.global gUnknown_831B580
gUnknown_831B580:
.byte 0x00, 0x00, 0x00, 0x00, 0x00, 0x00, 0x00, 0x00, 0x00, 0x00, 0x00, 0x00, 0x00, 0x00, 0x00, 0x00, 0x00, 0x00, 0x00, 0x00, 0x00, 0x00, 0x00, 0x00, 0x00, 0x00, 0x00, 0x00, 0x00, 0x00, 0x00, 0x00
.byte 0x00, 0x00, 0x00, 0x00, 0x00, 0x00, 0x00, 0x00, 0x00, 0x00, 0x00, 0x00, 0x00, 0x00, 0x00, 0x00, 0x00, 0x00, 0x00, 0x00, 0x00, 0x00, 0x00, 0x00, 0x00, 0x00, 0x00, 0x00, 0x00, 0x00, 0x00, 0x00
.byte 0x00, 0x00, 0x00, 0x00, 0x00, 0x00, 0x00, 0x00
.global gUnknown_831B5C8
gUnknown_831B5C8:
.byte 0x00, 0x00, 0x00, 0x00, 0x00, 0x00, 0x00, 0x00, 0x00, 0x00, 0x00, 0x00, 0x00, 0x00, 0x00, 0x00, 0x00, 0x00, 0x00, 0x00, 0x00, 0x00, 0x00, 0x00
.byte 0x00, 0x00, 0x00, 0x00, 0x00, 0x00, 0x00, 0x00, 0x00, 0x00, 0x00, 0x00, 0x00, 0x00, 0x00, 0x00, 0x00, 0x00, 0x00, 0x00, 0x00, 0x00, 0x00, 0x00, 0x00, 0x00, 0x00, 0x00, 0x00, 0x00, 0x00, 0x00
.byte 0x00, 0x00, 0x00, 0x00, 0x00, 0x00, 0x00, 0x00, 0x00, 0x00, 0x00, 0x00, 0x00, 0x00, 0x00, 0x00
.global gUnknown_831B610
gUnknown_831B610:
.byte 0x00, 0x00, 0x00, 0x00, 0x00, 0x00, 0x00, 0x00, 0x00, 0x00, 0x00, 0x00, 0x00, 0x00, 0x00, 0x00
.byte 0x00, 0x00, 0x00, 0x00, 0x00, 0x00, 0x00, 0x00, 0x00, 0x00, 0x00, 0x00, 0x00, 0x00, 0x00, 0x00, 0x00, 0x00, 0x00, 0x00, 0x00, 0x00, 0x00, 0x00, 0x00, 0x00, 0x00, 0x00, 0x00, 0x00, 0x00, 0x00
.byte 0x00, 0x0f, 0x00, 0x00, 0x00, 0x00, 0xf0, 0xf0, 0x00, 0x00, 0x00, 0x00, 0x00, 0x0f, 0x00, 0x00, 0x00, 0x00, 0x00, 0x00, 0x00, 0x00, 0x00, 0x00
.global gUnknown_831B658
gUnknown_831B658:
.byte 0xf0, 0xff, 0x00, 0x00, 0x00, 0x00, 0xf0, 0x00
.byte 0x00, 0x00, 0x00, 0x00, 0xf0, 0x00, 0x00, 0x00, 0x00, 0x00, 0xf0, 0x00, 0x00, 0x00, 0x00, 0x00, 0xf0, 0x00, 0x00, 0x00, 0x00, 0x00, 0xf0, 0x00, 0x00, 0x00, 0x00, 0x00, 0xf0, 0x00, 0x00, 0x00
.byte 0x00, 0x00, 0xf0, 0x00, 0x00, 0x00, 0x00, 0x00, 0xf0, 0x00, 0x00, 0x00, 0x00, 0x00, 0x00, 0x00, 0x00, 0x00, 0x00, 0x00, 0x00, 0x00, 0x00, 0x00, 0x00, 0x00, 0x00, 0x00, 0x00, 0x00, 0x00, 0x00
.global gUnknown_831B6A0
gUnknown_831B6A0:
.byte 0x00, 0x00, 0x00, 0x00, 0x00, 0x00, 0x00, 0x00, 0x00, 0x00, 0x00, 0x00, 0x00, 0xf0, 0x00, 0x00, 0x00, 0x00, 0x00, 0xf0, 0x00, 0x00, 0x00, 0x00, 0x00, 0xf0, 0x00, 0x00, 0x00, 0x00, 0x00, 0xf0
.byte 0x00, 0x00, 0x00, 0x00, 0x00, 0xf0, 0x00, 0x00, 0x00, 0x00, 0x00, 0xf0, 0x00, 0x00, 0x00, 0x00, 0x00, 0xf0, 0x00, 0x00, 0x00, 0x00, 0x00, 0xf0, 0x00, 0x00, 0x00, 0x00, 0xf0, 0xff, 0x00, 0x00
.byte 0x00, 0x00, 0x00, 0x00, 0x00, 0x00, 0x00, 0x00
.global gUnknown_831B6E8
gUnknown_831B6E8:
.byte 0x00, 0x00, 0x00, 0x00, 0x00, 0x00, 0x00, 0x00, 0x00, 0x00, 0x00, 0x00, 0x00, 0x00, 0x00, 0x00, 0x00, 0x00, 0x00, 0x00, 0x00, 0x00, 0x00, 0x00
.byte 0x00, 0x00, 0x00, 0x00, 0x00, 0x00, 0x00, 0x00, 0x00, 0x00, 0x00, 0x00, 0x00, 0x00, 0x00, 0x00, 0x00, 0x00, 0x00, 0x00, 0x00, 0x00, 0x00, 0x00, 0x00, 0x00, 0x00, 0x00, 0x00, 0x00, 0xf0, 0x00
.byte 0x00, 0x00, 0x00, 0x00, 0x00, 0x0f, 0x00, 0x00, 0x00, 0x00, 0x00, 0x00, 0x00, 0x00, 0x00, 0x00
.global gUnknown_831B730
gUnknown_831B730:
.byte 0x00, 0x00, 0x00, 0x00, 0x00, 0x00, 0x00, 0x00, 0x00, 0x00, 0x00, 0x00, 0x00, 0x00, 0x00, 0x00
.byte 0x00, 0x00, 0x00, 0x00, 0x00, 0x00, 0x00, 0x00, 0x00, 0x00, 0x00, 0x00, 0x00, 0x00, 0xf0, 0x0f, 0x00, 0x00, 0x00, 0x00, 0xf0, 0x0f, 0x00, 0x00, 0x00, 0x00, 0x00, 0x00, 0x00, 0x00, 0x00, 0x00
.byte 0x00, 0x00, 0x00, 0x00, 0x00, 0x00, 0x00, 0x00, 0x00, 0x00, 0x00, 0x00, 0x00, 0x00, 0x00, 0x00, 0x00, 0x00, 0x00, 0x00, 0x00, 0x00, 0x00, 0x00
.global gUnknown_831B778
gUnknown_831B778:
.byte 0x00, 0x00, 0x00, 0x00, 0x00, 0x00, 0xf0, 0xff
.byte 0x0f, 0x00, 0x00, 0x00, 0x00, 0x00, 0x0f, 0x00, 0x00, 0x00, 0x00, 0x00, 0x0f, 0x00, 0x00, 0x00, 0xf0, 0xff, 0x0f, 0x00, 0x00, 0x00, 0x00, 0x00, 0x0f, 0x00, 0x00, 0x00, 0x00, 0x00, 0x0f, 0x00
.byte 0x00, 0x00, 0x00, 0xf0, 0x00, 0x00, 0x00, 0x00, 0x00, 0xf0, 0x00, 0x00, 0x00, 0x00, 0x00, 0x0f, 0x00, 0x00, 0x00, 0x00, 0xf0, 0x00, 0x00, 0x00, 0x00, 0x00, 0x00, 0x00, 0x00, 0x00, 0x00, 0x00
.global gUnknown_831B7C0
gUnknown_831B7C0:
.byte 0x00, 0x00, 0x00, 0x00, 0x00, 0x00, 0x00, 0x00, 0x00, 0x00, 0x00, 0x00, 0x00, 0x00, 0x00, 0x00, 0x00, 0x00, 0x00, 0x00, 0x00, 0x00, 0x00, 0x00, 0x00, 0x00, 0x00, 0x00, 0x00, 0x00, 0xf0, 0xff
.byte 0x0f, 0x00, 0x00, 0x00, 0x00, 0x00, 0x0f, 0x00, 0x00, 0x00, 0x00, 0x0f, 0x0f, 0x00, 0x00, 0x00, 0x00, 0xff, 0x00, 0x00, 0x00, 0x00, 0x00, 0x0f, 0x00, 0x00, 0x00, 0x00, 0xf0, 0x00, 0x00, 0x00
.byte 0x00, 0x00, 0x00, 0x00, 0x00, 0x00, 0x00, 0x00
.global gUnknown_831B808
gUnknown_831B808:
.byte 0x00, 0x00, 0x00, 0x00, 0x00, 0x00, 0x00, 0x00, 0x00, 0x00, 0x00, 0x00, 0x00, 0x00, 0x00, 0x00, 0x00, 0x00, 0x00, 0x00, 0x00, 0x00, 0x00, 0x00
.byte 0x00, 0x00, 0x00, 0x00, 0x00, 0x00, 0x00, 0xf0, 0x00, 0x00, 0x00, 0x00, 0x00, 0xf0, 0x00, 0x00, 0x00, 0x00, 0x00, 0x0f, 0x00, 0x00, 0x00, 0x00, 0xf0, 0xf0, 0x00, 0x00, 0x00, 0x00, 0x00, 0xf0
.byte 0x00, 0x00, 0x00, 0x00, 0x00, 0xf0, 0x00, 0x00, 0x00, 0x00, 0x00, 0x00, 0x00, 0x00, 0x00, 0x00
.global gUnknown_831B850
gUnknown_831B850:
.byte 0x00, 0x00, 0x00, 0x00, 0x00, 0x00, 0x00, 0x00, 0x00, 0x00, 0x00, 0x00, 0x00, 0x00, 0x00, 0x00
.byte 0x00, 0x00, 0x00, 0x00, 0x00, 0x00, 0x00, 0x00, 0x00, 0x00, 0x00, 0x00, 0x00, 0x00, 0x00, 0x0f, 0x00, 0x00, 0x00, 0x00, 0xf0, 0xff, 0x0f, 0x00, 0x00, 0x00, 0xf0, 0x00, 0x0f, 0x00, 0x00, 0x00
.byte 0x00, 0x00, 0x0f, 0x00, 0x00, 0x00, 0x00, 0xf0, 0x00, 0x00, 0x00, 0x00, 0x00, 0x0f, 0x00, 0x00, 0x00, 0x00, 0x00, 0x00, 0x00, 0x00, 0x00, 0x00
.global gUnknown_831B898
gUnknown_831B898:
.byte 0x00, 0x00, 0x00, 0x00, 0x00, 0x00, 0x00, 0x00
.byte 0x00, 0x00, 0x00, 0x00, 0x00, 0x00, 0x00, 0x00, 0x00, 0x00, 0x00, 0x00, 0x00, 0x00, 0x00, 0x00, 0x00, 0x00, 0x00, 0x00, 0x00, 0x00, 0x00, 0x00, 0x00, 0x00, 0x00, 0x00, 0xf0, 0xff, 0x00, 0x00
.byte 0x00, 0x00, 0x00, 0x0f, 0x00, 0x00, 0x00, 0x00, 0x00, 0x0f, 0x00, 0x00, 0x00, 0x00, 0x00, 0x0f, 0x00, 0x00, 0x00, 0x00, 0xf0, 0xff, 0x00, 0x00, 0x00, 0x00, 0x00, 0x00, 0x00, 0x00, 0x00, 0x00
.global gUnknown_831B8E0
gUnknown_831B8E0:
.byte 0x00, 0x00, 0x00, 0x00, 0x00, 0x00, 0x00, 0x00, 0x00, 0x00, 0x00, 0x00, 0x00, 0x00, 0x00, 0x00, 0x00, 0x00, 0x00, 0x00, 0x00, 0x00, 0x00, 0x00, 0x00, 0x00, 0x00, 0x00, 0x00, 0x00, 0x00, 0xf0
.byte 0x00, 0x00, 0x00, 0x00, 0xf0, 0xff, 0x0f, 0x00, 0x00, 0x00, 0x00, 0xff, 0x00, 0x00, 0x00, 0x00, 0x00, 0xff, 0x00, 0x00, 0x00, 0x00, 0xf0, 0xf0, 0x00, 0x00, 0x00, 0x00, 0xf0, 0xf0, 0x00, 0x00
.byte 0x00, 0x00, 0x00, 0x00, 0x00, 0x00, 0x00, 0x00
.global gUnknown_831B928
gUnknown_831B928:
.byte 0x00, 0x00, 0x00, 0x00, 0x00, 0x00, 0x00, 0x00, 0x00, 0x00, 0x00, 0x00, 0x00, 0x00, 0x00, 0x00, 0x00, 0x00, 0x00, 0x00, 0x00, 0x00, 0x00, 0x00
.byte 0x00, 0x00, 0x00, 0x00, 0x00, 0x00, 0x00, 0x0f, 0x00, 0x00, 0x00, 0x00, 0x00, 0xff, 0xff, 0x00, 0x00, 0x00, 0xf0, 0x0f, 0xf0, 0x00, 0x00, 0x00, 0x00, 0x0f, 0x0f, 0x00, 0x00, 0x00, 0x00, 0xf0
.byte 0x00, 0x00, 0x00, 0x00, 0x00, 0xf0, 0x00, 0x00, 0x00, 0x00, 0x00, 0x00, 0x00, 0x00, 0x00, 0x00
.global gUnknown_831B970
gUnknown_831B970:
.byte 0x00, 0x00, 0x00, 0x00, 0x00, 0x00, 0x00, 0x00, 0x00, 0x00, 0x00, 0x00, 0x00, 0x00, 0x00, 0x00
.byte 0x00, 0x00, 0x00, 0x00, 0x00, 0x00, 0x00, 0x00, 0x00, 0x00, 0x00, 0x00, 0x00, 0x00, 0x00, 0x00, 0x00, 0x00, 0x00, 0x00, 0xf0, 0xff, 0x00, 0x00, 0x00, 0x00, 0x00, 0xf0, 0x00, 0x00, 0x00, 0x00
.byte 0x00, 0xf0, 0x00, 0x00, 0x00, 0x00, 0x00, 0xf0, 0x00, 0x00, 0x00, 0x00, 0xf0, 0xff, 0x0f, 0x00, 0x00, 0x00, 0x00, 0x00, 0x00, 0x00, 0x00, 0x00
.global gUnknown_831B9B8
gUnknown_831B9B8:
.byte 0x00, 0x00, 0x00, 0x00, 0x00, 0x00, 0x00, 0x00
.byte 0x00, 0x00, 0x00, 0x00, 0x00, 0x00, 0x00, 0x00, 0x00, 0x00, 0x00, 0x00, 0x00, 0x00, 0x00, 0x00, 0x00, 0x00, 0x00, 0x00, 0x00, 0x00, 0x00, 0x00, 0x00, 0x00, 0x00, 0x00, 0xf0, 0xff, 0x00, 0x00
.byte 0x00, 0x00, 0x00, 0xf0, 0x00, 0x00, 0x00, 0x00, 0xf0, 0xff, 0x00, 0x00, 0x00, 0x00, 0x00, 0xf0, 0x00, 0x00, 0x00, 0x00, 0xf0, 0xff, 0x00, 0x00, 0x00, 0x00, 0x00, 0x00, 0x00, 0x00, 0x00, 0x00
.global gUnknown_831BA00
gUnknown_831BA00:
.byte 0x00, 0x00, 0x00, 0x00, 0x00, 0x00, 0x00, 0x00, 0x00, 0x00, 0x00, 0x00, 0x00, 0x00, 0x00, 0x00, 0x00, 0x00, 0x00, 0x00, 0x00, 0x00, 0x00, 0x00, 0x00, 0x00, 0x00, 0x00, 0x00, 0x00, 0x00, 0x00
.byte 0xf0, 0x00, 0x00, 0x00, 0xf0, 0xf0, 0xf0, 0x00, 0x00, 0x00, 0xf0, 0xf0, 0xf0, 0x00, 0x00, 0x00, 0x00, 0x00, 0xf0, 0x00, 0x00, 0x00, 0x00, 0x00, 0x0f, 0x00, 0x00, 0x00, 0x00, 0xff, 0x00, 0x00
.byte 0x00, 0x00, 0x00, 0x00, 0x00, 0x00, 0x00, 0x00
.global gUnknown_831BA48
gUnknown_831BA48:
.byte 0x00, 0x00, 0x00, 0x00, 0x00, 0x00, 0x00, 0x00, 0x00, 0x00, 0x00, 0x00, 0x00, 0x00, 0x00, 0x00, 0x00, 0x00, 0x00, 0x00, 0x00, 0x00, 0x00, 0x00
.byte 0xf0, 0x00, 0x00, 0x00, 0x00, 0x00, 0x00, 0xff, 0x0f, 0x00, 0x00, 0x00, 0x00, 0x00, 0x00, 0x00, 0x00, 0x00, 0x00, 0x00, 0x00, 0x00, 0x00, 0x00, 0x00, 0x00, 0x00, 0x00, 0x00, 0x00, 0x00, 0x00
.byte 0x00, 0x00, 0x00, 0x00, 0x00, 0x00, 0x00, 0x00, 0x00, 0x00, 0x00, 0x00, 0x00, 0x00, 0x00, 0x00
.global gUnknown_831BA90
gUnknown_831BA90:
.byte 0x00, 0x00, 0x00, 0x00, 0x00, 0x00, 0xf0, 0xff, 0xff, 0x00, 0x00, 0x00, 0x00, 0x00, 0xf0, 0x00
.byte 0x00, 0x00, 0x00, 0xf0, 0xf0, 0x00, 0x00, 0x00, 0x00, 0xf0, 0xf0, 0x00, 0x00, 0x00, 0x00, 0xf0, 0x0f, 0x00, 0x00, 0x00, 0x00, 0xf0, 0x00, 0x00, 0x00, 0x00, 0x00, 0xf0, 0x00, 0x00, 0x00, 0x00
.byte 0x00, 0x0f, 0x00, 0x00, 0x00, 0x00, 0x00, 0x0f, 0x00, 0x00, 0x00, 0x00, 0xf0, 0x00, 0x00, 0x00, 0x00, 0x00, 0x00, 0x00, 0x00, 0x00, 0x00, 0x00
.global gUnknown_831BAD8
gUnknown_831BAD8:
.byte 0x00, 0x00, 0xf0, 0x00, 0x00, 0x00, 0x00, 0x00
.byte 0xf0, 0x00, 0x00, 0x00, 0x00, 0x00, 0x0f, 0x00, 0x00, 0x00, 0x00, 0x00, 0x0f, 0x00, 0x00, 0x00, 0x00, 0xf0, 0x00, 0x00, 0x00, 0x00, 0x00, 0xff, 0x00, 0x00, 0x00, 0x00, 0xf0, 0xf0, 0x00, 0x00
.byte 0x00, 0x00, 0x00, 0xf0, 0x00, 0x00, 0x00, 0x00, 0x00, 0xf0, 0x00, 0x00, 0x00, 0x00, 0x00, 0xf0, 0x00, 0x00, 0x00, 0x00, 0x00, 0xf0, 0x00, 0x00, 0x00, 0x00, 0x00, 0x00, 0x00, 0x00, 0x00, 0x00
.global gUnknown_831BB20
gUnknown_831BB20:
.byte 0x00, 0xf0, 0x00, 0x00, 0x00, 0x00, 0x00, 0xf0, 0x00, 0x00, 0x00, 0x00, 0xf0, 0xff, 0xff, 0x00, 0x00, 0x00, 0xf0, 0x00, 0xf0, 0x00, 0x00, 0x00, 0xf0, 0x00, 0xf0, 0x00, 0x00, 0x00, 0xf0, 0x00
.byte 0xf0, 0x00, 0x00, 0x00, 0x00, 0x00, 0xf0, 0x00, 0x00, 0x00, 0x00, 0x00, 0x0f, 0x00, 0x00, 0x00, 0x00, 0x00, 0x0f, 0x00, 0x00, 0x00, 0x00, 0xf0, 0x00, 0x00, 0x00, 0x00, 0x00, 0x0f, 0x00, 0x00
.byte 0x00, 0x00, 0x00, 0x00, 0x00, 0x00, 0x00, 0x00
.global gUnknown_831BB68
gUnknown_831BB68:
.byte 0x00, 0x00, 0x00, 0x00, 0x00, 0x00, 0x00, 0x00, 0x00, 0x00, 0x00, 0x00, 0xf0, 0xff, 0xff, 0x00, 0x00, 0x00, 0x00, 0xf0, 0x00, 0x00, 0x00, 0x00
.byte 0x00, 0xf0, 0x00, 0x00, 0x00, 0x00, 0x00, 0xf0, 0x00, 0x00, 0x00, 0x00, 0x00, 0xf0, 0x00, 0x00, 0x00, 0x00, 0x00, 0xf0, 0x00, 0x00, 0x00, 0x00, 0x00, 0xf0, 0x00, 0x00, 0x00, 0x00, 0xf0, 0xff
.byte 0xff, 0x00, 0x00, 0x00, 0x00, 0x00, 0x00, 0x00, 0x00, 0x00, 0x00, 0x00, 0x00, 0x00, 0x00, 0x00
.global gUnknown_831BBB0
gUnknown_831BBB0:
.byte 0x00, 0x00, 0x0f, 0x00, 0x00, 0x00, 0x00, 0x00, 0x0f, 0x00, 0x00, 0x00, 0xf0, 0xff, 0xff, 0x00
.byte 0x00, 0x00, 0x00, 0x00, 0x0f, 0x00, 0x00, 0x00, 0x00, 0x00, 0x0f, 0x00, 0x00, 0x00, 0x00, 0xf0, 0x0f, 0x00, 0x00, 0x00, 0x00, 0xf0, 0x0f, 0x00, 0x00, 0x00, 0x00, 0x0f, 0x0f, 0x00, 0x00, 0x00
.byte 0x00, 0x0f, 0x0f, 0x00, 0x00, 0x00, 0xf0, 0x00, 0x0f, 0x00, 0x00, 0x00, 0x00, 0xf0, 0x0f, 0x00, 0x00, 0x00, 0x00, 0x00, 0x00, 0x00, 0x00, 0x00
.global gUnknown_831BBF8
gUnknown_831BBF8:
.byte 0x00, 0xf0, 0x00, 0x00, 0x00, 0x00, 0x00, 0xf0
.byte 0x00, 0x00, 0x00, 0x00, 0xf0, 0xff, 0xff, 0x00, 0x00, 0x00, 0x00, 0xf0, 0xf0, 0x00, 0x00, 0x00, 0x00, 0xf0, 0xf0, 0x00, 0x00, 0x00, 0x00, 0xf0, 0xf0, 0x00, 0x00, 0x00, 0x00, 0xf0, 0xf0, 0x00
.byte 0x00, 0x00, 0x00, 0x0f, 0xf0, 0x00, 0x00, 0x00, 0x00, 0x0f, 0xf0, 0x00, 0x00, 0x00, 0x00, 0x0f, 0xf0, 0x00, 0x00, 0x00, 0xf0, 0x00, 0x0f, 0x00, 0x00, 0x00, 0x00, 0x00, 0x00, 0x00, 0x00, 0x00
.global gUnknown_831BC40
gUnknown_831BC40:
.byte 0x00, 0xf0, 0x00, 0x00, 0x00, 0x00, 0x00, 0xf0, 0x00, 0x00, 0x00, 0x00, 0xf0, 0xff, 0xff, 0x00, 0x00, 0x00, 0x00, 0xf0, 0x00, 0x00, 0x00, 0x00, 0x00, 0xf0, 0x00, 0x00, 0x00, 0x00, 0x00, 0xf0
.byte 0x00, 0x00, 0x00, 0x00, 0xf0, 0xff, 0xff, 0x00, 0x00, 0x00, 0x00, 0x00, 0x0f, 0x00, 0x00, 0x00, 0x00, 0x00, 0x0f, 0x00, 0x00, 0x00, 0x00, 0x00, 0x0f, 0x00, 0x00, 0x00, 0x00, 0x00, 0x0f, 0x00
.byte 0x00, 0x00, 0x00, 0x00, 0x00, 0x00, 0x00, 0x00
.global gUnknown_831BC88
gUnknown_831BC88:
.byte 0x00, 0x0f, 0x00, 0x00, 0x00, 0x00, 0x00, 0x0f, 0x00, 0x00, 0x00, 0x00, 0x00, 0xff, 0xff, 0x00, 0x00, 0x00, 0x00, 0x0f, 0xf0, 0x00, 0x00, 0x00
.byte 0xf0, 0x00, 0xf0, 0x00, 0x00, 0x00, 0xf0, 0x00, 0xf0, 0x00, 0x00, 0x00, 0x00, 0x00, 0xf0, 0x00, 0x00, 0x00, 0x00, 0x00, 0x0f, 0x00, 0x00, 0x00, 0x00, 0x00, 0x0f, 0x00, 0x00, 0x00, 0x00, 0xf0
.byte 0x00, 0x00, 0x00, 0x00, 0x00, 0x0f, 0x00, 0x00, 0x00, 0x00, 0x00, 0x00, 0x00, 0x00, 0x00, 0x00
.global gUnknown_831BCD0
gUnknown_831BCD0:
.byte 0x00, 0x0f, 0x00, 0x00, 0x00, 0x00, 0x00, 0x0f, 0x00, 0x00, 0x00, 0x00, 0x00, 0xff, 0xff, 0x00
.byte 0x00, 0x00, 0x00, 0x0f, 0x0f, 0x00, 0x00, 0x00, 0xf0, 0x00, 0x0f, 0x00, 0x00, 0x00, 0xf0, 0x00, 0x0f, 0x00, 0x00, 0x00, 0x00, 0x00, 0x0f, 0x00, 0x00, 0x00, 0x00, 0x00, 0x0f, 0x00, 0x00, 0x00
.byte 0x00, 0xf0, 0x00, 0x00, 0x00, 0x00, 0x00, 0xf0, 0x00, 0x00, 0x00, 0x00, 0x00, 0x0f, 0x00, 0x00, 0x00, 0x00, 0x00, 0x00, 0x00, 0x00, 0x00, 0x00
.global gUnknown_831BD18
gUnknown_831BD18:
.byte 0x00, 0x00, 0x00, 0x00, 0x00, 0x00, 0x00, 0x00
.byte 0x00, 0x00, 0x00, 0x00, 0xf0, 0xff, 0xff, 0x00, 0x00, 0x00, 0x00, 0x00, 0xf0, 0x00, 0x00, 0x00, 0x00, 0x00, 0xf0, 0x00, 0x00, 0x00, 0x00, 0x00, 0xf0, 0x00, 0x00, 0x00, 0x00, 0x00, 0xf0, 0x00
.byte 0x00, 0x00, 0x00, 0x00, 0xf0, 0x00, 0x00, 0x00, 0x00, 0x00, 0xf0, 0x00, 0x00, 0x00, 0xf0, 0xff, 0xff, 0x00, 0x00, 0x00, 0x00, 0x00, 0x00, 0x00, 0x00, 0x00, 0x00, 0x00, 0x00, 0x00, 0x00, 0x00
.global gUnknown_831BD60
gUnknown_831BD60:
.byte 0x00, 0x0f, 0x0f, 0x00, 0x00, 0x00, 0x00, 0x0f, 0x0f, 0x00, 0x00, 0x00, 0xf0, 0xff, 0xff, 0x00, 0x00, 0x00, 0x00, 0x0f, 0x0f, 0x00, 0x00, 0x00, 0x00, 0x0f, 0x0f, 0x00, 0x00, 0x00, 0x00, 0x0f
.byte 0x0f, 0x00, 0x00, 0x00, 0x00, 0x0f, 0x0f, 0x00, 0x00, 0x00, 0x00, 0x00, 0x0f, 0x00, 0x00, 0x00, 0x00, 0xf0, 0x00, 0x00, 0x00, 0x00, 0x00, 0xf0, 0x00, 0x00, 0x00, 0x00, 0x00, 0x0f, 0x00, 0x00
.byte 0x00, 0x00, 0x00, 0x00, 0x00, 0x00, 0x00, 0x00
.global gUnknown_831BDA8
gUnknown_831BDA8:
.byte 0x00, 0x00, 0x00, 0x00, 0x00, 0x00, 0x00, 0x00, 0x00, 0x00, 0x00, 0x00, 0x00, 0x00, 0x00, 0x00, 0x00, 0x00, 0x00, 0x00, 0x00, 0x00, 0x00, 0x00
.byte 0x00, 0x00, 0x00, 0x00, 0x00, 0x00, 0x00, 0x00, 0x00, 0x00, 0x00, 0x00, 0x00, 0x00, 0x00, 0x00, 0x00, 0x00, 0x00, 0x00, 0x00, 0x00, 0x00, 0x00, 0x00, 0x00, 0x00, 0x00, 0x00, 0x00, 0x00, 0x00
.byte 0x00, 0x00, 0x00, 0x00, 0x00, 0x00, 0x00, 0x00, 0x00, 0x00, 0x00, 0x00, 0x00, 0x00, 0x00, 0x00
.global gUnknown_831BDF0
gUnknown_831BDF0:
.byte 0x00, 0x00, 0x00, 0x00, 0x00, 0x00, 0xf0, 0xff, 0x0f, 0x00, 0x00, 0x00, 0x00, 0x00, 0x0f, 0x00
.byte 0x00, 0x00, 0x00, 0x00, 0x0f, 0x00, 0x00, 0x00, 0x00, 0x00, 0x0f, 0x00, 0x00, 0x00, 0x00, 0xf0, 0x00, 0x00, 0x00, 0x00, 0x00, 0xf0, 0x00, 0x00, 0x00, 0x00, 0x00, 0xf0, 0x0f, 0x00, 0x00, 0x00
.byte 0x00, 0x0f, 0x0f, 0x00, 0x00, 0x00, 0x00, 0x0f, 0xf0, 0x00, 0x00, 0x00, 0xf0, 0x00, 0xf0, 0x00, 0x00, 0x00, 0x00, 0x00, 0x00, 0x00, 0x00, 0x00
.global gUnknown_831BE38
gUnknown_831BE38:
.byte 0x00, 0x00, 0x00, 0x00, 0x00, 0x00, 0x00, 0x0f
.byte 0x00, 0x00, 0x00, 0x00, 0x00, 0x0f, 0xff, 0x00, 0x00, 0x00, 0x00, 0xff, 0xf0, 0x00, 0x00, 0x00, 0xf0, 0x0f, 0xf0, 0x00, 0x00, 0x00, 0x00, 0x0f, 0x0f, 0x00, 0x00, 0x00, 0x00, 0x0f, 0x0f, 0x00
.byte 0x00, 0x00, 0x00, 0x0f, 0x00, 0x00, 0x00, 0x00, 0x00, 0x0f, 0x00, 0x00, 0x00, 0x00, 0x00, 0x0f, 0x00, 0x00, 0x00, 0x00, 0x00, 0xf0, 0xff, 0x00, 0x00, 0x00, 0x00, 0x00, 0x00, 0x00, 0x00, 0x00
.global gUnknown_831BE80
gUnknown_831BE80:
.byte 0x00, 0x00, 0x00, 0x00, 0x00, 0x00, 0xf0, 0x00, 0xf0, 0x00, 0x00, 0x00, 0xf0, 0x00, 0xf0, 0x00, 0x00, 0x00, 0x00, 0x0f, 0xf0, 0x00, 0x00, 0x00, 0x00, 0x0f, 0xf0, 0x00, 0x00, 0x00, 0x00, 0x00
.byte 0xf0, 0x00, 0x00, 0x00, 0x00, 0x00, 0xf0, 0x00, 0x00, 0x00, 0x00, 0x00, 0x0f, 0x00, 0x00, 0x00, 0x00, 0x00, 0x0f, 0x00, 0x00, 0x00, 0x00, 0xf0, 0x00, 0x00, 0x00, 0x00, 0x00, 0x0f, 0x00, 0x00
.byte 0x00, 0x00, 0x00, 0x00, 0x00, 0x00, 0x00, 0x00
.global gUnknown_831BEC8
gUnknown_831BEC8:
.byte 0x00, 0x50, 0x07, 0x00, 0x00, 0x00, 0x00, 0x00, 0x75, 0x00, 0x00, 0x00, 0x00, 0x00, 0x00, 0x00, 0x00, 0x00, 0x00, 0x50, 0x77, 0x07, 0x00, 0x00
.byte 0x00, 0x71, 0x67, 0x77, 0x01, 0x00, 0x00, 0x76, 0x25, 0x75, 0x06, 0x00, 0x90, 0x67, 0x01, 0x61, 0x97, 0x00, 0x70, 0x77, 0xbb, 0x7b, 0x77, 0x00, 0x75, 0x67, 0x66, 0x66, 0x77, 0x05, 0x77, 0x06
.byte 0x00, 0x00, 0x76, 0x17, 0x7d, 0x02, 0x00, 0x00, 0x72, 0x5d, 0xaa, 0x00, 0x00, 0x00, 0xa0, 0x2a
.global gUnknown_831BF10
gUnknown_831BF10:
.byte 0x00, 0x00, 0x50, 0x07, 0x00, 0x00, 0x00, 0x00, 0x75, 0x00, 0x00, 0x00, 0x00, 0x00, 0x00, 0x00
.byte 0x00, 0x00, 0x00, 0x50, 0x77, 0x07, 0x00, 0x00, 0x00, 0x71, 0x67, 0x77, 0x01, 0x00, 0x00, 0x76, 0x25, 0x75, 0x06, 0x00, 0x90, 0x67, 0x01, 0x61, 0x97, 0x00, 0x70, 0x77, 0xbb, 0x7b, 0x77, 0x00
.byte 0x75, 0x67, 0x66, 0x66, 0x77, 0x05, 0x77, 0x06, 0x00, 0x00, 0x76, 0x17, 0x7d, 0x02, 0x00, 0x00, 0x72, 0x5d, 0xaa, 0x00, 0x00, 0x00, 0xa0, 0x2a
.global gUnknown_831BF58
gUnknown_831BF58:
.byte 0x00, 0x00, 0x75, 0x05, 0x00, 0x00, 0x00, 0x50
.byte 0x07, 0x57, 0x00, 0x00, 0x00, 0x00, 0x00, 0x00, 0x00, 0x00, 0x00, 0x50, 0x77, 0x07, 0x00, 0x00, 0x00, 0x71, 0x67, 0x77, 0x01, 0x00, 0x00, 0x76, 0x25, 0x75, 0x06, 0x00, 0x90, 0x67, 0x01, 0x61
.byte 0x97, 0x00, 0x70, 0x77, 0xbb, 0x7b, 0x77, 0x00, 0x75, 0x67, 0x66, 0x66, 0x77, 0x05, 0x77, 0x06, 0x00, 0x00, 0x76, 0x17, 0x7d, 0x02, 0x00, 0x00, 0x72, 0x5d, 0xaa, 0x00, 0x00, 0x00, 0xa0, 0x2a
.global gUnknown_831BFA0
gUnknown_831BFA0:
.byte 0x00, 0x00, 0x00, 0x00, 0x00, 0x00, 0xf0, 0xff, 0xff, 0x00, 0x00, 0x00, 0x00, 0x00, 0x00, 0x00, 0x00, 0x00, 0x00, 0x00, 0x00, 0x00, 0x00, 0x00, 0xf0, 0xff, 0xff, 0x00, 0x00, 0x00, 0x00, 0xf0
.byte 0x00, 0x00, 0x00, 0x00, 0x00, 0xf0, 0x00, 0x00, 0x00, 0x00, 0x00, 0xf0, 0x00, 0x00, 0x00, 0x00, 0x00, 0xf0, 0x00, 0x00, 0x00, 0x00, 0x00, 0x0f, 0x00, 0x00, 0x00, 0x00, 0xf0, 0x00, 0x00, 0x00
.byte 0x00, 0x00, 0x00, 0x00, 0x00, 0x00, 0x00, 0x00
.global gUnknown_831BFE8
gUnknown_831BFE8:
.byte 0x00, 0x50, 0x07, 0x57, 0x00, 0x00, 0x00, 0x50, 0x07, 0x57, 0x00, 0x00, 0x00, 0x00, 0x25, 0x02, 0x00, 0x00, 0x00, 0x50, 0x77, 0x27, 0x00, 0x00
.byte 0x00, 0x71, 0x67, 0x77, 0x01, 0x00, 0x00, 0x76, 0x25, 0x75, 0x06, 0x00, 0x90, 0x67, 0x01, 0x61, 0x97, 0x00, 0x70, 0x77, 0xbb, 0x7b, 0x77, 0x00, 0x75, 0x67, 0x66, 0x66, 0x77, 0x05, 0x77, 0x06
.byte 0x00, 0x00, 0x76, 0x17, 0x7d, 0x02, 0x00, 0x00, 0x72, 0x5d, 0xaa, 0x00, 0x00, 0x00, 0xa0, 0x2a
.global gUnknown_831C030
gUnknown_831C030:
.byte 0x00, 0xf0, 0x00, 0x00, 0x00, 0x00, 0x00, 0xf0, 0x00, 0x00, 0x00, 0x00, 0x00, 0xf0, 0x00, 0x00
.byte 0x00, 0x00, 0xf0, 0xff, 0xff, 0x00, 0x00, 0x00, 0x00, 0xf0, 0x00, 0x00, 0x00, 0x00, 0x00, 0xf0, 0x00, 0x00, 0x00, 0x00, 0x00, 0xf0, 0x00, 0x00, 0x00, 0x00, 0x00, 0xf0, 0x00, 0x00, 0x00, 0x00
.byte 0x00, 0x0f, 0x00, 0x00, 0x00, 0x00, 0x00, 0x0f, 0x00, 0x00, 0x00, 0x00, 0xf0, 0x00, 0x00, 0x00, 0x00, 0x00, 0x00, 0x00, 0x00, 0x00, 0x00, 0x00
.global gUnknown_831C078
gUnknown_831C078:
.byte 0x00, 0x00, 0x00, 0x00, 0x00, 0x00, 0x00, 0x00
.byte 0x00, 0x00, 0x00, 0x00, 0x00, 0xff, 0x0f, 0x00, 0x00, 0x00, 0x00, 0x00, 0x00, 0x00, 0x00, 0x00, 0x00, 0x00, 0x00, 0x00, 0x00, 0x00, 0x00, 0x00, 0x00, 0x00, 0x00, 0x00, 0x00, 0x00, 0x00, 0x00
.byte 0x00, 0x00, 0x00, 0x00, 0x00, 0x00, 0x00, 0x00, 0x00, 0x00, 0x00, 0x00, 0x00, 0x00, 0xf0, 0xff, 0xff, 0x00, 0x00, 0x00, 0x00, 0x00, 0x00, 0x00, 0x00, 0x00, 0x00, 0x00, 0x00, 0x00, 0x00, 0x00
.global gUnknown_831C0C0
gUnknown_831C0C0:
.byte 0x10, 0xd5, 0x77, 0x5d, 0x01, 0x00, 0x61, 0x67, 0x55, 0x76, 0x06, 0x00, 0x76, 0x26, 0x00, 0x62, 0x07, 0x00, 0x77, 0x02, 0x00, 0x20, 0x02, 0x00, 0x77, 0x00, 0x00, 0x00, 0x00, 0x00, 0x77, 0x00
.byte 0x00, 0x00, 0x00, 0x00, 0x76, 0x04, 0x00, 0x40, 0x05, 0x00, 0x74, 0x47, 0x11, 0x74, 0x07, 0x00, 0x40, 0x76, 0x77, 0x77, 0x04, 0x00, 0x00, 0x42, 0x67, 0x94, 0x00, 0x00, 0x00, 0x00, 0x74, 0x04
.byte 0x00, 0x00, 0x00, 0x74, 0x47, 0x00, 0x00, 0x00
.global gUnknown_831C108
gUnknown_831C108:
.byte 0x00, 0x50, 0x07, 0x00, 0x00, 0x00, 0x00, 0x00, 0x75, 0x00, 0x00, 0x00, 0x10, 0x00, 0x00, 0x00, 0x00, 0x00, 0x75, 0x77, 0x77, 0x77, 0x06, 0x00
.byte 0x77, 0x55, 0x55, 0x55, 0x04, 0x00, 0x77, 0x00, 0x00, 0x00, 0x00, 0x00, 0x77, 0xaa, 0xaa, 0x9a, 0x00, 0x00, 0x77, 0x77, 0x77, 0x67, 0x00, 0x00, 0x77, 0x11, 0x11, 0x11, 0x00, 0x00, 0x77, 0x00
.byte 0x00, 0x00, 0x00, 0x00, 0x77, 0x11, 0x11, 0x11, 0x01, 0x00, 0x76, 0x77, 0x77, 0x77, 0x06, 0x00
.global gUnknown_831C150
gUnknown_831C150:
.byte 0x00, 0x00, 0x50, 0x07, 0x00, 0x00, 0x00, 0x00, 0x75, 0x00, 0x00, 0x00, 0x10, 0x00, 0x00, 0x00
.byte 0x00, 0x00, 0x75, 0x77, 0x77, 0x77, 0x06, 0x00, 0x77, 0x55, 0x55, 0x55, 0x04, 0x00, 0x77, 0x00, 0x00, 0x00, 0x00, 0x00, 0x77, 0xaa, 0xaa, 0x9a, 0x00, 0x00, 0x77, 0x77, 0x77, 0x67, 0x00, 0x00
.byte 0x77, 0x11, 0x11, 0x11, 0x00, 0x00, 0x77, 0x00, 0x00, 0x00, 0x00, 0x00, 0x77, 0x11, 0x11, 0x11, 0x01, 0x00, 0x76, 0x77, 0x77, 0x77, 0x06, 0x00
.global gUnknown_831C198
gUnknown_831C198:
.byte 0x00, 0x50, 0x57, 0x00, 0x00, 0x00, 0x00, 0x75
.byte 0x70, 0x05, 0x00, 0x00, 0x10, 0x00, 0x00, 0x00, 0x00, 0x00, 0x75, 0x77, 0x77, 0x77, 0x06, 0x00, 0x77, 0x55, 0x55, 0x55, 0x04, 0x00, 0x77, 0x00, 0x00, 0x00, 0x00, 0x00, 0x77, 0xaa, 0xaa, 0x9a
.byte 0x00, 0x00, 0x77, 0x77, 0x77, 0x67, 0x00, 0x00, 0x77, 0x11, 0x11, 0x11, 0x00, 0x00, 0x77, 0x00, 0x00, 0x00, 0x00, 0x00, 0x77, 0x11, 0x11, 0x11, 0x01, 0x00, 0x76, 0x77, 0x77, 0x77, 0x06, 0x00
.global gUnknown_831C1E0
gUnknown_831C1E0:
.byte 0x10, 0x75, 0x70, 0x05, 0x00, 0x00, 0x20, 0x75, 0x70, 0x05, 0x00, 0x00, 0x10, 0x50, 0x22, 0x00, 0x00, 0x00, 0x75, 0x77, 0x77, 0x77, 0x06, 0x00, 0x77, 0x55, 0x55, 0x55, 0x04, 0x00, 0x77, 0x00
.byte 0x00, 0x00, 0x00, 0x00, 0x77, 0xaa, 0xaa, 0x9a, 0x00, 0x00, 0x77, 0x77, 0x77, 0x67, 0x00, 0x00, 0x77, 0x11, 0x11, 0x11, 0x00, 0x00, 0x77, 0x00, 0x00, 0x00, 0x00, 0x00, 0x77, 0x11, 0x11, 0x11
.byte 0x01, 0x00, 0x76, 0x77, 0x77, 0x77, 0x06, 0x00
.global gUnknown_831C228
gUnknown_831C228:
.byte 0x50, 0x07, 0x00, 0x00, 0x00, 0x00, 0x00, 0x75, 0x00, 0x00, 0x00, 0x00, 0x00, 0x00, 0x00, 0x00, 0x00, 0x00, 0x00, 0x75, 0x00, 0x00, 0x00, 0x00
.byte 0x00, 0x77, 0x00, 0x00, 0x00, 0x00, 0x00, 0x77, 0x00, 0x00, 0x00, 0x00, 0x00, 0x77, 0x00, 0x00, 0x00, 0x00, 0x00, 0x77, 0x00, 0x00, 0x00, 0x00, 0x00, 0x77, 0x00, 0x00, 0x00, 0x00, 0x00, 0x77
.byte 0x00, 0x00, 0x00, 0x00, 0x00, 0x76, 0x00, 0x00, 0x00, 0x00, 0x00, 0xa9, 0x00, 0x00, 0x00, 0x00
.global gUnknown_831C270
gUnknown_831C270:
.byte 0x00, 0x50, 0x07, 0x00, 0x00, 0x00, 0x00, 0x75, 0x00, 0x00, 0x00, 0x00, 0x00, 0x00, 0x00, 0x00
.byte 0x00, 0x00, 0x00, 0x75, 0x00, 0x00, 0x00, 0x00, 0x00, 0x77, 0x00, 0x00, 0x00, 0x00, 0x00, 0x77, 0x00, 0x00, 0x00, 0x00, 0x00, 0x77, 0x00, 0x00, 0x00, 0x00, 0x00, 0x77, 0x00, 0x00, 0x00, 0x00
.byte 0x00, 0x77, 0x00, 0x00, 0x00, 0x00, 0x00, 0x77, 0x00, 0x00, 0x00, 0x00, 0x00, 0x76, 0x00, 0x00, 0x00, 0x00, 0x00, 0xa9, 0x00, 0x00, 0x00, 0x00
.global gUnknown_831C2B8
gUnknown_831C2B8:
.byte 0x00, 0x75, 0x05, 0x00, 0x00, 0x00, 0x50, 0x07
.byte 0x57, 0x00, 0x00, 0x00, 0x00, 0x00, 0x00, 0x00, 0x00, 0x00, 0x00, 0x75, 0x00, 0x00, 0x00, 0x00, 0x00, 0x77, 0x00, 0x00, 0x00, 0x00, 0x00, 0x77, 0x00, 0x00, 0x00, 0x00, 0x00, 0x77, 0x00, 0x00
.byte 0x00, 0x00, 0x00, 0x77, 0x00, 0x00, 0x00, 0x00, 0x00, 0x77, 0x00, 0x00, 0x00, 0x00, 0x00, 0x77, 0x00, 0x00, 0x00, 0x00, 0x00, 0x76, 0x00, 0x00, 0x00, 0x00, 0x00, 0xa9, 0x00, 0x00, 0x00, 0x00
.global gUnknown_831C300
gUnknown_831C300:
.byte 0x51, 0x07, 0x57, 0x00, 0x00, 0x00, 0x52, 0x07, 0x57, 0x00, 0x00, 0x00, 0x00, 0x00, 0x00, 0x00, 0x00, 0x00, 0x00, 0x75, 0x00, 0x00, 0x00, 0x00, 0x00, 0x77, 0x00, 0x00, 0x00, 0x00, 0x00, 0x77
.byte 0x00, 0x00, 0x00, 0x00, 0x00, 0x77, 0x00, 0x00, 0x00, 0x00, 0x00, 0x77, 0x00, 0x00, 0x00, 0x00, 0x00, 0x77, 0x00, 0x00, 0x00, 0x00, 0x00, 0x77, 0x00, 0x00, 0x00, 0x00, 0x00, 0x76, 0x00, 0x00
.byte 0x00, 0x00, 0x00, 0xa9, 0x00, 0x00, 0x00, 0x00
.global gUnknown_831C348
gUnknown_831C348:
.byte 0x00, 0x00, 0x00, 0x00, 0x00, 0x00, 0xf0, 0x0f, 0x00, 0x00, 0x00, 0x00, 0x00, 0xf0, 0x0f, 0x00, 0x00, 0x00, 0x00, 0x00, 0x00, 0x00, 0x00, 0x00
.byte 0x00, 0x00, 0x00, 0x00, 0x00, 0x00, 0xf0, 0x0f, 0x00, 0x00, 0x00, 0x00, 0x00, 0xf0, 0x0f, 0x00, 0x00, 0x00, 0x00, 0x00, 0x00, 0x00, 0x00, 0x00, 0x00, 0x00, 0x00, 0x00, 0x00, 0x00, 0xf0, 0xff
.byte 0x00, 0x00, 0x00, 0x00, 0x00, 0x00, 0xff, 0x00, 0x00, 0x00, 0x00, 0x00, 0x00, 0x00, 0x00, 0x00
.global gUnknown_831C390
gUnknown_831C390:
.byte 0x00, 0x72, 0x07, 0x27, 0x00, 0x00, 0x20, 0x07, 0x75, 0x02, 0x00, 0x00, 0x00, 0x00, 0x00, 0x00
.byte 0x00, 0x00, 0x65, 0x85, 0x00, 0x60, 0x05, 0x00, 0x77, 0x46, 0x00, 0x70, 0x07, 0x00, 0x77, 0x77, 0x01, 0x70, 0x07, 0x00, 0x77, 0x77, 0x26, 0x70, 0x07, 0x00, 0x77, 0x65, 0x67, 0x70, 0x07, 0x00
.byte 0x77, 0x51, 0x77, 0x74, 0x07, 0x00, 0x77, 0x80, 0x76, 0x77, 0x07, 0x00, 0x77, 0x00, 0x60, 0x77, 0x07, 0x00, 0x76, 0x00, 0x20, 0x76, 0x07, 0x00
.global gUnknown_831C3D8
gUnknown_831C3D8:
.byte 0x00, 0x50, 0x07, 0x00, 0x00, 0x00, 0x00, 0x00
.byte 0x75, 0x00, 0x00, 0x00, 0x00, 0x00, 0x00, 0x00, 0x00, 0x00, 0x10, 0xd5, 0x77, 0x5d, 0x01, 0x00, 0x61, 0x67, 0x55, 0x76, 0x16, 0x00, 0x76, 0x26, 0x00, 0x62, 0x67, 0x00, 0x77, 0x02, 0x00, 0x20
.byte 0x77, 0x00, 0x77, 0x00, 0x00, 0x00, 0x77, 0x00, 0x76, 0x04, 0x00, 0x40, 0x67, 0x00, 0x74, 0x47, 0x11, 0x74, 0x47, 0x00, 0x40, 0x76, 0x77, 0x67, 0x04, 0x00, 0x00, 0xa2, 0xaa, 0x2a, 0x00, 0x00
.global gUnknown_831C420
gUnknown_831C420:
.byte 0x00, 0x00, 0x50, 0x07, 0x00, 0x00, 0x00, 0x00, 0x75, 0x00, 0x00, 0x00, 0x00, 0x00, 0x00, 0x00, 0x00, 0x00, 0x10, 0xd5, 0x77, 0x5d, 0x01, 0x00, 0x61, 0x67, 0x55, 0x76, 0x16, 0x00, 0x76, 0x26
.byte 0x00, 0x62, 0x67, 0x00, 0x77, 0x02, 0x00, 0x20, 0x77, 0x00, 0x77, 0x00, 0x00, 0x00, 0x77, 0x00, 0x76, 0x04, 0x00, 0x40, 0x67, 0x00, 0x74, 0x47, 0x11, 0x74, 0x47, 0x00, 0x40, 0x76, 0x77, 0x67
.byte 0x04, 0x00, 0x00, 0xa2, 0xaa, 0x2a, 0x00, 0x00
.global gUnknown_831C468
gUnknown_831C468:
.byte 0x00, 0x50, 0x57, 0x00, 0x00, 0x00, 0x00, 0x75, 0x70, 0x05, 0x00, 0x00, 0x00, 0x00, 0x00, 0x00, 0x00, 0x00, 0x10, 0xd5, 0x77, 0x5d, 0x01, 0x00
.byte 0x61, 0x67, 0x55, 0x76, 0x16, 0x00, 0x76, 0x26, 0x00, 0x62, 0x67, 0x00, 0x77, 0x02, 0x00, 0x20, 0x77, 0x00, 0x77, 0x00, 0x00, 0x00, 0x77, 0x00, 0x76, 0x04, 0x00, 0x40, 0x67, 0x00, 0x74, 0x47
.byte 0x11, 0x74, 0x47, 0x00, 0x40, 0x76, 0x77, 0x67, 0x04, 0x00, 0x00, 0xa2, 0xaa, 0x2a, 0x00, 0x00
.global gUnknown_831C4B0
gUnknown_831C4B0:
.byte 0x00, 0x00, 0x00, 0x00, 0x00, 0x00, 0x00, 0x00, 0x00, 0x00, 0x00, 0x00, 0xf0, 0xff, 0x0f, 0x00
.byte 0x00, 0x00, 0x00, 0x00, 0x0f, 0x00, 0x00, 0x00, 0x00, 0x00, 0x0f, 0x00, 0x00, 0x00, 0x00, 0x00, 0x0f, 0x00, 0x00, 0x00, 0x00, 0xf0, 0x00, 0x00, 0x00, 0x00, 0x00, 0xf0, 0x00, 0x00, 0x00, 0x00
.byte 0x00, 0xf0, 0x00, 0x00, 0x00, 0x00, 0xff, 0xff, 0xff, 0x00, 0x00, 0x00, 0x00, 0x00, 0x00, 0x00, 0x00, 0x00, 0x00, 0x00, 0x00, 0x00, 0x00, 0x00
.global gUnknown_831C4F8
gUnknown_831C4F8:
.byte 0x00, 0x75, 0x70, 0x05, 0x00, 0x00, 0x00, 0x75
.byte 0x70, 0x05, 0x00, 0x00, 0x00, 0x20, 0x20, 0x05, 0x00, 0x00, 0x10, 0xd5, 0x77, 0x5d, 0x01, 0x00, 0x61, 0x67, 0x55, 0x76, 0x16, 0x00, 0x76, 0x26, 0x00, 0x62, 0x67, 0x00, 0x77, 0x02, 0x00, 0x20
.byte 0x77, 0x00, 0x77, 0x00, 0x00, 0x00, 0x77, 0x00, 0x76, 0x04, 0x00, 0x40, 0x67, 0x00, 0x74, 0x47, 0x11, 0x74, 0x47, 0x00, 0x40, 0x76, 0x77, 0x67, 0x04, 0x00, 0x00, 0xa2, 0xaa, 0x2a, 0x00, 0x00
.global gUnknown_831C540
gUnknown_831C540:
.byte 0x00, 0x00, 0x00, 0x00, 0x00, 0x00, 0x00, 0xff, 0x0f, 0x00, 0x00, 0x00, 0x00, 0x00, 0x00, 0x00, 0x00, 0x00, 0x00, 0x00, 0x00, 0x00, 0x00, 0x00, 0xf0, 0xff, 0xff, 0x00, 0x00, 0x00, 0x00, 0x00
.byte 0xf0, 0x00, 0x00, 0x00, 0x00, 0x00, 0xf0, 0x00, 0x00, 0x00, 0x00, 0x00, 0x0f, 0x00, 0x00, 0x00, 0x00, 0x00, 0x0f, 0x00, 0x00, 0x00, 0x00, 0xf0, 0x00, 0x00, 0x00, 0x00, 0x00, 0x0f, 0x00, 0x00
.byte 0x00, 0x00, 0x00, 0x00, 0x00, 0x00, 0x00, 0x00
.global gUnknown_831C588
gUnknown_831C588:
.byte 0x00, 0x00, 0x00, 0x00, 0x00, 0x00, 0xf0, 0x00, 0xf0, 0x00, 0x00, 0x00, 0xf0, 0x00, 0xf0, 0x00, 0x00, 0x00, 0xf0, 0x00, 0xf0, 0x00, 0x00, 0x00
.byte 0xf0, 0x00, 0xf0, 0x00, 0x00, 0x00, 0xf0, 0x00, 0xf0, 0x00, 0x00, 0x00, 0xf0, 0x00, 0xf0, 0x00, 0x00, 0x00, 0x00, 0x00, 0x0f, 0x00, 0x00, 0x00, 0x00, 0x00, 0x0f, 0x00, 0x00, 0x00, 0x00, 0xf0
.byte 0x00, 0x00, 0x00, 0x00, 0x00, 0x0f, 0x00, 0x00, 0x00, 0x00, 0x00, 0x00, 0x00, 0x00, 0x00, 0x00
.global gUnknown_831C5D0
gUnknown_831C5D0:
.byte 0x00, 0x75, 0x00, 0x00, 0x00, 0x00, 0x00, 0x50, 0x07, 0x00, 0x00, 0x00, 0x00, 0x00, 0x00, 0x00
.byte 0x00, 0x00, 0x75, 0x00, 0x00, 0x57, 0x00, 0x00, 0x77, 0x00, 0x00, 0x77, 0x00, 0x00, 0x77, 0x00, 0x00, 0x77, 0x00, 0x00, 0x77, 0x00, 0x00, 0x77, 0x00, 0x00, 0x77, 0x00, 0x00, 0x77, 0x00, 0x00
.byte 0x77, 0x00, 0x00, 0x77, 0x00, 0x00, 0x76, 0x15, 0x51, 0x67, 0x00, 0x00, 0x62, 0x77, 0x77, 0x26, 0x00, 0x00, 0x20, 0xa9, 0x9a, 0x02, 0x00, 0x00
.global gUnknown_831C618
gUnknown_831C618:
.byte 0x00, 0x00, 0x75, 0x00, 0x00, 0x00, 0x00, 0x50
.byte 0x07, 0x00, 0x00, 0x00, 0x00, 0x00, 0x00, 0x00, 0x00, 0x00, 0x75, 0x00, 0x00, 0x57, 0x00, 0x00, 0x77, 0x00, 0x00, 0x77, 0x00, 0x00, 0x77, 0x00, 0x00, 0x77, 0x00, 0x00, 0x77, 0x00, 0x00, 0x77
.byte 0x00, 0x00, 0x77, 0x00, 0x00, 0x77, 0x00, 0x00, 0x77, 0x00, 0x00, 0x77, 0x00, 0x00, 0x76, 0x15, 0x51, 0x67, 0x00, 0x00, 0x62, 0x77, 0x77, 0x26, 0x00, 0x00, 0x20, 0xa9, 0x9a, 0x02, 0x00, 0x00
.global gUnknown_831C660
gUnknown_831C660:
.byte 0x00, 0x75, 0x05, 0x00, 0x00, 0x00, 0x50, 0x07, 0x57, 0x00, 0x00, 0x00, 0x00, 0x00, 0x00, 0x00, 0x00, 0x00, 0x75, 0x00, 0x00, 0x57, 0x00, 0x00, 0x77, 0x00, 0x00, 0x77, 0x00, 0x00, 0x77, 0x00
.byte 0x00, 0x77, 0x00, 0x00, 0x77, 0x00, 0x00, 0x77, 0x00, 0x00, 0x77, 0x00, 0x00, 0x77, 0x00, 0x00, 0x77, 0x00, 0x00, 0x77, 0x00, 0x00, 0x76, 0x15, 0x51, 0x67, 0x00, 0x00, 0x62, 0x77, 0x77, 0x26
.byte 0x00, 0x00, 0x20, 0xa9, 0x9a, 0x02, 0x00, 0x00
.global gUnknown_831C6A8
gUnknown_831C6A8:
.byte 0x50, 0x07, 0x57, 0x00, 0x00, 0x00, 0x50, 0x07, 0x57, 0x00, 0x00, 0x00, 0x00, 0x00, 0x00, 0x00, 0x00, 0x00, 0x75, 0x00, 0x00, 0x57, 0x00, 0x00
.byte 0x77, 0x00, 0x00, 0x77, 0x00, 0x00, 0x77, 0x00, 0x00, 0x77, 0x00, 0x00, 0x77, 0x00, 0x00, 0x77, 0x00, 0x00, 0x77, 0x00, 0x00, 0x77, 0x00, 0x00, 0x77, 0x00, 0x00, 0x77, 0x00, 0x00, 0x76, 0x15
.byte 0x51, 0x67, 0x00, 0x00, 0x62, 0x77, 0x77, 0x26, 0x00, 0x00, 0x20, 0xa9, 0x9a, 0x02, 0x00, 0x00
.global gUnknown_831C6F0
gUnknown_831C6F0:
.byte 0x00, 0x00, 0x00, 0x00, 0x00, 0x00, 0xf0, 0x00, 0x00, 0x00, 0x00, 0x00, 0x00, 0x0f, 0x00, 0x00
.byte 0x00, 0x00, 0x00, 0x00, 0xf0, 0x00, 0x00, 0x00, 0x00, 0x00, 0xf0, 0x00, 0x00, 0x00, 0x00, 0x00, 0xf0, 0x00, 0x00, 0x00, 0x00, 0x00, 0xf0, 0x00, 0x00, 0x00, 0x00, 0x00, 0x0f, 0x00, 0x00, 0x00
.byte 0x00, 0x00, 0x0f, 0x00, 0x00, 0x00, 0x00, 0xf0, 0x00, 0x00, 0x00, 0x00, 0xf0, 0x0f, 0x00, 0x00, 0x00, 0x00, 0x00, 0x00, 0x00, 0x00, 0x00, 0x00
.global gUnknown_831C738
gUnknown_831C738:
.byte 0x00, 0xf0, 0x00, 0x00, 0x00, 0x00, 0xf0, 0x00
.byte 0x0f, 0x00, 0x00, 0x00, 0x00, 0x0f, 0x00, 0x00, 0x00, 0x00, 0x00, 0x00, 0x00, 0x00, 0x00, 0x00, 0x00, 0x00, 0x00, 0x00, 0x00, 0x00, 0x00, 0x00, 0x00, 0x00, 0x00, 0x00, 0x00, 0x00, 0x00, 0x00
.byte 0x00, 0x00, 0x00, 0x00, 0x00, 0x00, 0x00, 0x00, 0x00, 0x00, 0x00, 0x00, 0x00, 0x00, 0x00, 0x00, 0x00, 0x00, 0x00, 0x00, 0x00, 0x00, 0x00, 0x00, 0x00, 0x00, 0x00, 0x00, 0x00, 0x00, 0x00, 0x00
.global gUnknown_831C780
gUnknown_831C780:
.byte 0x00, 0xff, 0x00, 0x00, 0x00, 0x00, 0xf0, 0x00, 0x0f, 0x00, 0x00, 0x00, 0x00, 0xff, 0x00, 0x00, 0x00, 0x00, 0x00, 0x00, 0x00, 0x00, 0x00, 0x00, 0x00, 0x00, 0x00, 0x00, 0x00, 0x00, 0x00, 0x00
.byte 0x00, 0x00, 0x00, 0x00, 0x00, 0x00, 0x00, 0x00, 0x00, 0x00, 0x00, 0x00, 0x00, 0x00, 0x00, 0x00, 0x00, 0x00, 0x00, 0x00, 0x00, 0x00, 0x00, 0x00, 0x00, 0x00, 0x00, 0x00, 0x00, 0x00, 0x00, 0x00
.byte 0x00, 0x00, 0x00, 0x00, 0x00, 0x00, 0x00, 0x00
.global gUnknown_831C7C8
gUnknown_831C7C8:
.byte 0x00, 0x00, 0x00, 0x00, 0x00, 0x00, 0x50, 0x07, 0x00, 0x00, 0x00, 0x00, 0x00, 0x75, 0x00, 0x00, 0x00, 0x00, 0x00, 0x00, 0x00, 0x00, 0x00, 0x00
.byte 0x62, 0xdd, 0x6d, 0x02, 0x00, 0x00, 0x77, 0x22, 0x75, 0x07, 0x00, 0x00, 0x11, 0xb4, 0x76, 0x07, 0x00, 0x00, 0xb4, 0x6c, 0x75, 0x07, 0x00, 0x00, 0xd7, 0x11, 0x77, 0x57, 0x00, 0x00, 0x74, 0x77
.byte 0x47, 0xd7, 0x00, 0x00, 0x90, 0xaa, 0x09, 0xa9, 0x00, 0x00, 0x00, 0x00, 0x00, 0x00, 0x00, 0x00
.global gUnknown_831C810
gUnknown_831C810:
.byte 0x00, 0x00, 0x00, 0x00, 0x00, 0x00, 0x00, 0x50, 0x07, 0x00, 0x00, 0x00, 0x00, 0x75, 0x00, 0x00
.byte 0x00, 0x00, 0x00, 0x00, 0x00, 0x00, 0x00, 0x00, 0x62, 0xdd, 0x6d, 0x02, 0x00, 0x00, 0x77, 0x22, 0x75, 0x07, 0x00, 0x00, 0x11, 0xb4, 0x76, 0x07, 0x00, 0x00, 0xb4, 0x6c, 0x75, 0x07, 0x00, 0x00
.byte 0xd7, 0x11, 0x77, 0x57, 0x00, 0x00, 0x74, 0x77, 0x47, 0xd7, 0x00, 0x00, 0x90, 0xaa, 0x09, 0xa9, 0x00, 0x00, 0x00, 0x00, 0x00, 0x00, 0x00, 0x00
.global gUnknown_831C858
gUnknown_831C858:
.byte 0x00, 0x00, 0x00, 0x00, 0x00, 0x00, 0x00, 0x75
.byte 0x05, 0x00, 0x00, 0x00, 0x50, 0x07, 0x57, 0x00, 0x00, 0x00, 0x01, 0x00, 0x00, 0x00, 0x00, 0x00, 0x62, 0xdd, 0x6d, 0x02, 0x00, 0x00, 0x77, 0x22, 0x75, 0x07, 0x00, 0x00, 0x11, 0xb4, 0x76, 0x07
.byte 0x00, 0x00, 0xb4, 0x6c, 0x75, 0x07, 0x00, 0x00, 0xd7, 0x11, 0x77, 0x57, 0x00, 0x00, 0x74, 0x77, 0x47, 0xd7, 0x00, 0x00, 0x90, 0xaa, 0x09, 0xa9, 0x00, 0x00, 0x00, 0x00, 0x00, 0x00, 0x00, 0x00
.global gUnknown_831C8A0
gUnknown_831C8A0:
.byte 0x00, 0x00, 0x00, 0x00, 0x00, 0x00, 0x00, 0x00, 0x00, 0x00, 0x00, 0x00, 0x00, 0x00, 0x00, 0x00, 0x00, 0x00, 0x00, 0x00, 0x00, 0x00, 0x00, 0x00, 0x00, 0x00, 0x00, 0x00, 0x00, 0x00, 0x00, 0x00
.byte 0x00, 0x00, 0x00, 0x00, 0x00, 0x00, 0x00, 0x00, 0x00, 0x00, 0x00, 0x00, 0x00, 0x00, 0x00, 0x00, 0x00, 0x00, 0x00, 0x00, 0x00, 0x00, 0x00, 0x00, 0x00, 0x00, 0x00, 0x00, 0x00, 0x00, 0x00, 0x00
.byte 0x00, 0x00, 0x00, 0x00, 0x00, 0x00, 0x00, 0x00
.global gUnknown_831C8E8
gUnknown_831C8E8:
.byte 0x00, 0x00, 0x00, 0x00, 0x00, 0x00, 0x51, 0x07, 0x57, 0x00, 0x00, 0x00, 0x52, 0x07, 0x57, 0x00, 0x00, 0x00, 0x00, 0x25, 0x02, 0x00, 0x00, 0x00
.byte 0x62, 0xdd, 0x6d, 0x02, 0x00, 0x00, 0x77, 0x22, 0x75, 0x07, 0x00, 0x00, 0x11, 0xb4, 0x76, 0x07, 0x00, 0x00, 0xb4, 0x6c, 0x75, 0x07, 0x00, 0x00, 0xd7, 0x11, 0x77, 0x57, 0x00, 0x00, 0x74, 0x77
.byte 0x47, 0xd7, 0x00, 0x00, 0x90, 0xaa, 0x09, 0xa9, 0x00, 0x00, 0x00, 0x00, 0x00, 0x00, 0x00, 0x00
.global gUnknown_831C930
gUnknown_831C930:
.byte 0x00, 0x00, 0x00, 0x00, 0x00, 0x00, 0x00, 0x00, 0x00, 0x00, 0x00, 0x00, 0x00, 0x00, 0x00, 0x00
.byte 0x00, 0x00, 0x00, 0x00, 0x00, 0x00, 0x00, 0x00, 0x00, 0x00, 0x00, 0x00, 0x00, 0x00, 0x00, 0x00, 0x00, 0x00, 0x00, 0x00, 0x00, 0x00, 0x00, 0x00, 0x00, 0x00, 0x00, 0x00, 0x00, 0x00, 0x00, 0x00
.byte 0x00, 0x00, 0x00, 0x00, 0x00, 0x00, 0x00, 0x00, 0x00, 0x00, 0x00, 0x00, 0x00, 0x00, 0x00, 0x00, 0x00, 0x00, 0x00, 0x00, 0x00, 0x00, 0x00, 0x00
.global gUnknown_831C978
gUnknown_831C978:
.byte 0x00, 0x00, 0x00, 0x00, 0x00, 0x00, 0x00, 0x00
.byte 0x00, 0x00, 0x00, 0x00, 0x00, 0x00, 0x00, 0x00, 0x00, 0x00, 0x00, 0x00, 0x00, 0x00, 0x00, 0x00, 0x00, 0x00, 0x00, 0x00, 0x00, 0x00, 0x00, 0x00, 0x00, 0x00, 0x00, 0x00, 0x00, 0x00, 0x00, 0x00
.byte 0x00, 0x00, 0x00, 0x00, 0x00, 0x00, 0x00, 0x00, 0x00, 0x00, 0x00, 0x00, 0x00, 0x00, 0x00, 0x00, 0x00, 0x00, 0x00, 0x00, 0x00, 0x00, 0x00, 0x00, 0x00, 0x00, 0x00, 0x00, 0x00, 0x00, 0x00, 0x00
.global gUnknown_831C9C0
gUnknown_831C9C0:
.byte 0x00, 0x00, 0x00, 0x00, 0x00, 0x00, 0x00, 0x00, 0x00, 0x00, 0x00, 0x00, 0x10, 0x92, 0x29, 0x01, 0x00, 0x00, 0x62, 0xd7, 0x7d, 0x26, 0x00, 0x00, 0xd6, 0x25, 0x52, 0x5d, 0x00, 0x00, 0x67, 0x08
.byte 0x80, 0x11, 0x00, 0x00, 0x67, 0x00, 0x00, 0x00, 0x00, 0x00, 0x76, 0x14, 0x41, 0x57, 0x00, 0x00, 0x62, 0x77, 0x77, 0x26, 0x00, 0x00, 0x20, 0x74, 0x46, 0x09, 0x00, 0x00, 0x00, 0x40, 0x47, 0x00
.byte 0x00, 0x00, 0x40, 0x77, 0x04, 0x00, 0x00, 0x00
.global gUnknown_831CA08
gUnknown_831CA08:
.byte 0x00, 0x00, 0x00, 0x00, 0x00, 0x00, 0x50, 0x07, 0x00, 0x00, 0x00, 0x00, 0x00, 0x75, 0x00, 0x00, 0x00, 0x00, 0x10, 0x92, 0x29, 0x01, 0x00, 0x00
.byte 0x62, 0xd7, 0x7d, 0x26, 0x00, 0x00, 0xd6, 0x25, 0x52, 0x6d, 0x00, 0x00, 0x77, 0xb6, 0x6b, 0x67, 0x00, 0x00, 0x77, 0x45, 0x44, 0x44, 0x00, 0x00, 0x76, 0x16, 0x51, 0x67, 0x00, 0x00, 0x62, 0x77
.byte 0x77, 0x26, 0x00, 0x00, 0x20, 0xa9, 0x9a, 0x02, 0x00, 0x00, 0x00, 0x00, 0x00, 0x00, 0x00, 0x00
.global gUnknown_831CA50
gUnknown_831CA50:
.byte 0x00, 0x00, 0x00, 0x00, 0x00, 0x00, 0x00, 0x50, 0x07, 0x00, 0x00, 0x00, 0x00, 0x75, 0x00, 0x00
.byte 0x00, 0x00, 0x10, 0x92, 0x29, 0x01, 0x00, 0x00, 0x62, 0xd7, 0x7d, 0x26, 0x00, 0x00, 0xd6, 0x25, 0x52, 0x6d, 0x00, 0x00, 0x77, 0xb6, 0x6b, 0x67, 0x00, 0x00, 0x77, 0x45, 0x44, 0x44, 0x00, 0x00
.byte 0x76, 0x16, 0x51, 0x67, 0x00, 0x00, 0x62, 0x77, 0x77, 0x26, 0x00, 0x00, 0x20, 0xa9, 0x9a, 0x02, 0x00, 0x00, 0x00, 0x00, 0x00, 0x00, 0x00, 0x00
.global gUnknown_831CA98
gUnknown_831CA98:
.byte 0x00, 0x00, 0x00, 0x00, 0x00, 0x00, 0x00, 0x75
.byte 0x05, 0x00, 0x00, 0x00, 0x50, 0x07, 0x57, 0x00, 0x00, 0x00, 0x10, 0x92, 0x29, 0x01, 0x00, 0x00, 0x62, 0xd7, 0x7d, 0x26, 0x00, 0x00, 0xd6, 0x25, 0x52, 0x6d, 0x00, 0x00, 0x77, 0xb6, 0x6b, 0x67
.byte 0x00, 0x00, 0x77, 0x45, 0x44, 0x44, 0x00, 0x00, 0x76, 0x16, 0x51, 0x67, 0x00, 0x00, 0x62, 0x77, 0x77, 0x26, 0x00, 0x00, 0x20, 0xa9, 0x9a, 0x02, 0x00, 0x00, 0x00, 0x00, 0x00, 0x00, 0x00, 0x00
.global gUnknown_831CAE0
gUnknown_831CAE0:
.byte 0x00, 0x00, 0x00, 0x00, 0x00, 0x00, 0x51, 0x07, 0x57, 0x00, 0x00, 0x00, 0x52, 0x07, 0x57, 0x00, 0x00, 0x00, 0x10, 0x92, 0x29, 0x01, 0x00, 0x00, 0x62, 0xd7, 0x7d, 0x26, 0x00, 0x00, 0xd6, 0x25
.byte 0x52, 0x6d, 0x00, 0x00, 0x77, 0xb6, 0x6b, 0x67, 0x00, 0x00, 0x77, 0x45, 0x44, 0x44, 0x00, 0x00, 0x76, 0x16, 0x51, 0x67, 0x00, 0x00, 0x62, 0x77, 0x77, 0x26, 0x00, 0x00, 0x20, 0xa9, 0x9a, 0x02
.byte 0x00, 0x00, 0x00, 0x00, 0x00, 0x00, 0x00, 0x00
.global gUnknown_831CB28
gUnknown_831CB28:
.byte 0x00, 0x00, 0x00, 0x00, 0x00, 0x00, 0x00, 0x00, 0x00, 0x00, 0x00, 0x00, 0x00, 0x00, 0x00, 0x00, 0x00, 0x00, 0x00, 0x00, 0x00, 0x00, 0x00, 0x00
.byte 0x00, 0x00, 0x00, 0x00, 0x00, 0x00, 0x00, 0x00, 0x00, 0x00, 0x00, 0x00, 0x00, 0x00, 0x00, 0x00, 0x00, 0x00, 0x00, 0x00, 0x00, 0x00, 0x00, 0x00, 0x00, 0x00, 0x00, 0x00, 0x00, 0x00, 0x00, 0x00
.byte 0x00, 0x00, 0x00, 0x00, 0x00, 0x00, 0x00, 0x00, 0x00, 0x00, 0x00, 0x00, 0x00, 0x00, 0x00, 0x00
.global gUnknown_831CB70
gUnknown_831CB70:
.byte 0x00, 0x00, 0x00, 0x00, 0x00, 0x00, 0x00, 0x00, 0x00, 0x00, 0x00, 0x00, 0x00, 0x00, 0x00, 0x00
.byte 0x00, 0x00, 0x00, 0x00, 0x00, 0x00, 0x00, 0x00, 0x00, 0x00, 0x00, 0x00, 0x00, 0x00, 0x00, 0x00, 0x00, 0x00, 0x00, 0x00, 0x00, 0x00, 0x00, 0x00, 0x00, 0x00, 0x00, 0x00, 0x00, 0x00, 0x00, 0x00
.byte 0x00, 0x00, 0x00, 0x00, 0x00, 0x00, 0x00, 0x00, 0x00, 0x00, 0x00, 0x00, 0x00, 0x00, 0x00, 0x00, 0x00, 0x00, 0x00, 0x00, 0x00, 0x00, 0x00, 0x00
.global gUnknown_831CBB8
gUnknown_831CBB8:
.byte 0x00, 0x00, 0x00, 0x00, 0x00, 0x00, 0x00, 0x00
.byte 0x00, 0x00, 0x00, 0x00, 0x00, 0x00, 0x00, 0x00, 0x00, 0x00, 0x00, 0x00, 0x00, 0x00, 0x00, 0x00, 0x00, 0x00, 0x00, 0x00, 0x00, 0x00, 0x00, 0x00, 0x00, 0x00, 0x00, 0x00, 0x00, 0x00, 0x00, 0x00
.byte 0x00, 0x00, 0x00, 0x00, 0x00, 0x00, 0x00, 0x00, 0x00, 0x00, 0x00, 0x00, 0x00, 0x00, 0x00, 0x00, 0x00, 0x00, 0x00, 0x00, 0x00, 0x00, 0x00, 0x00, 0x00, 0x00, 0x00, 0x00, 0x00, 0x00, 0x00, 0x00
.global gUnknown_831CC00
gUnknown_831CC00:
.byte 0x00, 0x00, 0x00, 0x00, 0x00, 0x00, 0x00, 0x00, 0x00, 0x00, 0x00, 0x00, 0x00, 0x00, 0x00, 0x00, 0x00, 0x00, 0x00, 0x00, 0x00, 0x00, 0x00, 0x00, 0x00, 0x00, 0x00, 0x00, 0x00, 0x00, 0x00, 0x00
.byte 0x00, 0x00, 0x00, 0x00, 0x00, 0x00, 0x00, 0x00, 0x00, 0x00, 0x00, 0x00, 0x00, 0x00, 0x00, 0x00, 0x00, 0x00, 0x00, 0x00, 0x00, 0x00, 0x00, 0x00, 0x00, 0x00, 0x00, 0x00, 0x00, 0x00, 0x00, 0x00
.byte 0x00, 0x00, 0x00, 0x00, 0x00, 0x00, 0x00, 0x00
.global gUnknown_831CC48
gUnknown_831CC48:
.byte 0x00, 0x00, 0x00, 0x00, 0x00, 0x00, 0x00, 0x00, 0x00, 0x00, 0x00, 0x00, 0x00, 0x00, 0x00, 0x00, 0x00, 0x00, 0x00, 0x00, 0x00, 0x00, 0x00, 0x00
.byte 0x00, 0x00, 0x00, 0x00, 0x00, 0x00, 0x00, 0x00, 0x00, 0x00, 0x00, 0x00, 0x00, 0x00, 0x00, 0x00, 0x00, 0x00, 0x00, 0x00, 0x00, 0x00, 0x00, 0x00, 0x00, 0x00, 0x00, 0x00, 0x00, 0x00, 0x00, 0x00
.byte 0x00, 0x00, 0x00, 0x00, 0x00, 0x00, 0x00, 0x00, 0x00, 0x00, 0x00, 0x00, 0x00, 0x00, 0x00, 0x00
.global gUnknown_831CC90
gUnknown_831CC90:
.byte 0x00, 0x00, 0x00, 0x00, 0x00, 0x00, 0x20, 0x77, 0x70, 0x02, 0x00, 0x00, 0x72, 0x50, 0x27, 0x00
.byte 0x00, 0x00, 0x99, 0x91, 0x19, 0x00, 0x00, 0x00, 0xdd, 0xd6, 0x6d, 0x02, 0x00, 0x00, 0x77, 0x96, 0x76, 0x07, 0x00, 0x00, 0x77, 0x01, 0x71, 0x07, 0x00, 0x00, 0x77, 0x00, 0x70, 0x07, 0x00, 0x00
.byte 0x77, 0x00, 0x70, 0x07, 0x00, 0x00, 0x67, 0x00, 0x70, 0x06, 0x00, 0x00, 0x9a, 0x00, 0xa0, 0x09, 0x00, 0x00, 0x00, 0x00, 0x00, 0x00, 0x00, 0x00
.global gUnknown_831CCD8
gUnknown_831CCD8:
.byte 0x00, 0x00, 0x00, 0x00, 0x00, 0x00, 0x50, 0x07
.byte 0x00, 0x00, 0x00, 0x00, 0x00, 0x75, 0x00, 0x00, 0x00, 0x00, 0x00, 0x91, 0x19, 0x00, 0x00, 0x00, 0xa0, 0xd6, 0x6d, 0x0a, 0x00, 0x00, 0xd9, 0x27, 0x72, 0x9d, 0x00, 0x00, 0x77, 0x01, 0x10, 0x77
.byte 0x00, 0x00, 0x77, 0x00, 0x00, 0x77, 0x00, 0x00, 0x75, 0x17, 0x71, 0x57, 0x00, 0x00, 0x50, 0x77, 0x77, 0x05, 0x00, 0x00, 0x00, 0xa9, 0x9a, 0x00, 0x00, 0x00, 0x00, 0x00, 0x00, 0x00, 0x00, 0x00
.global gUnknown_831CD20
gUnknown_831CD20:
.byte 0x00, 0x00, 0x00, 0x00, 0x00, 0x00, 0x00, 0x50, 0x07, 0x00, 0x00, 0x00, 0x00, 0x75, 0x00, 0x00, 0x00, 0x00, 0x00, 0x91, 0x19, 0x00, 0x00, 0x00, 0xa0, 0xd6, 0x6d, 0x0a, 0x00, 0x00, 0xd9, 0x27
.byte 0x72, 0x9d, 0x00, 0x00, 0x77, 0x01, 0x10, 0x77, 0x00, 0x00, 0x77, 0x00, 0x00, 0x77, 0x00, 0x00, 0x75, 0x17, 0x71, 0x57, 0x00, 0x00, 0x50, 0x77, 0x77, 0x05, 0x00, 0x00, 0x00, 0xa9, 0x9a, 0x00
.byte 0x00, 0x00, 0x00, 0x00, 0x00, 0x00, 0x00, 0x00
.global gUnknown_831CD68
gUnknown_831CD68:
.byte 0x00, 0x00, 0x00, 0x00, 0x00, 0x00, 0x00, 0x75, 0x05, 0x00, 0x00, 0x00, 0x50, 0x07, 0x57, 0x00, 0x00, 0x00, 0x00, 0x91, 0x19, 0x00, 0x00, 0x00
.byte 0xa0, 0xd6, 0x6d, 0x0a, 0x00, 0x00, 0xd9, 0x27, 0x72, 0x9d, 0x00, 0x00, 0x77, 0x01, 0x10, 0x77, 0x00, 0x00, 0x77, 0x00, 0x00, 0x77, 0x00, 0x00, 0x75, 0x17, 0x71, 0x57, 0x00, 0x00, 0x50, 0x77
.byte 0x77, 0x05, 0x00, 0x00, 0x00, 0xa9, 0x9a, 0x00, 0x00, 0x00, 0x00, 0x00, 0x00, 0x00, 0x00, 0x00
.global gUnknown_831CDB0
gUnknown_831CDB0:
.byte 0x00, 0x00, 0x00, 0x00, 0x00, 0x00, 0x00, 0x00, 0x00, 0x00, 0x00, 0x00, 0x00, 0x00, 0x00, 0x00
.byte 0x00, 0x00, 0x00, 0x00, 0x00, 0x00, 0x00, 0x00, 0x00, 0x00, 0x00, 0x00, 0x00, 0x00, 0x00, 0x00, 0x00, 0x00, 0x00, 0x00, 0x00, 0x00, 0x00, 0x00, 0x00, 0x00, 0x00, 0x00, 0x00, 0x00, 0x00, 0x00
.byte 0x00, 0x00, 0x00, 0x00, 0x00, 0x00, 0x00, 0x00, 0x00, 0x00, 0x00, 0x00, 0x00, 0x00, 0x00, 0x00, 0x00, 0x00, 0x00, 0x00, 0x00, 0x00, 0x00, 0x00
.global gUnknown_831CDF8
gUnknown_831CDF8:
.byte 0x00, 0x00, 0x00, 0x00, 0x00, 0x00, 0x51, 0x07
.byte 0x57, 0x00, 0x00, 0x00, 0x52, 0x07, 0x57, 0x00, 0x00, 0x00, 0x00, 0x91, 0x19, 0x00, 0x00, 0x00, 0xa0, 0xd6, 0x6d, 0x0a, 0x00, 0x00, 0xd9, 0x27, 0x72, 0x9d, 0x00, 0x00, 0x77, 0x01, 0x10, 0x77
.byte 0x00, 0x00, 0x77, 0x00, 0x00, 0x77, 0x00, 0x00, 0x75, 0x17, 0x71, 0x57, 0x00, 0x00, 0x50, 0x77, 0x77, 0x05, 0x00, 0x00, 0x00, 0xa9, 0x9a, 0x00, 0x00, 0x00, 0x00, 0x00, 0x00, 0x00, 0x00, 0x00
.global gUnknown_831CE40
gUnknown_831CE40:
.byte 0x00, 0x00, 0x00, 0x00, 0x00, 0x00, 0x00, 0x00, 0x00, 0x00, 0x00, 0x00, 0x00, 0x00, 0x00, 0x00, 0x00, 0x00, 0x00, 0x00, 0x00, 0x00, 0x00, 0x00, 0x00, 0x00, 0x00, 0x00, 0x00, 0x00, 0x00, 0x00
.byte 0x00, 0x00, 0x00, 0x00, 0x00, 0x00, 0x00, 0x00, 0x00, 0x00, 0x00, 0x00, 0x00, 0x00, 0x00, 0x00, 0x00, 0x00, 0x00, 0x00, 0x00, 0x00, 0x00, 0x00, 0x00, 0x00, 0x00, 0x00, 0x00, 0x00, 0x00, 0x00
.byte 0x00, 0x00, 0x00, 0x00, 0x00, 0x00, 0x00, 0x00
.global gUnknown_831CE88
gUnknown_831CE88:
.byte 0x00, 0x00, 0x00, 0x00, 0x00, 0x00, 0x00, 0x00, 0x00, 0x00, 0x00, 0x00, 0x00, 0x00, 0x00, 0x00, 0x00, 0x00, 0x00, 0x00, 0x00, 0x00, 0x00, 0x00
.byte 0x00, 0x00, 0x00, 0x00, 0x00, 0x00, 0x00, 0x00, 0x00, 0x00, 0x00, 0x00, 0x00, 0x00, 0x00, 0x00, 0x00, 0x00, 0x00, 0x00, 0x00, 0x00, 0x00, 0x00, 0x00, 0x00, 0x00, 0x00, 0x00, 0x00, 0x00, 0x00
.byte 0x00, 0x00, 0x00, 0x00, 0x00, 0x00, 0x00, 0x00, 0x00, 0x00, 0x00, 0x00, 0x00, 0x00, 0x00, 0x00
.global gUnknown_831CED0
gUnknown_831CED0:
.byte 0x00, 0x00, 0x00, 0x00, 0x00, 0x00, 0x50, 0x07, 0x00, 0x00, 0x00, 0x00, 0x00, 0x75, 0x00, 0x00
.byte 0x00, 0x00, 0x19, 0x00, 0x90, 0x01, 0x00, 0x00, 0x6d, 0x00, 0xd0, 0x06, 0x00, 0x00, 0x77, 0x00, 0x70, 0x07, 0x00, 0x00, 0x77, 0x00, 0x72, 0x07, 0x00, 0x00, 0x77, 0x02, 0x75, 0x07, 0x00, 0x00
.byte 0x76, 0x56, 0x77, 0x07, 0x00, 0x00, 0x74, 0x77, 0x76, 0x06, 0x00, 0x00, 0x90, 0xaa, 0xa2, 0x09, 0x00, 0x00, 0x00, 0x00, 0x00, 0x00, 0x00, 0x00
.global gUnknown_831CF18
gUnknown_831CF18:
.byte 0x00, 0x00, 0x00, 0x00, 0x00, 0x00, 0x00, 0x50
.byte 0x07, 0x00, 0x00, 0x00, 0x00, 0x75, 0x00, 0x00, 0x00, 0x00, 0x19, 0x00, 0x90, 0x01, 0x00, 0x00, 0x6d, 0x00, 0xd0, 0x06, 0x00, 0x00, 0x77, 0x00, 0x70, 0x07, 0x00, 0x00, 0x77, 0x00, 0x72, 0x07
.byte 0x00, 0x00, 0x77, 0x02, 0x75, 0x07, 0x00, 0x00, 0x76, 0x56, 0x77, 0x07, 0x00, 0x00, 0x74, 0x77, 0x76, 0x06, 0x00, 0x00, 0x90, 0xaa, 0xa2, 0x09, 0x00, 0x00, 0x00, 0x00, 0x00, 0x00, 0x00, 0x00
.global gUnknown_831CF60
gUnknown_831CF60:
.byte 0x00, 0x00, 0x00, 0x00, 0x00, 0x00, 0x00, 0x75, 0x05, 0x00, 0x00, 0x00, 0x50, 0x07, 0x57, 0x00, 0x00, 0x00, 0x19, 0x00, 0x90, 0x01, 0x00, 0x00, 0x6d, 0x00, 0xd0, 0x06, 0x00, 0x00, 0x77, 0x00
.byte 0x70, 0x07, 0x00, 0x00, 0x77, 0x00, 0x72, 0x07, 0x00, 0x00, 0x77, 0x02, 0x75, 0x07, 0x00, 0x00, 0x76, 0x56, 0x77, 0x07, 0x00, 0x00, 0x74, 0x77, 0x76, 0x06, 0x00, 0x00, 0x90, 0xaa, 0xa2, 0x09
.byte 0x00, 0x00, 0x00, 0x00, 0x00, 0x00, 0x00, 0x00
.global gUnknown_831CFA8
gUnknown_831CFA8:
.byte 0x00, 0x00, 0x00, 0x00, 0x00, 0x00, 0x51, 0x07, 0x57, 0x00, 0x00, 0x00, 0x52, 0x07, 0x57, 0x00, 0x00, 0x00, 0x19, 0x00, 0x90, 0x01, 0x00, 0x00
.byte 0x6d, 0x00, 0xd0, 0x06, 0x00, 0x00, 0x77, 0x00, 0x70, 0x07, 0x00, 0x00, 0x77, 0x00, 0x72, 0x07, 0x00, 0x00, 0x77, 0x02, 0x75, 0x07, 0x00, 0x00, 0x76, 0x56, 0x77, 0x07, 0x00, 0x00, 0x74, 0x77
.byte 0x76, 0x06, 0x00, 0x00, 0x90, 0xaa, 0xa2, 0x09, 0x00, 0x00, 0x00, 0x00, 0x00, 0x00, 0x00, 0x00
.global gUnknown_831CFF0
gUnknown_831CFF0:
.byte 0x00, 0x00, 0x00, 0x00, 0x00, 0x00, 0x00, 0x00, 0x00, 0x00, 0x00, 0x00, 0x00, 0x00, 0x00, 0x00
.byte 0x00, 0x00, 0x00, 0x00, 0x00, 0x00, 0x00, 0x00, 0x00, 0x00, 0x00, 0x00, 0x00, 0x00, 0x00, 0x00, 0x00, 0x00, 0x00, 0x00, 0x00, 0x00, 0x00, 0x00, 0x00, 0x00, 0x00, 0x00, 0x00, 0x00, 0x00, 0x00
.byte 0x00, 0x00, 0x00, 0x00, 0x00, 0x00, 0x00, 0x00, 0x00, 0x00, 0x00, 0x00, 0x00, 0x00, 0x00, 0x00, 0x00, 0x00, 0x00, 0x00, 0x00, 0x00, 0x00, 0x00
.global gUnknown_831D038
gUnknown_831D038:
.byte 0x00, 0x00, 0x00, 0x00, 0x00, 0x00, 0x00, 0x00
.byte 0x00, 0x00, 0x00, 0x00, 0x00, 0x00, 0x00, 0x00, 0x00, 0x00, 0x00, 0x00, 0x00, 0x00, 0x00, 0x00, 0x00, 0x00, 0x00, 0x00, 0x00, 0x00, 0x00, 0x00, 0x00, 0x00, 0x00, 0x00, 0x00, 0x00, 0x00, 0x00
.byte 0x00, 0x00, 0x00, 0x00, 0x00, 0x00, 0x00, 0x00, 0x00, 0x00, 0x00, 0x00, 0x00, 0x00, 0x00, 0x00, 0x00, 0x00, 0x00, 0x00, 0x00, 0x00, 0x00, 0x00, 0x00, 0x00, 0x00, 0x00, 0x00, 0x00, 0x00, 0x00
.global gUnknown_831D080
gUnknown_831D080:
.byte 0x00, 0x00, 0x00, 0x00, 0x00, 0x00, 0x00, 0x00, 0x00, 0x00, 0x00, 0x00, 0x00, 0x00, 0x00, 0x00, 0x00, 0x00, 0x00, 0x00, 0x00, 0x00, 0x00, 0x00, 0x00, 0x00, 0x00, 0x00, 0x00, 0x00, 0x00, 0x00
.byte 0x00, 0x00, 0x00, 0x00, 0x00, 0x00, 0x00, 0x00, 0x00, 0x00, 0x00, 0x00, 0x00, 0x00, 0x00, 0x00, 0x00, 0x00, 0x00, 0x00, 0x00, 0x00, 0x00, 0x00, 0x00, 0x00, 0x00, 0x00, 0x00, 0x00, 0x00, 0x00
.byte 0x00, 0x00, 0x00, 0x00, 0x00, 0x00, 0x00, 0x00
.global gUnknown_831D0C8
gUnknown_831D0C8:
.byte 0x00, 0x00, 0x00, 0x00, 0x00, 0x00, 0x00, 0x00, 0x00, 0x00, 0x00, 0x00, 0x00, 0x00, 0x00, 0x00, 0x00, 0x00, 0x00, 0x00, 0x00, 0x00, 0x00, 0x00
.byte 0x00, 0x00, 0x00, 0x00, 0x00, 0x00, 0x00, 0x00, 0x00, 0x00, 0x00, 0x00, 0x00, 0x00, 0x00, 0x00, 0x00, 0x00, 0x00, 0x00, 0x00, 0x00, 0x00, 0x00, 0x00, 0x00, 0x00, 0x00, 0x00, 0x00, 0x00, 0x00
.byte 0x00, 0x00, 0x00, 0x00, 0x00, 0x00, 0x00, 0x00, 0x00, 0x00, 0x00, 0x00, 0x00, 0x00, 0x00, 0x00
.global gUnknown_831D110
gUnknown_831D110:
.byte 0x00, 0x00, 0x00, 0x00, 0x00, 0x00, 0x00, 0x00, 0x00, 0x00, 0x00, 0x00, 0x00, 0x00, 0x00, 0x00
.byte 0x00, 0x00, 0x00, 0x00, 0x00, 0x00, 0x00, 0x00, 0x00, 0x00, 0x00, 0x00, 0x00, 0x00, 0x00, 0x00, 0x00, 0x00, 0x00, 0x00, 0x00, 0x00, 0x00, 0x00, 0x00, 0x00, 0x0f, 0x00, 0x00, 0x00, 0x00, 0x00
.byte 0xf0, 0x00, 0x00, 0x00, 0x00, 0x00, 0x00, 0x00, 0x00, 0x00, 0x00, 0x00, 0x00, 0x00, 0x00, 0x00, 0x00, 0x00, 0x00, 0x00, 0x00, 0x00, 0x00, 0x00
.global gUnknown_831D158
gUnknown_831D158:
.byte 0x00, 0x00, 0x00, 0x00, 0x00, 0x00, 0x00, 0x00
.byte 0x00, 0x00, 0x00, 0x00, 0x00, 0x00, 0x00, 0x00, 0x00, 0x00, 0x00, 0x00, 0x00, 0x00, 0x00, 0x00, 0x00, 0x00, 0x00, 0x00, 0x00, 0x00, 0x00, 0x00, 0x00, 0x00, 0x00, 0x00, 0x00, 0x00, 0x00, 0x00
.byte 0x00, 0x00, 0x00, 0x00, 0x00, 0x00, 0x00, 0x00, 0xf0, 0x00, 0x00, 0x00, 0x00, 0x00, 0x00, 0x0f, 0x00, 0x00, 0x00, 0x00, 0xf0, 0x00, 0x00, 0x00, 0x00, 0x00, 0x00, 0x00, 0x00, 0x00, 0x00, 0x00
.global gUnknown_831D1A0
gUnknown_831D1A0:
.byte 0x00, 0x00, 0x00, 0x00, 0x00, 0x00, 0x00, 0x00, 0x00, 0x00, 0x00, 0x00, 0x00, 0x00, 0x00, 0x00, 0x00, 0x00, 0x00, 0x00, 0x00, 0x00, 0x00, 0x00, 0x00, 0x00, 0x00, 0x00, 0x00, 0x00, 0x00, 0x00
.byte 0x00, 0x00, 0x00, 0x00, 0x00, 0x00, 0x00, 0x00, 0x00, 0x00, 0x00, 0x00, 0x00, 0x00, 0x00, 0x00, 0xf0, 0x0f, 0x00, 0x00, 0x00, 0x00, 0xf0, 0x0f, 0x00, 0x00, 0x00, 0x00, 0x00, 0x00, 0x00, 0x00
.byte 0x00, 0x00, 0x00, 0x00, 0x00, 0x00, 0x00, 0x00
.global gUnknown_831D1E8
gUnknown_831D1E8:
.byte 0x00, 0x00, 0x00, 0x00, 0x00, 0x00, 0x00, 0x00, 0x00, 0x00, 0x00, 0x00, 0x00, 0x00, 0x00, 0x00, 0x00, 0x00, 0x00, 0x00, 0x00, 0x00, 0x00, 0x00
.byte 0x00, 0x00, 0x00, 0x00, 0x00, 0x00, 0x00, 0x70, 0x06, 0x00, 0x00, 0x00, 0x00, 0x60, 0x05, 0x00, 0x00, 0x00, 0x00, 0x00, 0x00, 0x00, 0x00, 0x00, 0x00, 0x00, 0x00, 0x00, 0x00, 0x00, 0x00, 0x00
.byte 0x00, 0x00, 0x00, 0x00, 0x00, 0x00, 0x00, 0x00, 0x00, 0x00, 0x00, 0x00, 0x00, 0x00, 0x00, 0x00
.global gUnknown_831D230
gUnknown_831D230:
.byte 0x00, 0x00, 0x00, 0x00, 0x00, 0x00, 0x00, 0x00, 0x00, 0x00, 0x00, 0x00, 0x00, 0x00, 0x00, 0x00
.byte 0x00, 0x00, 0x0f, 0x00, 0x00, 0x00, 0x00, 0x00, 0xf0, 0xff, 0xff, 0x00, 0x00, 0x00, 0x00, 0x00, 0x00, 0x00, 0x00, 0x00, 0x00, 0x00, 0x00, 0x00, 0x00, 0x00, 0x00, 0x00, 0x00, 0x00, 0x00, 0x00
.byte 0x00, 0x00, 0x00, 0x00, 0x00, 0x00, 0x00, 0x00, 0x00, 0x00, 0x00, 0x00, 0x00, 0x00, 0x00, 0x00, 0x00, 0x00, 0x00, 0x00, 0x00, 0x00, 0x00, 0x00
.global gUnknown_831D278
gUnknown_831D278:
.byte 0x00, 0xb0, 0xdd, 0x00, 0x00, 0x00, 0x00, 0xdd
.byte 0x0b, 0x00, 0x00, 0x00, 0x00, 0x00, 0x00, 0x00, 0x00, 0x00, 0x00, 0xdb, 0xbd, 0x00, 0x00, 0x00, 0xb0, 0x0d, 0xd0, 0x0b, 0x00, 0x00, 0xd0, 0xdd, 0xdd, 0x0d, 0x00, 0x00, 0xd0, 0x0d, 0x00, 0x00
.byte 0x00, 0x00, 0xb0, 0x0d, 0xd0, 0x0b, 0x00, 0x00, 0x00, 0xdb, 0xbd, 0x00, 0x00, 0x00, 0x00, 0x00, 0x00, 0x00, 0x00, 0x00, 0x00, 0x00, 0x00, 0x00, 0x00, 0x00, 0x00, 0x00, 0x00, 0x00, 0x00, 0x00
.4byte gUnknown_83191C8
.byte 0x20, 0x00, 0x04, 0x00, 0x00, 0x00, 0x02, 0x00
.4byte gUnknown_8319210
.byte 0x21, 0x00, 0x02, 0x00, 0x00, 0x00, 0x02, 0x00
.4byte gUnknown_8319258
.byte 0x22, 0x00, 0x03, 0x00
.byte 0x00, 0x00, 0x02, 0x00
.4byte gUnknown_83192A0
.byte 0x23, 0x00, 0x07, 0x00, 0x00, 0x00, 0x02, 0x00
.4byte gUnknown_83192E8
.byte 0x24, 0x00, 0x05, 0x00, 0x00, 0x00, 0x02, 0x00
.4byte gUnknown_8319330
.byte 0x25, 0x00, 0x08, 0x00, 0x00, 0x00, 0x02, 0x00
.4byte gUnknown_8319378
.byte 0x26, 0x00, 0x0a, 0x00, 0x00, 0x00, 0x03, 0x00
.4byte gUnknown_83193C0
.byte 0x27, 0x00, 0x05, 0x00, 0x00, 0x00, 0x03, 0x00
.4byte gUnknown_8319408
.byte 0x28, 0x00, 0x03, 0x00, 0x00, 0x00, 0x02, 0x00
.4byte gUnknown_8319450
.byte 0x29, 0x00, 0x03, 0x00, 0x00, 0x00, 0x02, 0x00
.4byte gUnknown_8319498
.byte 0x2a, 0x00, 0x0b, 0x00
.byte 0x00, 0x00, 0x03, 0x00
.4byte gUnknown_83194E0
.byte 0x2b, 0x00, 0x05, 0x00, 0x00, 0x00, 0x02, 0x00
.4byte gUnknown_8319528
.byte 0x2c, 0x00, 0x05, 0x00, 0x00, 0x00, 0x03, 0x00
.4byte gUnknown_8319570
.byte 0x2d, 0x00, 0x08, 0x00, 0x00, 0x00, 0x03, 0x00
.4byte gUnknown_83195B8
.byte 0x2e, 0x00, 0x05, 0x00, 0x00, 0x00, 0x03, 0x00
.4byte gUnknown_8319600
.byte 0x2f, 0x00, 0x04, 0x00, 0x00, 0x00, 0x02, 0x00
.4byte gUnknown_8319648
.byte 0x30, 0x00, 0x09, 0x00, 0x00, 0x00, 0x03, 0x00
.4byte gUnknown_8319690
.byte 0x31, 0x00, 0x06, 0x00, 0x00, 0x00, 0x03, 0x00
.4byte gUnknown_83196D8
.byte 0x32, 0x00, 0x09, 0x00
.byte 0x00, 0x00, 0x03, 0x00
.4byte gUnknown_8319720
.byte 0x33, 0x00, 0x09, 0x00, 0x00, 0x00, 0x03, 0x00
.4byte gUnknown_8319768
.byte 0x34, 0x00, 0x0a, 0x00, 0x00, 0x00, 0x03, 0x00
.4byte gUnknown_83197B0
.byte 0x35, 0x00, 0x09, 0x00, 0x00, 0x00, 0x03, 0x00
.4byte gUnknown_83197F8
.byte 0x36, 0x00, 0x09, 0x00, 0x00, 0x00, 0x03, 0x00
.4byte gUnknown_8319840
.byte 0x37, 0x00, 0x09, 0x00, 0x00, 0x00, 0x03, 0x00
.4byte gUnknown_8319888
.byte 0x38, 0x00, 0x09, 0x00, 0x00, 0x00, 0x03, 0x00
.4byte gUnknown_83198D0
.byte 0x39, 0x00, 0x0a, 0x00, 0x00, 0x00, 0x03, 0x00
.4byte gUnknown_8319918
.byte 0x3a, 0x00, 0x02, 0x00
.byte 0x00, 0x00, 0x02, 0x00
.4byte gUnknown_8319960
.byte 0x3b, 0x00, 0x02, 0x00, 0x00, 0x00, 0x02, 0x00
.4byte gUnknown_83199A8
.byte 0x3c, 0x00, 0x08, 0x00, 0x00, 0x00, 0x03, 0x00
.4byte gUnknown_83199F0
.byte 0x3d, 0x00, 0x05, 0x00, 0x00, 0x00, 0x02, 0x00
.4byte gUnknown_8319A38
.byte 0x3e, 0x00, 0x03, 0x00, 0x00, 0x00, 0x02, 0x00
.4byte gUnknown_8319A80
.byte 0x3f, 0x00, 0x05, 0x00, 0x00, 0x00, 0x02, 0x00
.4byte gUnknown_8319AC8
.byte 0x40, 0x00, 0x0b, 0x00, 0x00, 0x00, 0x03, 0x00
.4byte gUnknown_8319B10
.byte 0x41, 0x00, 0x0c, 0x00, 0x00, 0x00, 0x03, 0x00
.4byte gUnknown_8319B58
.byte 0x42, 0x00, 0x0a, 0x00
.byte 0x00, 0x00, 0x03, 0x00
.4byte gUnknown_8319BA0
.byte 0x43, 0x00, 0x0a, 0x00, 0x00, 0x00, 0x03, 0x00
.4byte gUnknown_8319BE8
.byte 0x44, 0x00, 0x0a, 0x00, 0x00, 0x00, 0x03, 0x00
.4byte gUnknown_8319C30
.byte 0x45, 0x00, 0x0a, 0x00, 0x00, 0x00, 0x03, 0x00
.4byte gUnknown_8319C78
.byte 0x46, 0x00, 0x0a, 0x00, 0x00, 0x00, 0x03, 0x00
.4byte gUnknown_8319CC0
.byte 0x47, 0x00, 0x0b, 0x00, 0x00, 0x00, 0x03, 0x00
.4byte gUnknown_8319D08
.byte 0x48, 0x00, 0x0a, 0x00, 0x00, 0x00, 0x03, 0x00
.4byte gUnknown_8319D50
.byte 0x49, 0x00, 0x05, 0x00, 0x00, 0x00, 0x03, 0x00
.4byte gUnknown_8319D98
.byte 0x4a, 0x00, 0x09, 0x00
.byte 0x00, 0x00, 0x03, 0x00
.4byte gUnknown_8319DE0
.byte 0x4b, 0x00, 0x09, 0x00, 0x00, 0x00, 0x03, 0x00
.4byte gUnknown_8319E28
.byte 0x4c, 0x00, 0x09, 0x00, 0x00, 0x00, 0x03, 0x00
.4byte gUnknown_8319E70
.byte 0x4d, 0x00, 0x0c, 0x00, 0x00, 0x00, 0x03, 0x00
.4byte gUnknown_8319EB8
.byte 0x4e, 0x00, 0x0a, 0x00, 0x00, 0x00, 0x03, 0x00
.4byte gUnknown_8319F00
.byte 0x4f, 0x00, 0x0b, 0x00, 0x00, 0x00, 0x03, 0x00
.4byte gUnknown_8319F48
.byte 0x50, 0x00, 0x0a, 0x00, 0x00, 0x00, 0x03, 0x00
.4byte gUnknown_8319F90
.byte 0x51, 0x00, 0x0b, 0x00, 0x00, 0x00, 0x03, 0x00
.4byte gUnknown_8319FD8
.byte 0x52, 0x00, 0x0b, 0x00
.byte 0x00, 0x00, 0x03, 0x00
.4byte gUnknown_831A020
.byte 0x53, 0x00, 0x0a, 0x00, 0x00, 0x00, 0x03, 0x00
.4byte gUnknown_831A068
.byte 0x54, 0x00, 0x09, 0x00, 0x00, 0x00, 0x03, 0x00
.4byte gUnknown_831A0B0
.byte 0x55, 0x00, 0x09, 0x00, 0x00, 0x00, 0x03, 0x00
.4byte gUnknown_831A0F8
.byte 0x56, 0x00, 0x0a, 0x00, 0x00, 0x00, 0x03, 0x00
.4byte gUnknown_831A140
.byte 0x57, 0x00, 0x0c, 0x00, 0x00, 0x00, 0x03, 0x00
.4byte gUnknown_831A188
.byte 0x58, 0x00, 0x0c, 0x00, 0x00, 0x00, 0x03, 0x00
.4byte gUnknown_831A1D0
.byte 0x59, 0x00, 0x0b, 0x00, 0x00, 0x00, 0x03, 0x00
.4byte gUnknown_831A218
.byte 0x5a, 0x00, 0x0a, 0x00
.byte 0x00, 0x00, 0x03, 0x00
.4byte gUnknown_831A260
.byte 0x5b, 0x00, 0x02, 0x00, 0x00, 0x00, 0x02, 0x00
.4byte gUnknown_831A2A8
.byte 0x5c, 0x00, 0x04, 0x00, 0x00, 0x00, 0x02, 0x00
.4byte gUnknown_831A2F0
.byte 0x5d, 0x00, 0x02, 0x00, 0x00, 0x00, 0x02, 0x00
.4byte gUnknown_831A338
.byte 0x5e, 0x00, 0x03, 0x00, 0x00, 0x00, 0x02, 0x00
.4byte gUnknown_831A380
.byte 0x5f, 0x00, 0x03, 0x00, 0x00, 0x00, 0x03, 0x00
.4byte gUnknown_831A3C8
.byte 0x60, 0x00, 0x06, 0x00, 0x00, 0x00, 0x03, 0x00
.4byte gUnknown_831A410
.byte 0x61, 0x00, 0x09, 0x00, 0x00, 0x00, 0x03, 0x00
.4byte gUnknown_831A458
.byte 0x62, 0x00, 0x09, 0x00
.byte 0x00, 0x00, 0x03, 0x00
.4byte gUnknown_831A4A0
.byte 0x63, 0x00, 0x09, 0x00, 0x00, 0x00, 0x03, 0x00
.4byte gUnknown_831A4E8
.byte 0x64, 0x00, 0x09, 0x00, 0x00, 0x00, 0x03, 0x00
.4byte gUnknown_831A530
.byte 0x65, 0x00, 0x09, 0x00, 0x00, 0x00, 0x03, 0x00
.4byte gUnknown_831A578
.byte 0x66, 0x00, 0x06, 0x00, 0x00, 0x00, 0x03, 0x00
.4byte gUnknown_831A5C0
.byte 0x67, 0x00, 0x08, 0x00, 0x00, 0x00, 0x03, 0x00
.4byte gUnknown_831A608
.byte 0x68, 0x00, 0x08, 0x00, 0x00, 0x00, 0x03, 0x00
.4byte gUnknown_831A650
.byte 0x69, 0x00, 0x03, 0x00, 0x00, 0x00, 0x03, 0x00
.4byte gUnknown_831A698
.byte 0x6a, 0x00, 0x05, 0x00
.byte 0x00, 0x00, 0x03, 0x00
.4byte gUnknown_831A6E0
.byte 0x6b, 0x00, 0x08, 0x00, 0x00, 0x00, 0x03, 0x00
.4byte gUnknown_831A728
.byte 0x6c, 0x00, 0x04, 0x00, 0x00, 0x00, 0x03, 0x00
.4byte gUnknown_831A770
.byte 0x6d, 0x00, 0x0b, 0x00, 0x00, 0x00, 0x03, 0x00
.4byte gUnknown_831A7B8
.byte 0x6e, 0x00, 0x08, 0x00, 0x00, 0x00, 0x03, 0x00
.4byte gUnknown_831A800
.byte 0x6f, 0x00, 0x09, 0x00, 0x00, 0x00, 0x03, 0x00
.4byte gUnknown_831A848
.byte 0x70, 0x00, 0x09, 0x00, 0x00, 0x00, 0x03, 0x00
.4byte gUnknown_831A890
.byte 0x71, 0x00, 0x09, 0x00, 0x00, 0x00, 0x03, 0x00
.4byte gUnknown_831A8D8
.byte 0x72, 0x00, 0x06, 0x00
.byte 0x00, 0x00, 0x03, 0x00
.4byte gUnknown_831A920
.byte 0x73, 0x00, 0x08, 0x00, 0x00, 0x00, 0x03, 0x00
.4byte gUnknown_831A968
.byte 0x74, 0x00, 0x06, 0x00, 0x00, 0x00, 0x03, 0x00
.4byte gUnknown_831A9B0
.byte 0x75, 0x00, 0x08, 0x00, 0x00, 0x00, 0x03, 0x00
.4byte gUnknown_831A9F8
.byte 0x76, 0x00, 0x08, 0x00, 0x00, 0x00, 0x03, 0x00
.4byte gUnknown_831AA40
.byte 0x77, 0x00, 0x0c, 0x00, 0x00, 0x00, 0x03, 0x00
.4byte gUnknown_831AA88
.byte 0x78, 0x00, 0x08, 0x00, 0x00, 0x00, 0x03, 0x00
.4byte gUnknown_831AAD0
.byte 0x79, 0x00, 0x0a, 0x00, 0x00, 0x00, 0x03, 0x00
.4byte gUnknown_831AB18
.byte 0x7a, 0x00, 0x07, 0x00
.byte 0x00, 0x00, 0x03, 0x00
.4byte gUnknown_831AB60
.byte 0x7b, 0x00, 0x03, 0x00, 0x00, 0x00, 0x02, 0x00
.4byte gUnknown_831ABA8
.byte 0x7c, 0x00, 0x02, 0x00, 0x00, 0x00, 0x02, 0x00
.4byte gUnknown_831ABF0
.byte 0x7d, 0x00, 0x03, 0x00, 0x00, 0x00, 0x02, 0x00
.4byte gUnknown_831AC38
.byte 0x7e, 0x00, 0x06, 0x00, 0x00, 0x00, 0x02, 0x00
.4byte gUnknown_831AC80
.byte 0x7f, 0x00, 0x02, 0x00, 0x00, 0x00, 0x02, 0x00
.4byte gUnknown_831ACC8
.byte 0x80, 0x00, 0x02, 0x00, 0x00, 0x00, 0x02, 0x00
.4byte gUnknown_831AD10
.byte 0x81, 0x00, 0x02, 0x00, 0x00, 0x00, 0x02, 0x00
.4byte gUnknown_831AD58
.byte 0x82, 0x00, 0x02, 0x00
.byte 0x00, 0x00, 0x02, 0x00
.4byte gUnknown_831ADA0
.byte 0x83, 0x00, 0x02, 0x00, 0x00, 0x00, 0x02, 0x00
.4byte gUnknown_831ADE8
.byte 0x84, 0x00, 0x02, 0x00, 0x00, 0x00, 0x02, 0x00
.4byte gUnknown_831AE30
.byte 0x85, 0x00, 0x02, 0x00, 0x00, 0x00, 0x02, 0x00
.4byte gUnknown_831AE78
.byte 0x86, 0x00, 0x02, 0x00, 0x00, 0x00, 0x02, 0x00
.4byte gUnknown_831AEC0
.byte 0x87, 0x00, 0x02, 0x00, 0x00, 0x00, 0x02, 0x00
.4byte gUnknown_831AF08
.byte 0x88, 0x00, 0x02, 0x00, 0x00, 0x00, 0x02, 0x00
.4byte gUnknown_831AF50
.byte 0x89, 0x00, 0x02, 0x00, 0x00, 0x00, 0x02, 0x00
.4byte gUnknown_831AF98
.byte 0x8a, 0x00, 0x02, 0x00
.byte 0x00, 0x00, 0x02, 0x00
.4byte gUnknown_831AFE0
.byte 0x8b, 0x00, 0x02, 0x00, 0x00, 0x00, 0x02, 0x00
.4byte gUnknown_831B028
.byte 0x8c, 0x00, 0x0c, 0x00, 0x00, 0x00, 0x03, 0x00
.4byte gUnknown_831B070
.byte 0x8d, 0x00, 0x02, 0x00, 0x00, 0x00, 0x02, 0x00
.4byte gUnknown_831B0B8
.byte 0x8e, 0x00, 0x02, 0x00, 0x00, 0x00, 0x02, 0x00
.4byte gUnknown_831B100
.byte 0x8f, 0x00, 0x02, 0x00, 0x00, 0x00, 0x02, 0x00
.4byte gUnknown_831B148
.byte 0x90, 0x00, 0x02, 0x00, 0x00, 0x00, 0x02, 0x00
.4byte gUnknown_831B190
.byte 0x91, 0x00, 0x02, 0x00, 0x00, 0x00, 0x02, 0x00
.4byte gUnknown_831B1D8
.byte 0x92, 0x00, 0x02, 0x00
.byte 0x00, 0x00, 0x02, 0x00
.4byte gUnknown_831B220
.byte 0x93, 0x00, 0x02, 0x00, 0x00, 0x00, 0x02, 0x00
.4byte gUnknown_831B268
.byte 0x94, 0x00, 0x02, 0x00, 0x00, 0x00, 0x02, 0x00
.4byte gUnknown_831B2B0
.byte 0x95, 0x00, 0x09, 0x00, 0x00, 0x00, 0x03, 0x00
.4byte gUnknown_831B2F8
.byte 0x96, 0x00, 0x02, 0x00, 0x00, 0x00, 0x02, 0x00
.4byte gUnknown_831B340
.byte 0x97, 0x00, 0x02, 0x00, 0x00, 0x00, 0x02, 0x00
.4byte gUnknown_831B388
.byte 0x98, 0x00, 0x02, 0x00, 0x00, 0x00, 0x02, 0x00
.4byte gUnknown_831B3D0
.byte 0x99, 0x00, 0x02, 0x00, 0x00, 0x00, 0x02, 0x00
.4byte gUnknown_831B418
.byte 0x9a, 0x00, 0x02, 0x00
.byte 0x00, 0x00, 0x03, 0x00
.4byte gUnknown_831B460
.byte 0x9b, 0x00, 0x02, 0x00, 0x00, 0x00, 0x02, 0x00
.4byte gUnknown_831B4A8
.byte 0x9c, 0x00, 0x0c, 0x00, 0x00, 0x00, 0x03, 0x00
.4byte gUnknown_831B4F0
.byte 0x9d, 0x00, 0x02, 0x00, 0x00, 0x00, 0x02, 0x00
.4byte gUnknown_831B538
.byte 0x9e, 0x00, 0x02, 0x00, 0x00, 0x00, 0x02, 0x00
.4byte gUnknown_831B580
.byte 0x9f, 0x00, 0x02, 0x00, 0x00, 0x00, 0x02, 0x00
.4byte gUnknown_831B5C8
.byte 0xa0, 0x00, 0x02, 0x00, 0x00, 0x00, 0x02, 0x00
.4byte gUnknown_831B610
.byte 0xa1, 0x00, 0x04, 0x00, 0x00, 0x00, 0x02, 0x00
.4byte gUnknown_831B658
.byte 0xa2, 0x00, 0x04, 0x00
.byte 0x00, 0x00, 0x02, 0x00
.4byte gUnknown_831B6A0
.byte 0xa3, 0x00, 0x04, 0x00, 0x00, 0x00, 0x02, 0x00
.4byte gUnknown_831B6E8
.byte 0xa4, 0x00, 0x03, 0x00, 0x00, 0x00, 0x02, 0x00
.4byte gUnknown_831B730
.byte 0xa5, 0x00, 0x03, 0x00, 0x00, 0x00, 0x02, 0x00
.4byte gUnknown_831B778
.byte 0xa6, 0x00, 0x05, 0x00, 0x00, 0x00, 0x02, 0x00
.4byte gUnknown_831B7C0
.byte 0xa7, 0x00, 0x05, 0x00, 0x00, 0x00, 0x02, 0x00
.4byte gUnknown_831B808
.byte 0xa8, 0x00, 0x04, 0x00, 0x00, 0x00, 0x02, 0x00
.4byte gUnknown_831B850
.byte 0xa9, 0x00, 0x05, 0x00, 0x00, 0x00, 0x02, 0x00
.4byte gUnknown_831B898
.byte 0xaa, 0x00, 0x04, 0x00
.byte 0x00, 0x00, 0x02, 0x00
.4byte gUnknown_831B8E0
.byte 0xab, 0x00, 0x05, 0x00, 0x00, 0x00, 0x02, 0x00
.4byte gUnknown_831B928
.byte 0xac, 0x00, 0x06, 0x00, 0x00, 0x00, 0x02, 0x00
.4byte gUnknown_831B970
.byte 0xad, 0x00, 0x05, 0x00, 0x00, 0x00, 0x02, 0x00
.4byte gUnknown_831B9B8
.byte 0xae, 0x00, 0x04, 0x00, 0x00, 0x00, 0x02, 0x00
.4byte gUnknown_831BA00
.byte 0xaf, 0x00, 0x06, 0x00, 0x00, 0x00, 0x02, 0x00
.4byte gUnknown_831BA48
.byte 0xb0, 0x00, 0x05, 0x00, 0x00, 0x00, 0x02, 0x00
.4byte gUnknown_831BA90
.byte 0xb1, 0x00, 0x06, 0x00, 0x00, 0x00, 0x02, 0x00
.4byte gUnknown_831BAD8
.byte 0xb2, 0x00, 0x06, 0x00
.byte 0x00, 0x00, 0x02, 0x00
.4byte gUnknown_831BB20
.byte 0xb3, 0x00, 0x06, 0x00, 0x00, 0x00, 0x02, 0x00
.4byte gUnknown_831BB68
.byte 0xb4, 0x00, 0x06, 0x00, 0x00, 0x00, 0x02, 0x00
.4byte gUnknown_831BBB0
.byte 0xb5, 0x00, 0x06, 0x00, 0x00, 0x00, 0x02, 0x00
.4byte gUnknown_831BBF8
.byte 0xb6, 0x00, 0x06, 0x00, 0x00, 0x00, 0x02, 0x00
.4byte gUnknown_831BC40
.byte 0xb7, 0x00, 0x06, 0x00, 0x00, 0x00, 0x02, 0x00
.4byte gUnknown_831BC88
.byte 0xb8, 0x00, 0x06, 0x00, 0x00, 0x00, 0x02, 0x00
.4byte gUnknown_831BCD0
.byte 0xb9, 0x00, 0x06, 0x00, 0x00, 0x00, 0x02, 0x00
.4byte gUnknown_831BD18
.byte 0xba, 0x00, 0x06, 0x00
.byte 0x00, 0x00, 0x02, 0x00
.4byte gUnknown_831BD60
.byte 0xbb, 0x00, 0x06, 0x00, 0x00, 0x00, 0x02, 0x00
.4byte gUnknown_831BDA8
.byte 0xbc, 0x00, 0x02, 0x00, 0x00, 0x00, 0x03, 0x00
.4byte gUnknown_831BDF0
.byte 0xbd, 0x00, 0x06, 0x00, 0x00, 0x00, 0x02, 0x00
.4byte gUnknown_831BE38
.byte 0xbe, 0x00, 0x06, 0x00, 0x00, 0x00, 0x02, 0x00
.4byte gUnknown_831BE80
.byte 0xbf, 0x00, 0x06, 0x00, 0x00, 0x00, 0x02, 0x00
.4byte gUnknown_831BEC8
.byte 0xc0, 0x00, 0x0c, 0x00, 0x00, 0x00, 0x03, 0x00
.4byte gUnknown_831BF10
.byte 0xc1, 0x00, 0x0c, 0x00, 0x00, 0x00, 0x03, 0x00
.4byte gUnknown_831BF58
.byte 0xc2, 0x00, 0x0c, 0x00
.byte 0x00, 0x00, 0x03, 0x00
.4byte gUnknown_831BFA0
.byte 0xc3, 0x00, 0x06, 0x00, 0x00, 0x00, 0x02, 0x00
.4byte gUnknown_831BFE8
.byte 0xc4, 0x00, 0x0c, 0x00, 0x00, 0x00, 0x03, 0x00
.4byte gUnknown_831C030
.byte 0xc5, 0x00, 0x06, 0x00, 0x00, 0x00, 0x02, 0x00
.4byte gUnknown_831C078
.byte 0xc6, 0x00, 0x06, 0x00, 0x00, 0x00, 0x02, 0x00
.4byte gUnknown_831C0C0
.byte 0xc7, 0x00, 0x0a, 0x00, 0x00, 0x00, 0x03, 0x00
.4byte gUnknown_831C108
.byte 0xc8, 0x00, 0x0a, 0x00, 0x00, 0x00, 0x03, 0x00
.4byte gUnknown_831C150
.byte 0xc9, 0x00, 0x0a, 0x00, 0x00, 0x00, 0x03, 0x00
.4byte gUnknown_831C198
.byte 0xca, 0x00, 0x0a, 0x00
.byte 0x00, 0x00, 0x03, 0x00
.4byte gUnknown_831C1E0
.byte 0xcb, 0x00, 0x0a, 0x00, 0x00, 0x00, 0x03, 0x00
.4byte gUnknown_831C228
.byte 0xcc, 0x00, 0x06, 0x00, 0x00, 0x00, 0x03, 0x00
.4byte gUnknown_831C270
.byte 0xcd, 0x00, 0x06, 0x00, 0x00, 0x00, 0x03, 0x00
.4byte gUnknown_831C2B8
.byte 0xce, 0x00, 0x06, 0x00, 0x00, 0x00, 0x03, 0x00
.4byte gUnknown_831C300
.byte 0xcf, 0x00, 0x06, 0x00, 0x00, 0x00, 0x03, 0x00
.4byte gUnknown_831C348
.byte 0xd0, 0x00, 0x06, 0x00, 0x00, 0x00, 0x02, 0x00
.4byte gUnknown_831C390
.byte 0xd1, 0x00, 0x0a, 0x00, 0x00, 0x00, 0x03, 0x00
.4byte gUnknown_831C3D8
.byte 0xd2, 0x00, 0x0b, 0x00
.byte 0x00, 0x00, 0x03, 0x00
.4byte gUnknown_831C420
.byte 0xd3, 0x00, 0x0b, 0x00, 0x00, 0x00, 0x03, 0x00
.4byte gUnknown_831C468
.byte 0xd4, 0x00, 0x0a, 0x00, 0x00, 0x00, 0x03, 0x00
.4byte gUnknown_831C4B0
.byte 0xd5, 0x00, 0x06, 0x00, 0x00, 0x00, 0x02, 0x00
.4byte gUnknown_831C4F8
.byte 0xd6, 0x00, 0x0a, 0x00, 0x00, 0x00, 0x03, 0x00
.4byte gUnknown_831C540
.byte 0xd7, 0x00, 0x06, 0x00, 0x00, 0x00, 0x02, 0x00
.4byte gUnknown_831C588
.byte 0xd8, 0x00, 0x06, 0x00, 0x00, 0x00, 0x02, 0x00
.4byte gUnknown_831C5D0
.byte 0xd9, 0x00, 0x09, 0x00, 0x00, 0x00, 0x03, 0x00
.4byte gUnknown_831C618
.byte 0xda, 0x00, 0x09, 0x00
.byte 0x00, 0x00, 0x03, 0x00
.4byte gUnknown_831C660
.byte 0xdb, 0x00, 0x09, 0x00, 0x00, 0x00, 0x03, 0x00
.4byte gUnknown_831C6A8
.byte 0xdc, 0x00, 0x09, 0x00, 0x00, 0x00, 0x03, 0x00
.4byte gUnknown_831C6F0
.byte 0xdd, 0x00, 0x06, 0x00, 0x00, 0x00, 0x02, 0x00
.4byte gUnknown_831C738
.byte 0xde, 0x00, 0x05, 0x00, 0x00, 0x00, 0x02, 0x00
.4byte gUnknown_831C780
.byte 0xdf, 0x00, 0x05, 0x00, 0x00, 0x00, 0x02, 0x00
.4byte gUnknown_831C7C8
.byte 0xe0, 0x00, 0x08, 0x00, 0x00, 0x00, 0x03, 0x00
.4byte gUnknown_831C810
.byte 0xe1, 0x00, 0x08, 0x00, 0x00, 0x00, 0x03, 0x00
.4byte gUnknown_831C858
.byte 0xe2, 0x00, 0x08, 0x00
.byte 0x00, 0x00, 0x03, 0x00
.4byte gUnknown_831C8A0
.byte 0xe3, 0x00, 0x02, 0x00, 0x00, 0x00, 0x02, 0x00
.4byte gUnknown_831C8E8
.byte 0xe4, 0x00, 0x08, 0x00, 0x00, 0x00, 0x03, 0x00
.4byte gUnknown_831C930
.byte 0xe5, 0x00, 0x02, 0x00, 0x00, 0x00, 0x02, 0x00
.4byte gUnknown_831C978
.byte 0xe6, 0x00, 0x02, 0x00, 0x00, 0x00, 0x02, 0x00
.4byte gUnknown_831C9C0
.byte 0xe7, 0x00, 0x09, 0x00, 0x00, 0x00, 0x03, 0x00
.4byte gUnknown_831CA08
.byte 0xe8, 0x00, 0x09, 0x00, 0x00, 0x00, 0x03, 0x00
.4byte gUnknown_831CA50
.byte 0xe9, 0x00, 0x09, 0x00, 0x00, 0x00, 0x03, 0x00
.4byte gUnknown_831CA98
.byte 0xea, 0x00, 0x09, 0x00
.byte 0x00, 0x00, 0x03, 0x00
.4byte gUnknown_831CAE0
.byte 0xeb, 0x00, 0x09, 0x00, 0x00, 0x00, 0x03, 0x00
.4byte gUnknown_831CB28
.byte 0xec, 0x00, 0x02, 0x00, 0x00, 0x00, 0x02, 0x00
.4byte gUnknown_831CB70
.byte 0xed, 0x00, 0x02, 0x00, 0x00, 0x00, 0x02, 0x00
.4byte gUnknown_831CBB8
.byte 0xee, 0x00, 0x02, 0x00, 0x00, 0x00, 0x02, 0x00
.4byte gUnknown_831CC00
.byte 0xef, 0x00, 0x02, 0x00, 0x00, 0x00, 0x02, 0x00
.4byte gUnknown_831CC48
.byte 0xf0, 0x00, 0x02, 0x00, 0x00, 0x00, 0x02, 0x00
.4byte gUnknown_831CC90
.byte 0xf1, 0x00, 0x08, 0x00, 0x00, 0x00, 0x03, 0x00
.4byte gUnknown_831CCD8
.byte 0xf2, 0x00, 0x09, 0x00
.byte 0x00, 0x00, 0x03, 0x00
.4byte gUnknown_831CD20
.byte 0xf3, 0x00, 0x09, 0x00, 0x00, 0x00, 0x03, 0x00
.4byte gUnknown_831CD68
.byte 0xf4, 0x00, 0x09, 0x00, 0x00, 0x00, 0x03, 0x00
.4byte gUnknown_831CDB0
.byte 0xf5, 0x00, 0x02, 0x00, 0x00, 0x00, 0x02, 0x00
.4byte gUnknown_831CDF8
.byte 0xf6, 0x00, 0x09, 0x00, 0x00, 0x00, 0x03, 0x00
.4byte gUnknown_831CE40
.byte 0xf7, 0x00, 0x02, 0x00, 0x00, 0x00, 0x02, 0x00
.4byte gUnknown_831CE88
.byte 0xf8, 0x00, 0x02, 0x00, 0x00, 0x00, 0x02, 0x00
.4byte gUnknown_831CED0
.byte 0xf9, 0x00, 0x08, 0x00, 0x00, 0x00, 0x03, 0x00
.4byte gUnknown_831CF18
.byte 0xfa, 0x00, 0x08, 0x00
.byte 0x00, 0x00, 0x03, 0x00
.4byte gUnknown_831CF60
.byte 0xfb, 0x00, 0x08, 0x00, 0x00, 0x00, 0x03, 0x00
.4byte gUnknown_831CFA8
.byte 0xfc, 0x00, 0x08, 0x00, 0x00, 0x00, 0x03, 0x00
.4byte gUnknown_831CFF0
.byte 0xfd, 0x00, 0x02, 0x00, 0x00, 0x00, 0x02, 0x00
.4byte gUnknown_831D038
.byte 0xfe, 0x00, 0x02, 0x00, 0x00, 0x00, 0x02, 0x00
.4byte gUnknown_831D080
.byte 0xff, 0x00, 0x02, 0x00, 0x00, 0x00, 0x02, 0x00
.4byte gUnknown_831D0C8
.byte 0x40, 0x81, 0x06, 0x00, 0x00, 0x00, 0x02, 0x00
.4byte gUnknown_831D110
.byte 0x41, 0x81, 0x03, 0x00, 0x00, 0x00, 0x02, 0x00
.4byte gUnknown_831D158
.byte 0x43, 0x81, 0x04, 0x00
.byte 0x00, 0x00, 0x02, 0x00
.4byte gUnknown_831D1A0
.byte 0x44, 0x81, 0x04, 0x00, 0x00, 0x00, 0x02, 0x00
.4byte gUnknown_831D1E8
.byte 0x45, 0x81, 0x09, 0x00, 0x00, 0x00, 0x03, 0x00
.4byte gUnknown_831D230
.byte 0x5b, 0x81, 0x07, 0x00, 0x00, 0x00, 0x02, 0x00
.4byte gUnknown_831D278
.byte 0x99, 0x81, 0x09, 0x00, 0x00, 0x00, 0x03, 0x00
.global gUnknown_831DD94
gUnknown_831DD94:
.byte 0xe7, 0x00, 0x00, 0x00, 0xc0, 0xd2, 0x31, 0x08


@ SIRO Header for Main Pokemon Data
.global gUnknown_8357B88
gUnknown_8357B88:
.string "SIRO"
.4byte gUnknown_8357B98
.byte 0x00, 0x00, 0x00, 0x00
.byte 0x00, 0x00, 0x00, 0x00

@ Address 0x357b98
.global gUnknown_8357B98
gUnknown_8357B98:
#include "monster/monster_data.inc"

@ Address 0x35f2d8
#include "monster/monster_names.s"

.global gUnknown_8360BF4
gUnknown_8360BF4:
.string "SIRO"
.4byte gUnknown_8373338
.byte 0x00, 0x00, 0x00, 0x00
.byte 0x00, 0x00, 0x00, 0x00, 0x00, 0x00

@ Address 0x360c06
#include "monster/learnset/learnset_data.inc"

.global gUnknown_836791E
gUnknown_836791E:
.byte 0x00
.global gUnknown_836791F
gUnknown_836791F:
.byte 0x82
.byte 0x68, 0x83, 0x0a, 0x00
.global gUnknown_8367924
gUnknown_8367924:
.byte 0x00
.global gUnknown_8367925
gUnknown_8367925:
.byte 0x82, 0x60, 0x82, 0x63, 0x82, 0x64, 0x82, 0x65, 0x82, 0x66, 0x82, 0x67, 0x82, 0x68, 0x82, 0x69, 0x82, 0x6a, 0x82, 0x6b, 0x82, 0x6c, 0x82, 0x6d, 0x82, 0x6e, 0x82
.byte 0x6f, 0x82, 0x70, 0x82, 0x71, 0x82, 0x72, 0x82, 0x73, 0x82, 0x74, 0x82, 0x75, 0x82, 0x76, 0x82, 0x77, 0x82, 0x78, 0x82, 0x79, 0x82, 0x7a, 0x82, 0x7b, 0x82, 0x7c, 0x82, 0x7d, 0x82, 0x7e, 0x82
.byte 0x7f, 0x83, 0x00, 0x83, 0x01, 0x83, 0x02, 0x83, 0x03, 0x83, 0x04, 0x83, 0x05, 0x83, 0x06, 0x83, 0x07, 0x83, 0x08, 0x83, 0x09, 0x83, 0x0a, 0x83, 0x0b, 0x83, 0x0c, 0x83, 0x0d, 0x83, 0x0e, 0x83
.byte 0x0f, 0x83, 0x10, 0x83, 0x11, 0x83, 0x12, 0x83, 0x13, 0x83, 0x14, 0x83, 0x15, 0x83, 0x16, 0x83, 0x17, 0x83, 0x18, 0x83, 0x19, 0x83, 0x1a, 0x83, 0x1b, 0x83, 0x1c, 0x00
.global gUnknown_836799C
gUnknown_836799C:
.byte 0x00
.global gUnknown_836799D
gUnknown_836799D:
.byte 0x00
.global gUnknown_836799E
gUnknown_836799E:
.byte 0x00
.global gUnknown_836799F
gUnknown_836799F:
.byte 0x00

@ Address 0x3679a0
.global gUnknown_83679A0
gUnknown_83679A0:
#include "move/move_data.inc"

@ Address 0x36b3b4
#include "move/move_names.s"

@ Address 0x3725f8
.global gUnknown_83725F8
gUnknown_83725F8:
#include "monster/learnset/learnset_ptrs.s"

.4byte gUnknown_836791E
.4byte gUnknown_836791F
.4byte gUnknown_8367924
.4byte gUnknown_8367925
.4byte gUnknown_836799C
.4byte gUnknown_836799D
.4byte gUnknown_836799E
.4byte gUnknown_836799F
.global gUnknown_8373338
gUnknown_8373338:
.4byte gUnknown_83679A0
.4byte gUnknown_83725F8

.global lvmpData
lvmpData:
.string "SIRO"
.4byte lvmpDataBlob
.byte 0x00, 0x00, 0x00, 0x00
.byte 0x00, 0x00, 0x00, 0x00

@ Address 0x357b98
.global lvmpDataBlob
lvmpDataBlob:
#include "monster/lvmap_data.inc"
